img1,img2,distance
..\image_labeling\data\labeled\damaged\frames_98836109dc6c_img3.jpg,..\image_labeling\data\labeled\intact\frames_ed7836383cdb_img3.jpg,0
..\image_labeling\data\labeled\damaged\frames_9ecec44df5c0_img3.jpg,..\image_labeling\data\labeled\intact\frames_2c77b2c954f9_img3.jpg,10
..\image_labeling\data\labeled\damaged\raw_media_17d8753c70c0_img2.jpg,..\image_labeling\data\labeled\damaged\raw_media_d5a94d9420d3_img2.jpg,0
..\image_labeling\data\labeled\damaged\raw_media_1db3d57efaab_img2.jpg,..\image_labeling\data\labeled\damaged\raw_media_d69125e0226e_img2.jpg,0
..\image_labeling\data\labeled\damaged\raw_media_98836109dc6c_img2.jpg,..\image_labeling\data\labeled\damaged\raw_media_ed7836383cdb_img2.jpg,0
..\image_labeling\data\labeled\damaged\raw_media_9ecec44df5c0_img2.jpg,..\image_labeling\data\labeled\intact\raw_media_2c77b2c954f9_img2.jpg,0
..\image_labeling\data\labeled\damaged\raw_media_9ecec44df5c0_img3.jpg,..\image_labeling\data\labeled\intact\raw_media_2c77b2c954f9_img3.jpg,0
..\image_labeling\data\labeled\damaged\raw_media_d6e5598ca20d_img1.jpg,..\image_labeling\data\labeled\damaged\raw_media_d6e5598ca20d_img2.jpg,2
..\image_labeling\data\labeled\damaged\raw_media_d6e5598ca20d_img1.jpg,..\image_labeling\data\labeled\irrelevant\raw_media_42e0183f69f8_img1.jpg,10
..\image_labeling\data\labeled\damaged\raw_media_d6e5598ca20d_img1.jpg,..\image_labeling\data\labeled\irrelevant\raw_media_42e0183f69f8_img2.jpg,10
..\image_labeling\data\labeled\damaged\raw_media_d6e5598ca20d_img2.jpg,..\image_labeling\data\labeled\irrelevant\raw_media_42e0183f69f8_img1.jpg,10
..\image_labeling\data\labeled\damaged\raw_media_d6e5598ca20d_img2.jpg,..\image_labeling\data\labeled\irrelevant\raw_media_42e0183f69f8_img2.jpg,10
..\image_labeling\data\labeled\intact\frames_0008c1a0f90f_img1.jpg,..\image_labeling\data\labeled\intact\frames_0008c1a0f90f_img2.jpg,6
..\image_labeling\data\labeled\intact\frames_005a7384ab6b_img1.jpg,..\image_labeling\data\labeled\intact\frames_005a7384ab6b_img2.jpg,6
..\image_labeling\data\labeled\intact\frames_005a7384ab6b_img2.jpg,..\image_labeling\data\labeled\intact\frames_005a7384ab6b_img3.jpg,6
..\image_labeling\data\labeled\intact\frames_0351186e7004_img2.jpg,..\image_labeling\data\labeled\intact\frames_0351186e7004_img3.jpg,8
..\image_labeling\data\labeled\intact\frames_038caccd80e2_img1.jpg,..\image_labeling\data\labeled\intact\frames_038caccd80e2_img2.jpg,4
..\image_labeling\data\labeled\intact\frames_038caccd80e2_img1.jpg,..\image_labeling\data\labeled\intact\frames_038caccd80e2_img3.jpg,6
..\image_labeling\data\labeled\intact\frames_038caccd80e2_img2.jpg,..\image_labeling\data\labeled\intact\frames_038caccd80e2_img3.jpg,2
..\image_labeling\data\labeled\intact\frames_04a4ba0aae56_img1.jpg,..\image_labeling\data\labeled\intact\frames_04a4ba0aae56_img2.jpg,4
..\image_labeling\data\labeled\intact\frames_04a4ba0aae56_img1.jpg,..\image_labeling\data\labeled\intact\frames_04a4ba0aae56_img3.jpg,4
..\image_labeling\data\labeled\intact\frames_04a4ba0aae56_img2.jpg,..\image_labeling\data\labeled\intact\frames_04a4ba0aae56_img3.jpg,0
..\image_labeling\data\labeled\intact\frames_05d5d1ea890d_img1.jpg,..\image_labeling\data\labeled\intact\frames_05d5d1ea890d_img2.jpg,0
..\image_labeling\data\labeled\intact\frames_05d5d1ea890d_img1.jpg,..\image_labeling\data\labeled\intact\frames_05d5d1ea890d_img3.jpg,0
..\image_labeling\data\labeled\intact\frames_05d5d1ea890d_img2.jpg,..\image_labeling\data\labeled\intact\frames_05d5d1ea890d_img3.jpg,0
..\image_labeling\data\labeled\intact\frames_05ded1982355_img2.jpg,..\image_labeling\data\labeled\intact\frames_e3a21c37121f_img2.jpg,10
..\image_labeling\data\labeled\intact\frames_0696864ab49a_img1.jpg,..\image_labeling\data\labeled\intact\frames_b11cde9827d0_img1.jpg,8
..\image_labeling\data\labeled\intact\frames_0696864ab49a_img3.jpg,..\image_labeling\data\labeled\intact\frames_b11cde9827d0_img2.jpg,8
..\image_labeling\data\labeled\intact\frames_0696864ab49a_img3.jpg,..\image_labeling\data\labeled\intact\frames_b11cde9827d0_img3.jpg,2
..\image_labeling\data\labeled\intact\frames_07e7b73561b2_img2.jpg,..\image_labeling\data\labeled\intact\frames_07e7b73561b2_img3.jpg,6
..\image_labeling\data\labeled\intact\frames_0882a46321f1_img3.jpg,..\image_labeling\data\labeled\intact\frames_8aeb9403ebac_img3.jpg,10
..\image_labeling\data\labeled\intact\frames_08a447fb3f9c_img1.jpg,..\image_labeling\data\labeled\intact\frames_08a447fb3f9c_img2.jpg,0
..\image_labeling\data\labeled\intact\frames_08a447fb3f9c_img1.jpg,..\image_labeling\data\labeled\intact\frames_08a447fb3f9c_img3.jpg,4
..\image_labeling\data\labeled\intact\frames_08a447fb3f9c_img2.jpg,..\image_labeling\data\labeled\intact\frames_08a447fb3f9c_img3.jpg,4
..\image_labeling\data\labeled\intact\frames_08a88c046506_img1.jpg,..\image_labeling\data\labeled\intact\frames_fd0f3c8d5761_img1.jpg,6
..\image_labeling\data\labeled\intact\frames_08a88c046506_img1.jpg,..\image_labeling\data\labeled\intact\frames_fd0f3c8d5761_img2.jpg,8
..\image_labeling\data\labeled\intact\frames_08a88c046506_img2.jpg,..\image_labeling\data\labeled\intact\frames_08a88c046506_img3.jpg,4
..\image_labeling\data\labeled\intact\frames_08a88c046506_img2.jpg,..\image_labeling\data\labeled\intact\frames_fd0f3c8d5761_img2.jpg,10
..\image_labeling\data\labeled\intact\frames_08a88c046506_img3.jpg,..\image_labeling\data\labeled\intact\frames_fd0f3c8d5761_img2.jpg,8
..\image_labeling\data\labeled\intact\frames_0adf10ea7e87_img1.jpg,..\image_labeling\data\labeled\intact\frames_0adf10ea7e87_img2.jpg,8
..\image_labeling\data\labeled\intact\frames_0adf10ea7e87_img1.jpg,..\image_labeling\data\labeled\intact\frames_0adf10ea7e87_img3.jpg,8
..\image_labeling\data\labeled\intact\frames_0adf10ea7e87_img2.jpg,..\image_labeling\data\labeled\intact\frames_0adf10ea7e87_img3.jpg,2
..\image_labeling\data\labeled\intact\frames_0adf10ea7e87_img2.jpg,..\image_labeling\data\labeled\intact\raw_media_0adf10ea7e87_img2.jpg,10
..\image_labeling\data\labeled\intact\frames_0bc1b46a227f_img3.jpg,..\image_labeling\data\labeled\intact\frames_4063b5b634db_img3.jpg,8
..\image_labeling\data\labeled\intact\frames_0d6b98ef35d4_img2.jpg,..\image_labeling\data\labeled\intact\frames_6c1b51c0b3b7_img1.jpg,4
..\image_labeling\data\labeled\intact\frames_0d6b98ef35d4_img3.jpg,..\image_labeling\data\labeled\intact\frames_6c1b51c0b3b7_img2.jpg,8
..\image_labeling\data\labeled\intact\frames_0d6b98ef35d4_img3.jpg,..\image_labeling\data\labeled\intact\frames_6c1b51c0b3b7_img3.jpg,8
..\image_labeling\data\labeled\intact\frames_0e185f27af6e_img1.jpg,..\image_labeling\data\labeled\intact\frames_0e185f27af6e_img2.jpg,4
..\image_labeling\data\labeled\intact\frames_0e185f27af6e_img1.jpg,..\image_labeling\data\labeled\intact\frames_0e185f27af6e_img3.jpg,4
..\image_labeling\data\labeled\intact\frames_0e185f27af6e_img2.jpg,..\image_labeling\data\labeled\intact\frames_0e185f27af6e_img3.jpg,4
..\image_labeling\data\labeled\intact\frames_0ea5f9deb418_img1.jpg,..\image_labeling\data\labeled\intact\frames_0ea5f9deb418_img2.jpg,2
..\image_labeling\data\labeled\intact\frames_0ea5f9deb418_img1.jpg,..\image_labeling\data\labeled\intact\frames_0ea5f9deb418_img3.jpg,10
..\image_labeling\data\labeled\intact\frames_0ea5f9deb418_img1.jpg,..\image_labeling\data\labeled\intact\frames_b5e4509d64c2_img1.jpg,4
..\image_labeling\data\labeled\intact\frames_0ea5f9deb418_img1.jpg,..\image_labeling\data\labeled\intact\frames_b5e4509d64c2_img2.jpg,10
..\image_labeling\data\labeled\intact\frames_0ea5f9deb418_img1.jpg,..\image_labeling\data\labeled\intact\frames_b5e4509d64c2_img3.jpg,10
..\image_labeling\data\labeled\intact\frames_0ea5f9deb418_img2.jpg,..\image_labeling\data\labeled\intact\frames_0ea5f9deb418_img3.jpg,10
..\image_labeling\data\labeled\intact\frames_0ea5f9deb418_img2.jpg,..\image_labeling\data\labeled\intact\frames_b5e4509d64c2_img1.jpg,2
..\image_labeling\data\labeled\intact\frames_0ea5f9deb418_img2.jpg,..\image_labeling\data\labeled\intact\frames_b5e4509d64c2_img2.jpg,8
..\image_labeling\data\labeled\intact\frames_0ea5f9deb418_img2.jpg,..\image_labeling\data\labeled\intact\frames_b5e4509d64c2_img3.jpg,10
..\image_labeling\data\labeled\intact\frames_0ea5f9deb418_img3.jpg,..\image_labeling\data\labeled\intact\frames_b5e4509d64c2_img3.jpg,2
..\image_labeling\data\labeled\intact\frames_0ec51809a96b_img2.jpg,..\image_labeling\data\labeled\intact\frames_0ec51809a96b_img3.jpg,6
..\image_labeling\data\labeled\intact\frames_12d6014c4012_img1.jpg,..\image_labeling\data\labeled\intact\frames_b5a52ba0224e_img3.jpg,8
..\image_labeling\data\labeled\intact\frames_13561c8f6068_img1.jpg,..\image_labeling\data\labeled\intact\frames_13561c8f6068_img2.jpg,4
..\image_labeling\data\labeled\intact\frames_13561c8f6068_img1.jpg,..\image_labeling\data\labeled\intact\frames_13561c8f6068_img3.jpg,10
..\image_labeling\data\labeled\intact\frames_13561c8f6068_img2.jpg,..\image_labeling\data\labeled\intact\frames_13561c8f6068_img3.jpg,10
..\image_labeling\data\labeled\intact\frames_141c04256b2b_img2.jpg,..\image_labeling\data\labeled\intact\frames_141c04256b2b_img3.jpg,2
..\image_labeling\data\labeled\intact\frames_160221c475fc_img1.jpg,..\image_labeling\data\labeled\intact\frames_2cdc63c500f2_img1.jpg,0
..\image_labeling\data\labeled\intact\frames_160221c475fc_img1.jpg,..\image_labeling\data\labeled\intact\frames_2cdc63c500f2_img2.jpg,6
..\image_labeling\data\labeled\intact\frames_1768e992ae9d_img3.jpg,..\image_labeling\data\labeled\intact\frames_1d93c5a217a1_img3.jpg,8
..\image_labeling\data\labeled\intact\frames_1768e992ae9d_img3.jpg,..\image_labeling\data\labeled\intact\frames_fe2800b9ff19_img2.jpg,6
..\image_labeling\data\labeled\intact\frames_181a3623ca19_img2.jpg,..\image_labeling\data\labeled\intact\frames_181a3623ca19_img3.jpg,0
..\image_labeling\data\labeled\intact\frames_188cc75dac8e_img1.jpg,..\image_labeling\data\labeled\intact\frames_188cc75dac8e_img2.jpg,0
..\image_labeling\data\labeled\intact\frames_188cc75dac8e_img1.jpg,..\image_labeling\data\labeled\intact\frames_188cc75dac8e_img3.jpg,0
..\image_labeling\data\labeled\intact\frames_188cc75dac8e_img1.jpg,..\image_labeling\data\labeled\irrelevant\raw_media_debc85f516ea_img1.jpg,10
..\image_labeling\data\labeled\intact\frames_188cc75dac8e_img2.jpg,..\image_labeling\data\labeled\intact\frames_188cc75dac8e_img3.jpg,0
..\image_labeling\data\labeled\intact\frames_188cc75dac8e_img2.jpg,..\image_labeling\data\labeled\irrelevant\raw_media_debc85f516ea_img1.jpg,10
..\image_labeling\data\labeled\intact\frames_188cc75dac8e_img3.jpg,..\image_labeling\data\labeled\irrelevant\raw_media_debc85f516ea_img1.jpg,10
..\image_labeling\data\labeled\intact\frames_1921916a2be6_img1.jpg,..\image_labeling\data\labeled\intact\frames_1921916a2be6_img2.jpg,2
..\image_labeling\data\labeled\intact\frames_1921916a2be6_img1.jpg,..\image_labeling\data\labeled\intact\frames_1921916a2be6_img3.jpg,2
..\image_labeling\data\labeled\intact\frames_1921916a2be6_img2.jpg,..\image_labeling\data\labeled\intact\frames_1921916a2be6_img3.jpg,0
..\image_labeling\data\labeled\intact\frames_1ab51d425528_img1.jpg,..\image_labeling\data\labeled\intact\frames_a21be65b0bde_img2.jpg,6
..\image_labeling\data\labeled\intact\frames_1bf43b7de0dd_img1.jpg,..\image_labeling\data\labeled\intact\frames_1bf43b7de0dd_img2.jpg,2
..\image_labeling\data\labeled\intact\frames_1bf43b7de0dd_img1.jpg,..\image_labeling\data\labeled\intact\frames_1bf43b7de0dd_img3.jpg,4
..\image_labeling\data\labeled\intact\frames_1bf43b7de0dd_img2.jpg,..\image_labeling\data\labeled\intact\frames_1bf43b7de0dd_img3.jpg,4
..\image_labeling\data\labeled\intact\frames_1c179eaba397_img1.jpg,..\image_labeling\data\labeled\intact\frames_1c179eaba397_img2.jpg,2
..\image_labeling\data\labeled\intact\frames_1c179eaba397_img1.jpg,..\image_labeling\data\labeled\intact\frames_1c179eaba397_img3.jpg,6
..\image_labeling\data\labeled\intact\frames_1c179eaba397_img2.jpg,..\image_labeling\data\labeled\intact\frames_1c179eaba397_img3.jpg,4
..\image_labeling\data\labeled\intact\frames_1d1e59be7866_img2.jpg,..\image_labeling\data\labeled\intact\frames_1d1e59be7866_img3.jpg,0
..\image_labeling\data\labeled\intact\frames_1d93c5a217a1_img1.jpg,..\image_labeling\data\labeled\intact\frames_82591688e55e_img1.jpg,8
..\image_labeling\data\labeled\intact\frames_1d93c5a217a1_img2.jpg,..\image_labeling\data\labeled\intact\frames_fe2800b9ff19_img1.jpg,4
..\image_labeling\data\labeled\intact\frames_1d93c5a217a1_img3.jpg,..\image_labeling\data\labeled\intact\frames_fe2800b9ff19_img2.jpg,8
..\image_labeling\data\labeled\intact\frames_1db12b3db0db_img1.jpg,..\image_labeling\data\labeled\intact\frames_1db12b3db0db_img2.jpg,6
..\image_labeling\data\labeled\intact\frames_1db12b3db0db_img1.jpg,..\image_labeling\data\labeled\intact\frames_1db12b3db0db_img3.jpg,6
..\image_labeling\data\labeled\intact\frames_1db12b3db0db_img2.jpg,..\image_labeling\data\labeled\intact\frames_1db12b3db0db_img3.jpg,0
..\image_labeling\data\labeled\intact\frames_1e10429da284_img1.jpg,..\image_labeling\data\labeled\intact\frames_1e10429da284_img2.jpg,8
..\image_labeling\data\labeled\intact\frames_207bd749e9a4_img1.jpg,..\image_labeling\data\labeled\intact\frames_207bd749e9a4_img2.jpg,4
..\image_labeling\data\labeled\intact\frames_207bd749e9a4_img1.jpg,..\image_labeling\data\labeled\intact\frames_207bd749e9a4_img3.jpg,6
..\image_labeling\data\labeled\intact\frames_207bd749e9a4_img2.jpg,..\image_labeling\data\labeled\intact\frames_207bd749e9a4_img3.jpg,2
..\image_labeling\data\labeled\intact\frames_20db440815a3_img1.jpg,..\image_labeling\data\labeled\intact\frames_20db440815a3_img2.jpg,10
..\image_labeling\data\labeled\intact\frames_22d205ac43c5_img1.jpg,..\image_labeling\data\labeled\intact\frames_22d205ac43c5_img2.jpg,4
..\image_labeling\data\labeled\intact\frames_22d205ac43c5_img1.jpg,..\image_labeling\data\labeled\intact\frames_22d205ac43c5_img3.jpg,8
..\image_labeling\data\labeled\intact\frames_22d205ac43c5_img2.jpg,..\image_labeling\data\labeled\intact\frames_22d205ac43c5_img3.jpg,10
..\image_labeling\data\labeled\intact\frames_234f3c352e79_img1.jpg,..\image_labeling\data\labeled\intact\frames_234f3c352e79_img2.jpg,6
..\image_labeling\data\labeled\intact\frames_234f3c352e79_img1.jpg,..\image_labeling\data\labeled\intact\frames_234f3c352e79_img3.jpg,4
..\image_labeling\data\labeled\intact\frames_234f3c352e79_img2.jpg,..\image_labeling\data\labeled\intact\frames_234f3c352e79_img3.jpg,10
..\image_labeling\data\labeled\intact\frames_236bcd673d1c_img1.jpg,..\image_labeling\data\labeled\intact\frames_236bcd673d1c_img3.jpg,8
..\image_labeling\data\labeled\intact\frames_236bcd673d1c_img1.jpg,..\image_labeling\data\labeled\intact\frames_572ed7c10fb4_img2.jpg,8
..\image_labeling\data\labeled\intact\frames_236bcd673d1c_img1.jpg,..\image_labeling\data\labeled\intact\frames_572ed7c10fb4_img3.jpg,10
..\image_labeling\data\labeled\intact\frames_236bcd673d1c_img2.jpg,..\image_labeling\data\labeled\intact\frames_572ed7c10fb4_img1.jpg,2
..\image_labeling\data\labeled\intact\frames_236bcd673d1c_img2.jpg,..\image_labeling\data\labeled\intact\frames_572ed7c10fb4_img2.jpg,8
..\image_labeling\data\labeled\intact\frames_236bcd673d1c_img3.jpg,..\image_labeling\data\labeled\intact\frames_572ed7c10fb4_img2.jpg,8
..\image_labeling\data\labeled\intact\frames_236bcd673d1c_img3.jpg,..\image_labeling\data\labeled\intact\frames_572ed7c10fb4_img3.jpg,2
..\image_labeling\data\labeled\intact\frames_25594105a2b5_img1.jpg,..\image_labeling\data\labeled\intact\frames_25594105a2b5_img2.jpg,10
..\image_labeling\data\labeled\intact\frames_25594105a2b5_img1.jpg,..\image_labeling\data\labeled\intact\frames_25594105a2b5_img3.jpg,10
..\image_labeling\data\labeled\intact\frames_25594105a2b5_img2.jpg,..\image_labeling\data\labeled\intact\frames_25594105a2b5_img3.jpg,0
..\image_labeling\data\labeled\intact\frames_27c193df54d3_img1.jpg,..\image_labeling\data\labeled\intact\frames_27c193df54d3_img2.jpg,8
..\image_labeling\data\labeled\intact\frames_27e05f9a91b1_img2.jpg,..\image_labeling\data\labeled\intact\frames_27e05f9a91b1_img3.jpg,0
..\image_labeling\data\labeled\intact\frames_281e1dfc1ef0_img1.jpg,..\image_labeling\data\labeled\intact\frames_281e1dfc1ef0_img2.jpg,8
..\image_labeling\data\labeled\intact\frames_29702adc5051_img1.jpg,..\image_labeling\data\labeled\intact\frames_29702adc5051_img2.jpg,2
..\image_labeling\data\labeled\intact\frames_29702adc5051_img1.jpg,..\image_labeling\data\labeled\intact\frames_29702adc5051_img3.jpg,6
..\image_labeling\data\labeled\intact\frames_29702adc5051_img2.jpg,..\image_labeling\data\labeled\intact\frames_29702adc5051_img3.jpg,6
..\image_labeling\data\labeled\intact\frames_299f08f79f95_img1.jpg,..\image_labeling\data\labeled\intact\frames_299f08f79f95_img2.jpg,2
..\image_labeling\data\labeled\intact\frames_299f08f79f95_img1.jpg,..\image_labeling\data\labeled\intact\frames_299f08f79f95_img3.jpg,4
..\image_labeling\data\labeled\intact\frames_299f08f79f95_img2.jpg,..\image_labeling\data\labeled\intact\frames_299f08f79f95_img3.jpg,2
..\image_labeling\data\labeled\intact\frames_2b20043056f0_img1.jpg,..\image_labeling\data\labeled\intact\frames_312e8436c0b4_img1.jpg,6
..\image_labeling\data\labeled\intact\frames_2b20043056f0_img1.jpg,..\image_labeling\data\labeled\intact\frames_312e8436c0b4_img2.jpg,6
..\image_labeling\data\labeled\intact\frames_2ba955d465e5_img1.jpg,..\image_labeling\data\labeled\intact\frames_2ba955d465e5_img2.jpg,2
..\image_labeling\data\labeled\intact\frames_2ba955d465e5_img1.jpg,..\image_labeling\data\labeled\intact\frames_2ba955d465e5_img3.jpg,4
..\image_labeling\data\labeled\intact\frames_2ba955d465e5_img2.jpg,..\image_labeling\data\labeled\intact\frames_2ba955d465e5_img3.jpg,6
..\image_labeling\data\labeled\intact\frames_2bfc8a584a54_img2.jpg,..\image_labeling\data\labeled\intact\frames_2bfc8a584a54_img3.jpg,2
..\image_labeling\data\labeled\intact\frames_2c059d0fc181_img1.jpg,..\image_labeling\data\labeled\intact\frames_2c059d0fc181_img2.jpg,10
..\image_labeling\data\labeled\intact\frames_2c6a94fd5a7b_img2.jpg,..\image_labeling\data\labeled\intact\frames_2c6a94fd5a7b_img3.jpg,10
..\image_labeling\data\labeled\intact\frames_2cb38dd0886f_img1.jpg,..\image_labeling\data\labeled\intact\frames_2cb38dd0886f_img2.jpg,4
..\image_labeling\data\labeled\intact\frames_2cb38dd0886f_img1.jpg,..\image_labeling\data\labeled\intact\frames_2cb38dd0886f_img3.jpg,4
..\image_labeling\data\labeled\intact\frames_2cb38dd0886f_img2.jpg,..\image_labeling\data\labeled\intact\frames_2cb38dd0886f_img3.jpg,0
..\image_labeling\data\labeled\intact\frames_2cd6f74c69c9_img1.jpg,..\image_labeling\data\labeled\intact\frames_2cd6f74c69c9_img2.jpg,4
..\image_labeling\data\labeled\intact\frames_2cd6f74c69c9_img1.jpg,..\image_labeling\data\labeled\intact\frames_2cd6f74c69c9_img3.jpg,4
..\image_labeling\data\labeled\intact\frames_2cd6f74c69c9_img2.jpg,..\image_labeling\data\labeled\intact\frames_2cd6f74c69c9_img3.jpg,0
..\image_labeling\data\labeled\intact\frames_2cdc63c500f2_img1.jpg,..\image_labeling\data\labeled\intact\frames_2cdc63c500f2_img2.jpg,6
..\image_labeling\data\labeled\intact\frames_2cdc63c500f2_img2.jpg,..\image_labeling\data\labeled\intact\frames_2cdc63c500f2_img3.jpg,10
..\image_labeling\data\labeled\intact\frames_2d59d7c46435_img1.jpg,..\image_labeling\data\labeled\intact\frames_2d59d7c46435_img2.jpg,4
..\image_labeling\data\labeled\intact\frames_2d59d7c46435_img1.jpg,..\image_labeling\data\labeled\intact\frames_2d59d7c46435_img3.jpg,2
..\image_labeling\data\labeled\intact\frames_2d59d7c46435_img2.jpg,..\image_labeling\data\labeled\intact\frames_2d59d7c46435_img3.jpg,2
..\image_labeling\data\labeled\intact\frames_2e8364975bb5_img1.jpg,..\image_labeling\data\labeled\intact\frames_2e8364975bb5_img2.jpg,2
..\image_labeling\data\labeled\intact\frames_2e8364975bb5_img1.jpg,..\image_labeling\data\labeled\intact\frames_2e8364975bb5_img3.jpg,4
..\image_labeling\data\labeled\intact\frames_2e8364975bb5_img2.jpg,..\image_labeling\data\labeled\intact\frames_2e8364975bb5_img3.jpg,2
..\image_labeling\data\labeled\intact\frames_2e94c9448d77_img1.jpg,..\image_labeling\data\labeled\intact\frames_2e94c9448d77_img2.jpg,4
..\image_labeling\data\labeled\intact\frames_2e94c9448d77_img1.jpg,..\image_labeling\data\labeled\intact\frames_2e94c9448d77_img3.jpg,4
..\image_labeling\data\labeled\intact\frames_2e94c9448d77_img1.jpg,..\image_labeling\data\labeled\intact\raw_media_2e94c9448d77_img2.jpg,10
..\image_labeling\data\labeled\intact\frames_2e94c9448d77_img2.jpg,..\image_labeling\data\labeled\intact\frames_2e94c9448d77_img3.jpg,0
..\image_labeling\data\labeled\intact\frames_2ee51566f468_img2.jpg,..\image_labeling\data\labeled\intact\frames_2ee51566f468_img3.jpg,8
..\image_labeling\data\labeled\intact\frames_2ef74daa6298_img1.jpg,..\image_labeling\data\labeled\intact\frames_2ef74daa6298_img2.jpg,0
..\image_labeling\data\labeled\intact\frames_2ef74daa6298_img1.jpg,..\image_labeling\data\labeled\intact\frames_2ef74daa6298_img3.jpg,0
..\image_labeling\data\labeled\intact\frames_2ef74daa6298_img2.jpg,..\image_labeling\data\labeled\intact\frames_2ef74daa6298_img3.jpg,0
..\image_labeling\data\labeled\intact\frames_2fbd00ad1651_img1.jpg,..\image_labeling\data\labeled\intact\frames_2fbd00ad1651_img2.jpg,0
..\image_labeling\data\labeled\intact\frames_2fbfcd02b606_img1.jpg,..\image_labeling\data\labeled\intact\frames_2fbfcd02b606_img2.jpg,10
..\image_labeling\data\labeled\intact\frames_2fbfcd02b606_img1.jpg,..\image_labeling\data\labeled\intact\frames_2fbfcd02b606_img3.jpg,8
..\image_labeling\data\labeled\intact\frames_2fbfcd02b606_img2.jpg,..\image_labeling\data\labeled\intact\frames_2fbfcd02b606_img3.jpg,4
..\image_labeling\data\labeled\intact\frames_306f29c39254_img1.jpg,..\image_labeling\data\labeled\intact\frames_306f29c39254_img2.jpg,2
..\image_labeling\data\labeled\intact\frames_306f29c39254_img1.jpg,..\image_labeling\data\labeled\intact\frames_5aa5d05469d6_img1.jpg,0
..\image_labeling\data\labeled\intact\frames_306f29c39254_img1.jpg,..\image_labeling\data\labeled\intact\frames_5aa5d05469d6_img2.jpg,6
..\image_labeling\data\labeled\intact\frames_306f29c39254_img1.jpg,..\image_labeling\data\labeled\intact\frames_5aa5d05469d6_img3.jpg,10
..\image_labeling\data\labeled\intact\frames_306f29c39254_img2.jpg,..\image_labeling\data\labeled\intact\frames_5aa5d05469d6_img1.jpg,2
..\image_labeling\data\labeled\intact\frames_306f29c39254_img2.jpg,..\image_labeling\data\labeled\intact\frames_5aa5d05469d6_img2.jpg,6
..\image_labeling\data\labeled\intact\frames_306f29c39254_img2.jpg,..\image_labeling\data\labeled\intact\frames_5aa5d05469d6_img3.jpg,10
..\image_labeling\data\labeled\intact\frames_30fba293fd03_img1.jpg,..\image_labeling\data\labeled\intact\frames_4960f1879148_img1.jpg,8
..\image_labeling\data\labeled\intact\frames_30fba293fd03_img2.jpg,..\image_labeling\data\labeled\intact\frames_30fba293fd03_img3.jpg,4
..\image_labeling\data\labeled\intact\frames_30fba293fd03_img2.jpg,..\image_labeling\data\labeled\intact\frames_4960f1879148_img2.jpg,2
..\image_labeling\data\labeled\intact\frames_30fba293fd03_img2.jpg,..\image_labeling\data\labeled\intact\frames_4960f1879148_img3.jpg,6
..\image_labeling\data\labeled\intact\frames_30fba293fd03_img3.jpg,..\image_labeling\data\labeled\intact\frames_4960f1879148_img2.jpg,2
..\image_labeling\data\labeled\intact\frames_30fba293fd03_img3.jpg,..\image_labeling\data\labeled\intact\frames_4960f1879148_img3.jpg,4
..\image_labeling\data\labeled\intact\frames_312e8436c0b4_img1.jpg,..\image_labeling\data\labeled\intact\frames_312e8436c0b4_img2.jpg,4
..\image_labeling\data\labeled\intact\frames_320e88cb16e6_img1.jpg,..\image_labeling\data\labeled\intact\frames_320e88cb16e6_img2.jpg,2
..\image_labeling\data\labeled\intact\frames_320e88cb16e6_img1.jpg,..\image_labeling\data\labeled\intact\frames_320e88cb16e6_img3.jpg,6
..\image_labeling\data\labeled\intact\frames_320e88cb16e6_img2.jpg,..\image_labeling\data\labeled\intact\frames_320e88cb16e6_img3.jpg,8
..\image_labeling\data\labeled\intact\frames_3236d2f3855a_img2.jpg,..\image_labeling\data\labeled\intact\frames_78e4f880adf7_img1.jpg,8
..\image_labeling\data\labeled\intact\frames_3236d2f3855a_img3.jpg,..\image_labeling\data\labeled\intact\frames_78e4f880adf7_img2.jpg,6
..\image_labeling\data\labeled\intact\frames_32a755c5db99_img2.jpg,..\image_labeling\data\labeled\intact\frames_32a755c5db99_img3.jpg,8
..\image_labeling\data\labeled\intact\frames_331f9f4ca592_img1.jpg,..\image_labeling\data\labeled\intact\frames_331f9f4ca592_img2.jpg,6
..\image_labeling\data\labeled\intact\frames_331f9f4ca592_img1.jpg,..\image_labeling\data\labeled\intact\frames_331f9f4ca592_img3.jpg,6
..\image_labeling\data\labeled\intact\frames_331f9f4ca592_img2.jpg,..\image_labeling\data\labeled\intact\frames_331f9f4ca592_img3.jpg,8
..\image_labeling\data\labeled\intact\frames_336c81c9dd0f_img1.jpg,..\image_labeling\data\labeled\intact\frames_809a4ad050f0_img1.jpg,2
..\image_labeling\data\labeled\intact\frames_34b0c7b3c70a_img2.jpg,..\image_labeling\data\labeled\intact\frames_34b0c7b3c70a_img3.jpg,10
..\image_labeling\data\labeled\intact\frames_34b0c7b3c70a_img2.jpg,..\image_labeling\data\labeled\intact\frames_bd6ac615aa30_img2.jpg,10
..\image_labeling\data\labeled\intact\frames_34b0c7b3c70a_img3.jpg,..\image_labeling\data\labeled\intact\frames_bd6ac615aa30_img2.jpg,2
..\image_labeling\data\labeled\intact\frames_34b0c7b3c70a_img3.jpg,..\image_labeling\data\labeled\intact\frames_bd6ac615aa30_img3.jpg,2
..\image_labeling\data\labeled\intact\frames_3583d3026b39_img2.jpg,..\image_labeling\data\labeled\intact\frames_3583d3026b39_img3.jpg,4
..\image_labeling\data\labeled\intact\frames_3ba57ecff859_img2.jpg,..\image_labeling\data\labeled\intact\frames_3ba57ecff859_img3.jpg,8
..\image_labeling\data\labeled\intact\frames_3bc32571489b_img1.jpg,..\image_labeling\data\labeled\intact\frames_3bc32571489b_img2.jpg,2
..\image_labeling\data\labeled\intact\frames_3caf9921ae72_img1.jpg,..\image_labeling\data\labeled\intact\frames_3caf9921ae72_img2.jpg,10
..\image_labeling\data\labeled\intact\frames_3caf9921ae72_img1.jpg,..\image_labeling\data\labeled\intact\frames_3caf9921ae72_img3.jpg,8
..\image_labeling\data\labeled\intact\frames_3caf9921ae72_img1.jpg,..\image_labeling\data\labeled\intact\frames_d0a4364bfe3d_img1.jpg,10
..\image_labeling\data\labeled\intact\frames_3caf9921ae72_img2.jpg,..\image_labeling\data\labeled\intact\frames_3caf9921ae72_img3.jpg,6
..\image_labeling\data\labeled\intact\frames_3caf9921ae72_img2.jpg,..\image_labeling\data\labeled\intact\frames_d0a4364bfe3d_img1.jpg,4
..\image_labeling\data\labeled\intact\frames_3caf9921ae72_img2.jpg,..\image_labeling\data\labeled\intact\frames_d0a4364bfe3d_img2.jpg,6
..\image_labeling\data\labeled\intact\frames_3caf9921ae72_img2.jpg,..\image_labeling\data\labeled\intact\frames_d0a4364bfe3d_img3.jpg,10
..\image_labeling\data\labeled\intact\frames_3caf9921ae72_img3.jpg,..\image_labeling\data\labeled\intact\frames_d0a4364bfe3d_img1.jpg,2
..\image_labeling\data\labeled\intact\frames_3cfab8a8cc30_img2.jpg,..\image_labeling\data\labeled\intact\frames_3cfab8a8cc30_img3.jpg,2
..\image_labeling\data\labeled\intact\frames_3ea17efbfa17_img1.jpg,..\image_labeling\data\labeled\intact\frames_3ea17efbfa17_img2.jpg,8
..\image_labeling\data\labeled\intact\frames_3ea17efbfa17_img1.jpg,..\image_labeling\data\labeled\intact\frames_3ea17efbfa17_img3.jpg,4
..\image_labeling\data\labeled\intact\frames_3ea17efbfa17_img2.jpg,..\image_labeling\data\labeled\intact\frames_3ea17efbfa17_img3.jpg,6
..\image_labeling\data\labeled\intact\frames_3f6226ab7c34_img1.jpg,..\image_labeling\data\labeled\intact\frames_cd5b44f7459c_img1.jpg,2
..\image_labeling\data\labeled\intact\frames_4196bb690208_img1.jpg,..\image_labeling\data\labeled\intact\frames_4196bb690208_img2.jpg,2
..\image_labeling\data\labeled\intact\frames_4207e223663e_img1.jpg,..\image_labeling\data\labeled\intact\frames_4207e223663e_img2.jpg,2
..\image_labeling\data\labeled\intact\frames_4207e223663e_img1.jpg,..\image_labeling\data\labeled\intact\frames_4207e223663e_img3.jpg,4
..\image_labeling\data\labeled\intact\frames_4207e223663e_img2.jpg,..\image_labeling\data\labeled\intact\frames_4207e223663e_img3.jpg,4
..\image_labeling\data\labeled\intact\frames_4224d27e2c57_img1.jpg,..\image_labeling\data\labeled\intact\frames_6834e7189c78_img1.jpg,4
..\image_labeling\data\labeled\intact\frames_4224d27e2c57_img1.jpg,..\image_labeling\data\labeled\intact\frames_6834e7189c78_img2.jpg,2
..\image_labeling\data\labeled\intact\frames_4224d27e2c57_img3.jpg,..\image_labeling\data\labeled\intact\frames_6834e7189c78_img3.jpg,0
..\image_labeling\data\labeled\intact\frames_4241946a208b_img1.jpg,..\image_labeling\data\labeled\intact\frames_4241946a208b_img2.jpg,8
..\image_labeling\data\labeled\intact\frames_4241946a208b_img3.jpg,..\image_labeling\data\labeled\intact\frames_8e8ecb5e7d0d_img3.jpg,8
..\image_labeling\data\labeled\intact\frames_42f5883728a7_img1.jpg,..\image_labeling\data\labeled\intact\frames_42f5883728a7_img2.jpg,2
..\image_labeling\data\labeled\intact\frames_42f5883728a7_img1.jpg,..\image_labeling\data\labeled\intact\frames_42f5883728a7_img3.jpg,2
..\image_labeling\data\labeled\intact\frames_42f5883728a7_img2.jpg,..\image_labeling\data\labeled\intact\frames_42f5883728a7_img3.jpg,2
..\image_labeling\data\labeled\intact\frames_43047527bc5a_img1.jpg,..\image_labeling\data\labeled\intact\frames_43047527bc5a_img2.jpg,10
..\image_labeling\data\labeled\intact\frames_436a99061b69_img1.jpg,..\image_labeling\data\labeled\intact\frames_436a99061b69_img2.jpg,4
..\image_labeling\data\labeled\intact\frames_43b8e6fff534_img2.jpg,..\image_labeling\data\labeled\intact\frames_43b8e6fff534_img3.jpg,6
..\image_labeling\data\labeled\intact\frames_44aa7e63cd6f_img1.jpg,..\image_labeling\data\labeled\intact\frames_44aa7e63cd6f_img2.jpg,2
..\image_labeling\data\labeled\intact\frames_44aa7e63cd6f_img1.jpg,..\image_labeling\data\labeled\intact\frames_44aa7e63cd6f_img3.jpg,2
..\image_labeling\data\labeled\intact\frames_44aa7e63cd6f_img2.jpg,..\image_labeling\data\labeled\intact\frames_44aa7e63cd6f_img3.jpg,0
..\image_labeling\data\labeled\intact\frames_44d9a012e5a7_img2.jpg,..\image_labeling\data\labeled\intact\frames_44d9a012e5a7_img3.jpg,6
..\image_labeling\data\labeled\intact\frames_45307cae4803_img1.jpg,..\image_labeling\data\labeled\intact\frames_45307cae4803_img2.jpg,2
..\image_labeling\data\labeled\intact\frames_464142d28d20_img2.jpg,..\image_labeling\data\labeled\intact\frames_e76d5482d981_img2.jpg,4
..\image_labeling\data\labeled\intact\frames_464142d28d20_img3.jpg,..\image_labeling\data\labeled\intact\frames_e76d5482d981_img3.jpg,8
..\image_labeling\data\labeled\intact\frames_46b778f182c2_img1.jpg,..\image_labeling\data\labeled\intact\frames_46b778f182c2_img2.jpg,2
..\image_labeling\data\labeled\intact\frames_46b778f182c2_img1.jpg,..\image_labeling\data\labeled\intact\frames_46b778f182c2_img3.jpg,2
..\image_labeling\data\labeled\intact\frames_46b778f182c2_img1.jpg,..\image_labeling\data\labeled\intact\frames_59e6225f8ffb_img1.jpg,4
..\image_labeling\data\labeled\intact\frames_46b778f182c2_img1.jpg,..\image_labeling\data\labeled\intact\frames_59e6225f8ffb_img2.jpg,2
..\image_labeling\data\labeled\intact\frames_46b778f182c2_img1.jpg,..\image_labeling\data\labeled\intact\frames_59e6225f8ffb_img3.jpg,6
..\image_labeling\data\labeled\intact\frames_46b778f182c2_img2.jpg,..\image_labeling\data\labeled\intact\frames_46b778f182c2_img3.jpg,0
..\image_labeling\data\labeled\intact\frames_46b778f182c2_img2.jpg,..\image_labeling\data\labeled\intact\frames_59e6225f8ffb_img1.jpg,4
..\image_labeling\data\labeled\intact\frames_46b778f182c2_img2.jpg,..\image_labeling\data\labeled\intact\frames_59e6225f8ffb_img2.jpg,2
..\image_labeling\data\labeled\intact\frames_46b778f182c2_img2.jpg,..\image_labeling\data\labeled\intact\frames_59e6225f8ffb_img3.jpg,6
..\image_labeling\data\labeled\intact\frames_46b778f182c2_img3.jpg,..\image_labeling\data\labeled\intact\frames_59e6225f8ffb_img1.jpg,4
..\image_labeling\data\labeled\intact\frames_46b778f182c2_img3.jpg,..\image_labeling\data\labeled\intact\frames_59e6225f8ffb_img2.jpg,2
..\image_labeling\data\labeled\intact\frames_46b778f182c2_img3.jpg,..\image_labeling\data\labeled\intact\frames_59e6225f8ffb_img3.jpg,6
..\image_labeling\data\labeled\intact\frames_487f16476ada_img1.jpg,..\image_labeling\data\labeled\intact\frames_487f16476ada_img2.jpg,8
..\image_labeling\data\labeled\intact\frames_487f16476ada_img2.jpg,..\image_labeling\data\labeled\intact\frames_803ef30c8b4c_img1.jpg,8
..\image_labeling\data\labeled\intact\frames_487f16476ada_img2.jpg,..\image_labeling\data\labeled\intact\frames_803ef30c8b4c_img2.jpg,8
..\image_labeling\data\labeled\intact\frames_487f16476ada_img2.jpg,..\image_labeling\data\labeled\intact\frames_803ef30c8b4c_img3.jpg,10
..\image_labeling\data\labeled\intact\frames_487f16476ada_img3.jpg,..\image_labeling\data\labeled\intact\frames_803ef30c8b4c_img1.jpg,10
..\image_labeling\data\labeled\intact\frames_487f16476ada_img3.jpg,..\image_labeling\data\labeled\intact\frames_803ef30c8b4c_img3.jpg,8
..\image_labeling\data\labeled\intact\frames_4960f1879148_img2.jpg,..\image_labeling\data\labeled\intact\frames_4960f1879148_img3.jpg,4
..\image_labeling\data\labeled\intact\frames_49c8d119f1a2_img1.jpg,..\image_labeling\data\labeled\intact\frames_49c8d119f1a2_img2.jpg,0
..\image_labeling\data\labeled\intact\frames_49ea9c10e705_img1.jpg,..\image_labeling\data\labeled\intact\frames_49ea9c10e705_img2.jpg,0
..\image_labeling\data\labeled\intact\frames_4a9dda400ae8_img2.jpg,..\image_labeling\data\labeled\intact\frames_4a9dda400ae8_img3.jpg,10
..\image_labeling\data\labeled\intact\frames_4abb5aaa0ad8_img1.jpg,..\image_labeling\data\labeled\intact\frames_4abb5aaa0ad8_img2.jpg,2
..\image_labeling\data\labeled\intact\frames_4abb5aaa0ad8_img2.jpg,..\image_labeling\data\labeled\intact\frames_4abb5aaa0ad8_img3.jpg,10
..\image_labeling\data\labeled\intact\frames_4ba49dfe5658_img1.jpg,..\image_labeling\data\labeled\intact\frames_6b516b4dca9c_img1.jpg,8
..\image_labeling\data\labeled\intact\frames_4ba49dfe5658_img1.jpg,..\image_labeling\data\labeled\intact\frames_6b516b4dca9c_img2.jpg,8
..\image_labeling\data\labeled\intact\frames_4ba49dfe5658_img2.jpg,..\image_labeling\data\labeled\intact\frames_4ba49dfe5658_img3.jpg,6
..\image_labeling\data\labeled\intact\frames_4ba49dfe5658_img2.jpg,..\image_labeling\data\labeled\intact\frames_6b516b4dca9c_img1.jpg,8
..\image_labeling\data\labeled\intact\frames_4ba49dfe5658_img2.jpg,..\image_labeling\data\labeled\intact\frames_6b516b4dca9c_img2.jpg,8
..\image_labeling\data\labeled\intact\frames_4ba49dfe5658_img2.jpg,..\image_labeling\data\labeled\intact\frames_6b516b4dca9c_img3.jpg,4
..\image_labeling\data\labeled\intact\frames_4ba49dfe5658_img3.jpg,..\image_labeling\data\labeled\intact\frames_6b516b4dca9c_img3.jpg,2
..\image_labeling\data\labeled\intact\frames_4bb0946f55c4_img1.jpg,..\image_labeling\data\labeled\intact\frames_4bb0946f55c4_img2.jpg,4
..\image_labeling\data\labeled\intact\frames_4bb0946f55c4_img1.jpg,..\image_labeling\data\labeled\intact\frames_4bb0946f55c4_img3.jpg,4
..\image_labeling\data\labeled\intact\frames_4bb0946f55c4_img2.jpg,..\image_labeling\data\labeled\intact\frames_4bb0946f55c4_img3.jpg,4
..\image_labeling\data\labeled\intact\frames_4d22d1635f56_img1.jpg,..\image_labeling\data\labeled\intact\frames_4d22d1635f56_img2.jpg,0
..\image_labeling\data\labeled\intact\frames_4d22d1635f56_img1.jpg,..\image_labeling\data\labeled\intact\frames_4d22d1635f56_img3.jpg,0
..\image_labeling\data\labeled\intact\frames_4d22d1635f56_img2.jpg,..\image_labeling\data\labeled\intact\frames_4d22d1635f56_img3.jpg,0
..\image_labeling\data\labeled\intact\frames_4e55c26e440b_img2.jpg,..\image_labeling\data\labeled\intact\frames_4e55c26e440b_img3.jpg,10
..\image_labeling\data\labeled\intact\frames_4e93c1bb1d8f_img2.jpg,..\image_labeling\data\labeled\intact\frames_4e93c1bb1d8f_img3.jpg,8
..\image_labeling\data\labeled\intact\frames_50341015f200_img1.jpg,..\image_labeling\data\labeled\intact\frames_50341015f200_img2.jpg,4
..\image_labeling\data\labeled\intact\frames_52889adfadda_img1.jpg,..\image_labeling\data\labeled\intact\frames_52889adfadda_img2.jpg,8
..\image_labeling\data\labeled\intact\frames_53125b95c0b8_img2.jpg,..\image_labeling\data\labeled\intact\frames_53125b95c0b8_img3.jpg,10
..\image_labeling\data\labeled\intact\frames_5473fa0d4a82_img1.jpg,..\image_labeling\data\labeled\intact\frames_5473fa0d4a82_img2.jpg,8
..\image_labeling\data\labeled\intact\frames_554ac3cc84a8_img2.jpg,..\image_labeling\data\labeled\intact\frames_554ac3cc84a8_img3.jpg,8
..\image_labeling\data\labeled\intact\frames_55a755b16e8d_img2.jpg,..\image_labeling\data\labeled\intact\frames_55a755b16e8d_img3.jpg,0
..\image_labeling\data\labeled\intact\frames_561f3144c892_img1.jpg,..\image_labeling\data\labeled\intact\frames_561f3144c892_img2.jpg,4
..\image_labeling\data\labeled\intact\frames_561f3144c892_img1.jpg,..\image_labeling\data\labeled\intact\frames_561f3144c892_img3.jpg,6
..\image_labeling\data\labeled\intact\frames_561f3144c892_img2.jpg,..\image_labeling\data\labeled\intact\frames_561f3144c892_img3.jpg,4
..\image_labeling\data\labeled\intact\frames_572ed7c10fb4_img1.jpg,..\image_labeling\data\labeled\intact\frames_572ed7c10fb4_img2.jpg,10
..\image_labeling\data\labeled\intact\frames_572ed7c10fb4_img2.jpg,..\image_labeling\data\labeled\intact\frames_572ed7c10fb4_img3.jpg,10
..\image_labeling\data\labeled\intact\frames_57b546b73cb4_img1.jpg,..\image_labeling\data\labeled\intact\frames_57b546b73cb4_img2.jpg,4
..\image_labeling\data\labeled\intact\frames_57b546b73cb4_img1.jpg,..\image_labeling\data\labeled\intact\frames_57b546b73cb4_img3.jpg,8
..\image_labeling\data\labeled\intact\frames_57b546b73cb4_img2.jpg,..\image_labeling\data\labeled\intact\frames_57b546b73cb4_img3.jpg,4
..\image_labeling\data\labeled\intact\frames_59e6225f8ffb_img1.jpg,..\image_labeling\data\labeled\intact\frames_59e6225f8ffb_img2.jpg,2
..\image_labeling\data\labeled\intact\frames_59e6225f8ffb_img1.jpg,..\image_labeling\data\labeled\intact\frames_59e6225f8ffb_img3.jpg,2
..\image_labeling\data\labeled\intact\frames_59e6225f8ffb_img2.jpg,..\image_labeling\data\labeled\intact\frames_59e6225f8ffb_img3.jpg,4
..\image_labeling\data\labeled\intact\frames_5a602c937604_img1.jpg,..\image_labeling\data\labeled\intact\frames_5a602c937604_img2.jpg,4
..\image_labeling\data\labeled\intact\frames_5a602c937604_img1.jpg,..\image_labeling\data\labeled\intact\frames_5a602c937604_img3.jpg,4
..\image_labeling\data\labeled\intact\frames_5a602c937604_img2.jpg,..\image_labeling\data\labeled\intact\frames_5a602c937604_img3.jpg,2
..\image_labeling\data\labeled\intact\frames_5aa5d05469d6_img1.jpg,..\image_labeling\data\labeled\intact\frames_5aa5d05469d6_img2.jpg,6
..\image_labeling\data\labeled\intact\frames_5aa5d05469d6_img1.jpg,..\image_labeling\data\labeled\intact\frames_5aa5d05469d6_img3.jpg,10
..\image_labeling\data\labeled\intact\frames_5aa5d05469d6_img2.jpg,..\image_labeling\data\labeled\intact\frames_5aa5d05469d6_img3.jpg,4
..\image_labeling\data\labeled\intact\frames_5b102e1cc974_img1.jpg,..\image_labeling\data\labeled\intact\frames_c76d35efe41e_img2.jpg,2
..\image_labeling\data\labeled\intact\frames_5b102e1cc974_img2.jpg,..\image_labeling\data\labeled\intact\frames_c76d35efe41e_img3.jpg,0
..\image_labeling\data\labeled\intact\frames_5cccfb10e5fa_img1.jpg,..\image_labeling\data\labeled\intact\frames_5cccfb10e5fa_img2.jpg,2
..\image_labeling\data\labeled\intact\frames_5cccfb10e5fa_img1.jpg,..\image_labeling\data\labeled\intact\frames_5cccfb10e5fa_img3.jpg,2
..\image_labeling\data\labeled\intact\frames_5cccfb10e5fa_img2.jpg,..\image_labeling\data\labeled\intact\frames_5cccfb10e5fa_img3.jpg,0
..\image_labeling\data\labeled\intact\frames_5f06db25f61c_img1.jpg,..\image_labeling\data\labeled\intact\frames_5f06db25f61c_img2.jpg,6
..\image_labeling\data\labeled\intact\frames_5f06db25f61c_img1.jpg,..\image_labeling\data\labeled\intact\frames_5f06db25f61c_img3.jpg,4
..\image_labeling\data\labeled\intact\frames_5f06db25f61c_img2.jpg,..\image_labeling\data\labeled\intact\frames_5f06db25f61c_img3.jpg,2
..\image_labeling\data\labeled\intact\frames_5f5835552f6d_img1.jpg,..\image_labeling\data\labeled\intact\frames_5f5835552f6d_img2.jpg,0
..\image_labeling\data\labeled\intact\frames_5f5835552f6d_img1.jpg,..\image_labeling\data\labeled\intact\frames_f8c86f54398c_img2.jpg,8
..\image_labeling\data\labeled\intact\frames_5f5835552f6d_img1.jpg,..\image_labeling\data\labeled\intact\frames_f8c86f54398c_img3.jpg,4
..\image_labeling\data\labeled\intact\frames_5f5835552f6d_img2.jpg,..\image_labeling\data\labeled\intact\frames_f8c86f54398c_img2.jpg,8
..\image_labeling\data\labeled\intact\frames_5f5835552f6d_img2.jpg,..\image_labeling\data\labeled\intact\frames_f8c86f54398c_img3.jpg,4
..\image_labeling\data\labeled\intact\frames_601a60cd8ba3_img3.jpg,..\image_labeling\data\labeled\intact\frames_f26a6ca5903d_img3.jpg,2
..\image_labeling\data\labeled\intact\frames_60f9f759dd4d_img2.jpg,..\image_labeling\data\labeled\intact\frames_60f9f759dd4d_img3.jpg,10
..\image_labeling\data\labeled\intact\frames_61268b032703_img2.jpg,..\image_labeling\data\labeled\intact\frames_61268b032703_img3.jpg,2
..\image_labeling\data\labeled\intact\frames_6127af916e3e_img1.jpg,..\image_labeling\data\labeled\intact\frames_6127af916e3e_img2.jpg,10
..\image_labeling\data\labeled\intact\frames_6127af916e3e_img1.jpg,..\image_labeling\data\labeled\intact\frames_6127af916e3e_img3.jpg,8
..\image_labeling\data\labeled\intact\frames_61c955d90b7e_img1.jpg,..\image_labeling\data\labeled\intact\frames_61c955d90b7e_img2.jpg,4
..\image_labeling\data\labeled\intact\frames_61c955d90b7e_img1.jpg,..\image_labeling\data\labeled\intact\frames_61c955d90b7e_img3.jpg,4
..\image_labeling\data\labeled\intact\frames_61c955d90b7e_img2.jpg,..\image_labeling\data\labeled\intact\frames_61c955d90b7e_img3.jpg,2
..\image_labeling\data\labeled\intact\frames_62b3ded2ad89_img1.jpg,..\image_labeling\data\labeled\intact\frames_62b3ded2ad89_img2.jpg,8
..\image_labeling\data\labeled\intact\frames_62b3ded2ad89_img2.jpg,..\image_labeling\data\labeled\intact\frames_62b3ded2ad89_img3.jpg,6
..\image_labeling\data\labeled\intact\frames_62db5f7f2add_img1.jpg,..\image_labeling\data\labeled\intact\frames_62db5f7f2add_img2.jpg,0
..\image_labeling\data\labeled\intact\frames_62db5f7f2add_img1.jpg,..\image_labeling\data\labeled\intact\frames_62db5f7f2add_img3.jpg,6
..\image_labeling\data\labeled\intact\frames_62db5f7f2add_img2.jpg,..\image_labeling\data\labeled\intact\frames_62db5f7f2add_img3.jpg,6
..\image_labeling\data\labeled\intact\frames_62e476446894_img1.jpg,..\image_labeling\data\labeled\intact\frames_62e476446894_img2.jpg,10
..\image_labeling\data\labeled\intact\frames_66fa2d875941_img1.jpg,..\image_labeling\data\labeled\intact\frames_66fa2d875941_img2.jpg,4
..\image_labeling\data\labeled\intact\frames_6834e7189c78_img1.jpg,..\image_labeling\data\labeled\intact\frames_6834e7189c78_img2.jpg,4
..\image_labeling\data\labeled\intact\frames_68f36e828a9d_img1.jpg,..\image_labeling\data\labeled\intact\frames_68f36e828a9d_img2.jpg,2
..\image_labeling\data\labeled\intact\frames_6b516b4dca9c_img1.jpg,..\image_labeling\data\labeled\intact\frames_6b516b4dca9c_img2.jpg,2
..\image_labeling\data\labeled\intact\frames_6b92a35d37cf_img2.jpg,..\image_labeling\data\labeled\intact\frames_6b92a35d37cf_img3.jpg,10
..\image_labeling\data\labeled\intact\frames_6c1b51c0b3b7_img2.jpg,..\image_labeling\data\labeled\intact\frames_6c1b51c0b3b7_img3.jpg,0
..\image_labeling\data\labeled\intact\frames_6c75b24ed9cb_img3.jpg,..\image_labeling\data\labeled\intact\frames_e743df4e7498_img3.jpg,8
..\image_labeling\data\labeled\intact\frames_6e5e0d3c98c2_img1.jpg,..\image_labeling\data\labeled\intact\frames_6e5e0d3c98c2_img3.jpg,8
..\image_labeling\data\labeled\intact\frames_6e5e0d3c98c2_img2.jpg,..\image_labeling\data\labeled\intact\frames_6e5e0d3c98c2_img3.jpg,10
..\image_labeling\data\labeled\intact\frames_6f0301a268fb_img1.jpg,..\image_labeling\data\labeled\intact\frames_6f0301a268fb_img3.jpg,4
..\image_labeling\data\labeled\intact\frames_6f0301a268fb_img1.jpg,..\image_labeling\data\labeled\intact\frames_e354fc823c13_img3.jpg,8
..\image_labeling\data\labeled\intact\frames_6f0301a268fb_img3.jpg,..\image_labeling\data\labeled\intact\frames_e354fc823c13_img3.jpg,8
..\image_labeling\data\labeled\intact\frames_6ff89c8e9e6f_img1.jpg,..\image_labeling\data\labeled\intact\frames_6ff89c8e9e6f_img3.jpg,6
..\image_labeling\data\labeled\intact\frames_701f6aed6f05_img2.jpg,..\image_labeling\data\labeled\intact\frames_9f8b2a52a53f_img1.jpg,6
..\image_labeling\data\labeled\intact\frames_705f722ed759_img1.jpg,..\image_labeling\data\labeled\intact\frames_705f722ed759_img2.jpg,2
..\image_labeling\data\labeled\intact\frames_705f722ed759_img1.jpg,..\image_labeling\data\labeled\intact\frames_705f722ed759_img3.jpg,2
..\image_labeling\data\labeled\intact\frames_705f722ed759_img2.jpg,..\image_labeling\data\labeled\intact\frames_705f722ed759_img3.jpg,2
..\image_labeling\data\labeled\intact\frames_71ecbd9d1dfa_img1.jpg,..\image_labeling\data\labeled\intact\frames_71ecbd9d1dfa_img2.jpg,6
..\image_labeling\data\labeled\intact\frames_71ecbd9d1dfa_img1.jpg,..\image_labeling\data\labeled\intact\frames_71ecbd9d1dfa_img3.jpg,6
..\image_labeling\data\labeled\intact\frames_71ecbd9d1dfa_img2.jpg,..\image_labeling\data\labeled\intact\frames_71ecbd9d1dfa_img3.jpg,2
..\image_labeling\data\labeled\intact\frames_7265720edf60_img2.jpg,..\image_labeling\data\labeled\intact\frames_7265720edf60_img3.jpg,2
..\image_labeling\data\labeled\intact\frames_72b7ecb72cb3_img1.jpg,..\image_labeling\data\labeled\intact\frames_72b7ecb72cb3_img2.jpg,4
..\image_labeling\data\labeled\intact\frames_72b7ecb72cb3_img1.jpg,..\image_labeling\data\labeled\intact\frames_72b7ecb72cb3_img3.jpg,2
..\image_labeling\data\labeled\intact\frames_72b7ecb72cb3_img1.jpg,..\image_labeling\data\labeled\intact\frames_9a696b180201_img1.jpg,2
..\image_labeling\data\labeled\intact\frames_72b7ecb72cb3_img1.jpg,..\image_labeling\data\labeled\intact\frames_9a696b180201_img2.jpg,2
..\image_labeling\data\labeled\intact\frames_72b7ecb72cb3_img1.jpg,..\image_labeling\data\labeled\intact\frames_9a696b180201_img3.jpg,4
..\image_labeling\data\labeled\intact\frames_72b7ecb72cb3_img2.jpg,..\image_labeling\data\labeled\intact\frames_72b7ecb72cb3_img3.jpg,4
..\image_labeling\data\labeled\intact\frames_72b7ecb72cb3_img2.jpg,..\image_labeling\data\labeled\intact\frames_9a696b180201_img1.jpg,4
..\image_labeling\data\labeled\intact\frames_72b7ecb72cb3_img2.jpg,..\image_labeling\data\labeled\intact\frames_9a696b180201_img2.jpg,4
..\image_labeling\data\labeled\intact\frames_72b7ecb72cb3_img2.jpg,..\image_labeling\data\labeled\intact\frames_9a696b180201_img3.jpg,2
..\image_labeling\data\labeled\intact\frames_72b7ecb72cb3_img3.jpg,..\image_labeling\data\labeled\intact\frames_9a696b180201_img1.jpg,2
..\image_labeling\data\labeled\intact\frames_72b7ecb72cb3_img3.jpg,..\image_labeling\data\labeled\intact\frames_9a696b180201_img2.jpg,2
..\image_labeling\data\labeled\intact\frames_72b7ecb72cb3_img3.jpg,..\image_labeling\data\labeled\intact\frames_9a696b180201_img3.jpg,4
..\image_labeling\data\labeled\intact\frames_75644b910e92_img1.jpg,..\image_labeling\data\labeled\intact\frames_75644b910e92_img2.jpg,6
..\image_labeling\data\labeled\intact\frames_75644b910e92_img1.jpg,..\image_labeling\data\labeled\intact\frames_75644b910e92_img3.jpg,6
..\image_labeling\data\labeled\intact\frames_75644b910e92_img2.jpg,..\image_labeling\data\labeled\intact\frames_75644b910e92_img3.jpg,2
..\image_labeling\data\labeled\intact\frames_76fcab9b9d7f_img1.jpg,..\image_labeling\data\labeled\intact\frames_76fcab9b9d7f_img2.jpg,4
..\image_labeling\data\labeled\intact\frames_76fcab9b9d7f_img1.jpg,..\image_labeling\data\labeled\intact\frames_76fcab9b9d7f_img3.jpg,4
..\image_labeling\data\labeled\intact\frames_76fcab9b9d7f_img2.jpg,..\image_labeling\data\labeled\intact\frames_76fcab9b9d7f_img3.jpg,0
..\image_labeling\data\labeled\intact\frames_7ab008081ba8_img1.jpg,..\image_labeling\data\labeled\intact\frames_7ab008081ba8_img2.jpg,4
..\image_labeling\data\labeled\intact\frames_7ab008081ba8_img1.jpg,..\image_labeling\data\labeled\intact\frames_7ab008081ba8_img3.jpg,4
..\image_labeling\data\labeled\intact\frames_7ab008081ba8_img2.jpg,..\image_labeling\data\labeled\intact\frames_7ab008081ba8_img3.jpg,2
..\image_labeling\data\labeled\intact\frames_7b7d93861ef7_img2.jpg,..\image_labeling\data\labeled\intact\frames_7b7d93861ef7_img3.jpg,10
..\image_labeling\data\labeled\intact\frames_7b7d93861ef7_img2.jpg,..\image_labeling\data\labeled\intact\frames_eac16f15ed98_img1.jpg,6
..\image_labeling\data\labeled\intact\frames_7b7d93861ef7_img2.jpg,..\image_labeling\data\labeled\intact\frames_eac16f15ed98_img2.jpg,8
..\image_labeling\data\labeled\intact\frames_7b7d93861ef7_img2.jpg,..\image_labeling\data\labeled\intact\frames_eac16f15ed98_img3.jpg,10
..\image_labeling\data\labeled\intact\frames_7b7d93861ef7_img3.jpg,..\image_labeling\data\labeled\intact\frames_eac16f15ed98_img1.jpg,4
..\image_labeling\data\labeled\intact\frames_7b7d93861ef7_img3.jpg,..\image_labeling\data\labeled\intact\frames_eac16f15ed98_img2.jpg,2
..\image_labeling\data\labeled\intact\frames_7b7d93861ef7_img3.jpg,..\image_labeling\data\labeled\intact\frames_eac16f15ed98_img3.jpg,0
..\image_labeling\data\labeled\intact\frames_7c38ba7558fb_img3.jpg,..\image_labeling\data\labeled\intact\frames_7f14f5850bac_img1.jpg,10
..\image_labeling\data\labeled\intact\frames_7c38ba7558fb_img3.jpg,..\image_labeling\data\labeled\intact\frames_7f14f5850bac_img2.jpg,4
..\image_labeling\data\labeled\intact\frames_7d55884fd143_img1.jpg,..\image_labeling\data\labeled\intact\frames_7d55884fd143_img3.jpg,6
..\image_labeling\data\labeled\intact\frames_7d55884fd143_img2.jpg,..\image_labeling\data\labeled\intact\frames_7d55884fd143_img3.jpg,6
..\image_labeling\data\labeled\intact\frames_7f55e80731fa_img1.jpg,..\image_labeling\data\labeled\intact\frames_7f55e80731fa_img2.jpg,4
..\image_labeling\data\labeled\intact\frames_7f72e9cabdc7_img2.jpg,..\image_labeling\data\labeled\intact\frames_7f72e9cabdc7_img3.jpg,8
..\image_labeling\data\labeled\intact\frames_803ef30c8b4c_img1.jpg,..\image_labeling\data\labeled\intact\frames_803ef30c8b4c_img3.jpg,4
..\image_labeling\data\labeled\intact\frames_807ba648965a_img2.jpg,..\image_labeling\data\labeled\intact\frames_807ba648965a_img3.jpg,6
..\image_labeling\data\labeled\intact\frames_80cb199c1ff0_img2.jpg,..\image_labeling\data\labeled\intact\frames_80cb199c1ff0_img3.jpg,8
..\image_labeling\data\labeled\intact\frames_813669d6d5b7_img2.jpg,..\image_labeling\data\labeled\intact\frames_813669d6d5b7_img3.jpg,8
..\image_labeling\data\labeled\intact\frames_82591688e55e_img1.jpg,..\image_labeling\data\labeled\intact\frames_fe2800b9ff19_img2.jpg,8
..\image_labeling\data\labeled\intact\frames_82591688e55e_img2.jpg,..\image_labeling\data\labeled\intact\frames_82591688e55e_img3.jpg,4
..\image_labeling\data\labeled\intact\frames_82591688e55e_img2.jpg,..\image_labeling\data\labeled\intact\frames_fe2800b9ff19_img3.jpg,4
..\image_labeling\data\labeled\intact\frames_82591688e55e_img3.jpg,..\image_labeling\data\labeled\intact\frames_fe2800b9ff19_img3.jpg,0
..\image_labeling\data\labeled\intact\frames_82764a84e3c5_img1.jpg,..\image_labeling\data\labeled\intact\frames_82764a84e3c5_img2.jpg,8
..\image_labeling\data\labeled\intact\frames_84c5b70d18ce_img1.jpg,..\image_labeling\data\labeled\intact\frames_84c5b70d18ce_img2.jpg,8
..\image_labeling\data\labeled\intact\frames_84c5b70d18ce_img2.jpg,..\image_labeling\data\labeled\intact\frames_84c5b70d18ce_img3.jpg,10
..\image_labeling\data\labeled\intact\frames_8561072b9388_img1.jpg,..\image_labeling\data\labeled\intact\frames_8561072b9388_img2.jpg,0
..\image_labeling\data\labeled\intact\frames_8561072b9388_img1.jpg,..\image_labeling\data\labeled\intact\frames_b2c5ce957e40_img1.jpg,0
..\image_labeling\data\labeled\intact\frames_8561072b9388_img1.jpg,..\image_labeling\data\labeled\intact\frames_b2c5ce957e40_img2.jpg,0
..\image_labeling\data\labeled\intact\frames_8561072b9388_img1.jpg,..\image_labeling\data\labeled\intact\frames_b2c5ce957e40_img3.jpg,0
..\image_labeling\data\labeled\intact\frames_8561072b9388_img2.jpg,..\image_labeling\data\labeled\intact\frames_b2c5ce957e40_img1.jpg,0
..\image_labeling\data\labeled\intact\frames_8561072b9388_img2.jpg,..\image_labeling\data\labeled\intact\frames_b2c5ce957e40_img2.jpg,0
..\image_labeling\data\labeled\intact\frames_8561072b9388_img2.jpg,..\image_labeling\data\labeled\intact\frames_b2c5ce957e40_img3.jpg,0
..\image_labeling\data\labeled\intact\frames_8990897e158d_img1.jpg,..\image_labeling\data\labeled\intact\frames_8990897e158d_img2.jpg,8
..\image_labeling\data\labeled\intact\frames_8a249cf658e2_img1.jpg,..\image_labeling\data\labeled\intact\frames_8a249cf658e2_img2.jpg,10
..\image_labeling\data\labeled\intact\frames_8ab2afc9207e_img2.jpg,..\image_labeling\data\labeled\intact\frames_8ab2afc9207e_img3.jpg,4
..\image_labeling\data\labeled\intact\frames_8ab94c9f9970_img1.jpg,..\image_labeling\data\labeled\intact\frames_8ab94c9f9970_img2.jpg,4
..\image_labeling\data\labeled\intact\frames_8ab94c9f9970_img2.jpg,..\image_labeling\data\labeled\intact\frames_8ab94c9f9970_img3.jpg,8
..\image_labeling\data\labeled\intact\frames_8f5f4497d3dc_img1.jpg,..\image_labeling\data\labeled\intact\frames_8f5f4497d3dc_img2.jpg,2
..\image_labeling\data\labeled\intact\frames_8f5f4497d3dc_img1.jpg,..\image_labeling\data\labeled\intact\frames_8f5f4497d3dc_img3.jpg,4
..\image_labeling\data\labeled\intact\frames_8f5f4497d3dc_img2.jpg,..\image_labeling\data\labeled\intact\frames_8f5f4497d3dc_img3.jpg,2
..\image_labeling\data\labeled\intact\frames_8fcfa3b9f349_img1.jpg,..\image_labeling\data\labeled\intact\raw_media_8fcfa3b9f349_img2.jpg,10
..\image_labeling\data\labeled\intact\frames_8fcfa3b9f349_img2.jpg,..\image_labeling\data\labeled\intact\frames_8fcfa3b9f349_img3.jpg,4
..\image_labeling\data\labeled\intact\frames_8fdb4db85228_img2.jpg,..\image_labeling\data\labeled\intact\frames_8fdb4db85228_img3.jpg,6
..\image_labeling\data\labeled\intact\frames_90aaf1d965ee_img1.jpg,..\image_labeling\data\labeled\intact\frames_b503147c385e_img3.jpg,10
..\image_labeling\data\labeled\intact\frames_90aaf1d965ee_img2.jpg,..\image_labeling\data\labeled\intact\frames_b503147c385e_img1.jpg,4
..\image_labeling\data\labeled\intact\frames_90aaf1d965ee_img2.jpg,..\image_labeling\data\labeled\intact\frames_b503147c385e_img2.jpg,2
..\image_labeling\data\labeled\intact\frames_90aaf1d965ee_img2.jpg,..\image_labeling\data\labeled\intact\frames_b503147c385e_img3.jpg,2
..\image_labeling\data\labeled\intact\frames_90aaf1d965ee_img3.jpg,..\image_labeling\data\labeled\intact\frames_b503147c385e_img3.jpg,10
..\image_labeling\data\labeled\intact\frames_92e9f0dcee41_img1.jpg,..\image_labeling\data\labeled\intact\frames_92e9f0dcee41_img2.jpg,6
..\image_labeling\data\labeled\intact\frames_934368ce4d8e_img1.jpg,..\image_labeling\data\labeled\intact\frames_934368ce4d8e_img2.jpg,10
..\image_labeling\data\labeled\intact\frames_934368ce4d8e_img1.jpg,..\image_labeling\data\labeled\intact\frames_934368ce4d8e_img3.jpg,8
..\image_labeling\data\labeled\intact\frames_934368ce4d8e_img2.jpg,..\image_labeling\data\labeled\intact\frames_934368ce4d8e_img3.jpg,4
..\image_labeling\data\labeled\intact\frames_95c77f5b1659_img2.jpg,..\image_labeling\data\labeled\intact\frames_95c77f5b1659_img3.jpg,8
..\image_labeling\data\labeled\intact\frames_96762997eadb_img1.jpg,..\image_labeling\data\labeled\intact\frames_96762997eadb_img2.jpg,0
..\image_labeling\data\labeled\intact\frames_96762997eadb_img1.jpg,..\image_labeling\data\labeled\intact\frames_96762997eadb_img3.jpg,4
..\image_labeling\data\labeled\intact\frames_96762997eadb_img2.jpg,..\image_labeling\data\labeled\intact\frames_96762997eadb_img3.jpg,4
..\image_labeling\data\labeled\intact\frames_96d6f230bee9_img2.jpg,..\image_labeling\data\labeled\intact\frames_96d6f230bee9_img3.jpg,4
..\image_labeling\data\labeled\intact\frames_97835425a1ec_img1.jpg,..\image_labeling\data\labeled\intact\frames_97835425a1ec_img2.jpg,10
..\image_labeling\data\labeled\intact\frames_97835425a1ec_img1.jpg,..\image_labeling\data\labeled\intact\frames_97835425a1ec_img3.jpg,10
..\image_labeling\data\labeled\intact\frames_97835425a1ec_img2.jpg,..\image_labeling\data\labeled\intact\frames_97835425a1ec_img3.jpg,0
..\image_labeling\data\labeled\intact\frames_98836109dc6c_img1.jpg,..\image_labeling\data\labeled\intact\frames_ed7836383cdb_img1.jpg,6
..\image_labeling\data\labeled\intact\frames_98e9648e118a_img1.jpg,..\image_labeling\data\labeled\intact\frames_98e9648e118a_img2.jpg,0
..\image_labeling\data\labeled\intact\frames_98e9648e118a_img1.jpg,..\image_labeling\data\labeled\intact\frames_98e9648e118a_img3.jpg,8
..\image_labeling\data\labeled\intact\frames_98e9648e118a_img2.jpg,..\image_labeling\data\labeled\intact\frames_98e9648e118a_img3.jpg,8
..\image_labeling\data\labeled\intact\frames_998f61668256_img1.jpg,..\image_labeling\data\labeled\intact\frames_998f61668256_img2.jpg,2
..\image_labeling\data\labeled\intact\frames_998f61668256_img1.jpg,..\image_labeling\data\labeled\intact\frames_a610c5514c3a_img2.jpg,10
..\image_labeling\data\labeled\intact\frames_998f61668256_img2.jpg,..\image_labeling\data\labeled\intact\frames_a610c5514c3a_img2.jpg,8
..\image_labeling\data\labeled\intact\frames_9a696b180201_img1.jpg,..\image_labeling\data\labeled\intact\frames_9a696b180201_img2.jpg,0
..\image_labeling\data\labeled\intact\frames_9a696b180201_img1.jpg,..\image_labeling\data\labeled\intact\frames_9a696b180201_img3.jpg,4
..\image_labeling\data\labeled\intact\frames_9a696b180201_img2.jpg,..\image_labeling\data\labeled\intact\frames_9a696b180201_img3.jpg,4
..\image_labeling\data\labeled\intact\frames_9bb8b2dfad6b_img2.jpg,..\image_labeling\data\labeled\intact\frames_9bb8b2dfad6b_img3.jpg,8
..\image_labeling\data\labeled\intact\frames_9cc1cda01ba7_img1.jpg,..\image_labeling\data\labeled\intact\frames_9cc1cda01ba7_img2.jpg,2
..\image_labeling\data\labeled\intact\frames_9d2d533d60ac_img1.jpg,..\image_labeling\data\labeled\intact\frames_9d2d533d60ac_img2.jpg,6
..\image_labeling\data\labeled\intact\frames_9d2e33e49d99_img1.jpg,..\image_labeling\data\labeled\intact\frames_9d2e33e49d99_img2.jpg,4
..\image_labeling\data\labeled\intact\frames_9df9a689a23e_img1.jpg,..\image_labeling\data\labeled\intact\frames_9df9a689a23e_img3.jpg,2
..\image_labeling\data\labeled\intact\frames_9f1def4b8b0c_img1.jpg,..\image_labeling\data\labeled\intact\frames_9f1def4b8b0c_img2.jpg,8
..\image_labeling\data\labeled\intact\frames_9f1def4b8b0c_img1.jpg,..\image_labeling\data\labeled\intact\frames_9f1def4b8b0c_img3.jpg,6
..\image_labeling\data\labeled\intact\frames_9f1def4b8b0c_img2.jpg,..\image_labeling\data\labeled\intact\frames_9f1def4b8b0c_img3.jpg,2
..\image_labeling\data\labeled\intact\frames_a114f3ab3d29_img1.jpg,..\image_labeling\data\labeled\intact\frames_a114f3ab3d29_img3.jpg,2
..\image_labeling\data\labeled\intact\frames_a30dc8acd389_img1.jpg,..\image_labeling\data\labeled\intact\frames_a30dc8acd389_img2.jpg,2
..\image_labeling\data\labeled\intact\frames_a30dc8acd389_img1.jpg,..\image_labeling\data\labeled\intact\frames_a30dc8acd389_img3.jpg,6
..\image_labeling\data\labeled\intact\frames_a30dc8acd389_img1.jpg,..\image_labeling\data\labeled\intact\frames_ebaaff379c79_img1.jpg,10
..\image_labeling\data\labeled\intact\frames_a30dc8acd389_img1.jpg,..\image_labeling\data\labeled\intact\frames_ebaaff379c79_img2.jpg,6
..\image_labeling\data\labeled\intact\frames_a30dc8acd389_img1.jpg,..\image_labeling\data\labeled\intact\frames_ebaaff379c79_img3.jpg,6
..\image_labeling\data\labeled\intact\frames_a30dc8acd389_img2.jpg,..\image_labeling\data\labeled\intact\frames_a30dc8acd389_img3.jpg,4
..\image_labeling\data\labeled\intact\frames_a30dc8acd389_img2.jpg,..\image_labeling\data\labeled\intact\frames_ebaaff379c79_img1.jpg,8
..\image_labeling\data\labeled\intact\frames_a30dc8acd389_img2.jpg,..\image_labeling\data\labeled\intact\frames_ebaaff379c79_img2.jpg,4
..\image_labeling\data\labeled\intact\frames_a30dc8acd389_img2.jpg,..\image_labeling\data\labeled\intact\frames_ebaaff379c79_img3.jpg,4
..\image_labeling\data\labeled\intact\frames_a30dc8acd389_img3.jpg,..\image_labeling\data\labeled\intact\frames_ebaaff379c79_img1.jpg,4
..\image_labeling\data\labeled\intact\frames_a30dc8acd389_img3.jpg,..\image_labeling\data\labeled\intact\frames_ebaaff379c79_img2.jpg,0
..\image_labeling\data\labeled\intact\frames_a30dc8acd389_img3.jpg,..\image_labeling\data\labeled\intact\frames_ebaaff379c79_img3.jpg,0
..\image_labeling\data\labeled\intact\frames_a42327713762_img2.jpg,..\image_labeling\data\labeled\intact\frames_a42327713762_img3.jpg,10
..\image_labeling\data\labeled\intact\frames_a5cd8a5b62fb_img1.jpg,..\image_labeling\data\labeled\intact\frames_a5cd8a5b62fb_img2.jpg,4
..\image_labeling\data\labeled\intact\frames_a5cd8a5b62fb_img1.jpg,..\image_labeling\data\labeled\intact\frames_a5cd8a5b62fb_img3.jpg,6
..\image_labeling\data\labeled\intact\frames_a5cd8a5b62fb_img2.jpg,..\image_labeling\data\labeled\intact\frames_a5cd8a5b62fb_img3.jpg,2
..\image_labeling\data\labeled\intact\frames_a627b123f339_img1.jpg,..\image_labeling\data\labeled\intact\frames_a627b123f339_img2.jpg,8
..\image_labeling\data\labeled\intact\frames_a627b123f339_img3.jpg,..\image_labeling\data\labeled\intact\frames_fa757baf40d4_img2.jpg,6
..\image_labeling\data\labeled\intact\frames_a70861075b5e_img1.jpg,..\image_labeling\data\labeled\intact\frames_bf37c0d102af_img1.jpg,2
..\image_labeling\data\labeled\intact\frames_a70861075b5e_img2.jpg,..\image_labeling\data\labeled\intact\frames_a70861075b5e_img3.jpg,0
..\image_labeling\data\labeled\intact\frames_a70861075b5e_img2.jpg,..\image_labeling\data\labeled\intact\frames_bf37c0d102af_img2.jpg,0
..\image_labeling\data\labeled\intact\frames_a70861075b5e_img2.jpg,..\image_labeling\data\labeled\intact\frames_bf37c0d102af_img3.jpg,0
..\image_labeling\data\labeled\intact\frames_a70861075b5e_img3.jpg,..\image_labeling\data\labeled\intact\frames_bf37c0d102af_img2.jpg,0
..\image_labeling\data\labeled\intact\frames_a70861075b5e_img3.jpg,..\image_labeling\data\labeled\intact\frames_bf37c0d102af_img3.jpg,0
..\image_labeling\data\labeled\intact\frames_a9f87e08e085_img2.jpg,..\image_labeling\data\labeled\intact\frames_a9f87e08e085_img3.jpg,6
..\image_labeling\data\labeled\intact\frames_a9f87e08e085_img2.jpg,..\image_labeling\data\labeled\intact\frames_dc3f8f63c227_img3.jpg,10
..\image_labeling\data\labeled\intact\frames_a9f87e08e085_img3.jpg,..\image_labeling\data\labeled\intact\frames_dc3f8f63c227_img3.jpg,4
..\image_labeling\data\labeled\intact\frames_ab2ffad03bce_img2.jpg,..\image_labeling\data\labeled\intact\frames_ab2ffad03bce_img3.jpg,6
..\image_labeling\data\labeled\intact\frames_ac1ca76686ce_img1.jpg,..\image_labeling\data\labeled\irrelevant\frames_72b743d1db99_img2.jpg,8
..\image_labeling\data\labeled\intact\frames_acd580fed343_img1.jpg,..\image_labeling\data\labeled\intact\frames_acd580fed343_img2.jpg,4
..\image_labeling\data\labeled\intact\frames_acd580fed343_img1.jpg,..\image_labeling\data\labeled\intact\frames_acd580fed343_img3.jpg,4
..\image_labeling\data\labeled\intact\frames_acd580fed343_img2.jpg,..\image_labeling\data\labeled\intact\frames_acd580fed343_img3.jpg,0
..\image_labeling\data\labeled\intact\frames_ad62c179acfb_img1.jpg,..\image_labeling\data\labeled\intact\frames_ad62c179acfb_img3.jpg,8
..\image_labeling\data\labeled\intact\frames_af9e3f46466e_img2.jpg,..\image_labeling\data\labeled\intact\frames_af9e3f46466e_img3.jpg,8
..\image_labeling\data\labeled\intact\frames_b02e4ccb40fc_img1.jpg,..\image_labeling\data\labeled\intact\frames_b02e4ccb40fc_img2.jpg,6
..\image_labeling\data\labeled\intact\frames_b02e4ccb40fc_img1.jpg,..\image_labeling\data\labeled\intact\frames_b02e4ccb40fc_img3.jpg,4
..\image_labeling\data\labeled\intact\frames_b02e4ccb40fc_img2.jpg,..\image_labeling\data\labeled\intact\frames_b02e4ccb40fc_img3.jpg,6
..\image_labeling\data\labeled\intact\frames_b0bf2f4bec69_img1.jpg,..\image_labeling\data\labeled\intact\frames_b0bf2f4bec69_img2.jpg,8
..\image_labeling\data\labeled\intact\frames_b0bf2f4bec69_img1.jpg,..\image_labeling\data\labeled\intact\frames_fc7540932882_img1.jpg,10
..\image_labeling\data\labeled\intact\frames_b0bf2f4bec69_img2.jpg,..\image_labeling\data\labeled\intact\frames_b0bf2f4bec69_img3.jpg,10
..\image_labeling\data\labeled\intact\frames_b0bf2f4bec69_img2.jpg,..\image_labeling\data\labeled\intact\frames_fc7540932882_img1.jpg,4
..\image_labeling\data\labeled\intact\frames_b0bf2f4bec69_img2.jpg,..\image_labeling\data\labeled\intact\frames_fc7540932882_img2.jpg,6
..\image_labeling\data\labeled\intact\frames_b0bf2f4bec69_img2.jpg,..\image_labeling\data\labeled\intact\frames_fc7540932882_img3.jpg,8
..\image_labeling\data\labeled\intact\frames_b0bf2f4bec69_img3.jpg,..\image_labeling\data\labeled\intact\frames_fc7540932882_img2.jpg,4
..\image_labeling\data\labeled\intact\frames_b0bf2f4bec69_img3.jpg,..\image_labeling\data\labeled\intact\frames_fc7540932882_img3.jpg,2
..\image_labeling\data\labeled\intact\frames_b11cde9827d0_img2.jpg,..\image_labeling\data\labeled\intact\frames_b11cde9827d0_img3.jpg,8
..\image_labeling\data\labeled\intact\frames_b2c5ce957e40_img1.jpg,..\image_labeling\data\labeled\intact\frames_b2c5ce957e40_img2.jpg,0
..\image_labeling\data\labeled\intact\frames_b2c5ce957e40_img1.jpg,..\image_labeling\data\labeled\intact\frames_b2c5ce957e40_img3.jpg,0
..\image_labeling\data\labeled\intact\frames_b2c5ce957e40_img2.jpg,..\image_labeling\data\labeled\intact\frames_b2c5ce957e40_img3.jpg,0
..\image_labeling\data\labeled\intact\frames_b39e31834317_img1.jpg,..\image_labeling\data\labeled\intact\frames_b39e31834317_img2.jpg,2
..\image_labeling\data\labeled\intact\frames_b39e31834317_img1.jpg,..\image_labeling\data\labeled\intact\frames_b39e31834317_img3.jpg,4
..\image_labeling\data\labeled\intact\frames_b39e31834317_img2.jpg,..\image_labeling\data\labeled\intact\frames_b39e31834317_img3.jpg,4
..\image_labeling\data\labeled\intact\frames_b42decfc5802_img1.jpg,..\image_labeling\data\labeled\intact\frames_b42decfc5802_img2.jpg,4
..\image_labeling\data\labeled\intact\frames_b42decfc5802_img1.jpg,..\image_labeling\data\labeled\intact\frames_b42decfc5802_img3.jpg,4
..\image_labeling\data\labeled\intact\frames_b42decfc5802_img2.jpg,..\image_labeling\data\labeled\intact\frames_b42decfc5802_img3.jpg,0
..\image_labeling\data\labeled\intact\frames_b503147c385e_img1.jpg,..\image_labeling\data\labeled\intact\frames_b503147c385e_img2.jpg,6
..\image_labeling\data\labeled\intact\frames_b503147c385e_img1.jpg,..\image_labeling\data\labeled\intact\frames_b503147c385e_img3.jpg,4
..\image_labeling\data\labeled\intact\frames_b503147c385e_img2.jpg,..\image_labeling\data\labeled\intact\frames_b503147c385e_img3.jpg,4
..\image_labeling\data\labeled\intact\frames_b5e4509d64c2_img1.jpg,..\image_labeling\data\labeled\intact\frames_b5e4509d64c2_img2.jpg,8
..\image_labeling\data\labeled\intact\frames_b7220e4b1095_img2.jpg,..\image_labeling\data\labeled\intact\frames_b7220e4b1095_img3.jpg,8
..\image_labeling\data\labeled\intact\frames_b80859d69845_img2.jpg,..\image_labeling\data\labeled\intact\frames_b80859d69845_img3.jpg,8
..\image_labeling\data\labeled\intact\frames_b97e15e79c35_img1.jpg,..\image_labeling\data\labeled\intact\frames_b97e15e79c35_img2.jpg,4
..\image_labeling\data\labeled\intact\frames_b97e15e79c35_img1.jpg,..\image_labeling\data\labeled\intact\frames_b97e15e79c35_img3.jpg,8
..\image_labeling\data\labeled\intact\frames_b97e15e79c35_img2.jpg,..\image_labeling\data\labeled\intact\frames_b97e15e79c35_img3.jpg,6
..\image_labeling\data\labeled\intact\frames_b9ecdfcdf572_img1.jpg,..\image_labeling\data\labeled\intact\frames_b9ecdfcdf572_img2.jpg,4
..\image_labeling\data\labeled\intact\frames_bb59c0fb6019_img1.jpg,..\image_labeling\data\labeled\intact\frames_bb59c0fb6019_img2.jpg,6
..\image_labeling\data\labeled\intact\frames_bba39bfa5454_img1.jpg,..\image_labeling\data\labeled\intact\frames_bba39bfa5454_img2.jpg,2
..\image_labeling\data\labeled\intact\frames_bc52de36d8b9_img1.jpg,..\image_labeling\data\labeled\intact\frames_bc52de36d8b9_img2.jpg,8
..\image_labeling\data\labeled\intact\frames_bc52de36d8b9_img1.jpg,..\image_labeling\data\labeled\intact\frames_bc52de36d8b9_img3.jpg,8
..\image_labeling\data\labeled\intact\frames_bc52de36d8b9_img2.jpg,..\image_labeling\data\labeled\intact\frames_bc52de36d8b9_img3.jpg,6
..\image_labeling\data\labeled\intact\frames_bd6ac615aa30_img2.jpg,..\image_labeling\data\labeled\intact\frames_bd6ac615aa30_img3.jpg,2
..\image_labeling\data\labeled\intact\frames_be4e9973bccd_img1.jpg,..\image_labeling\data\labeled\intact\frames_be4e9973bccd_img2.jpg,8
..\image_labeling\data\labeled\intact\frames_bf37c0d102af_img2.jpg,..\image_labeling\data\labeled\intact\frames_bf37c0d102af_img3.jpg,0
..\image_labeling\data\labeled\intact\frames_c10904b86f22_img1.jpg,..\image_labeling\data\labeled\intact\frames_c10904b86f22_img2.jpg,10
..\image_labeling\data\labeled\intact\frames_c28b400e3cc7_img1.jpg,..\image_labeling\data\labeled\intact\frames_c28b400e3cc7_img2.jpg,2
..\image_labeling\data\labeled\intact\frames_c28b400e3cc7_img1.jpg,..\image_labeling\data\labeled\intact\frames_c28b400e3cc7_img3.jpg,4
..\image_labeling\data\labeled\intact\frames_c28b400e3cc7_img2.jpg,..\image_labeling\data\labeled\intact\frames_c28b400e3cc7_img3.jpg,4
..\image_labeling\data\labeled\intact\frames_c3e39148a101_img1.jpg,..\image_labeling\data\labeled\intact\frames_c3e39148a101_img2.jpg,0
..\image_labeling\data\labeled\intact\frames_c3e39148a101_img1.jpg,..\image_labeling\data\labeled\intact\frames_c3e39148a101_img3.jpg,2
..\image_labeling\data\labeled\intact\frames_c3e39148a101_img2.jpg,..\image_labeling\data\labeled\intact\frames_c3e39148a101_img3.jpg,2
..\image_labeling\data\labeled\intact\frames_c4120d002f48_img1.jpg,..\image_labeling\data\labeled\intact\frames_c4120d002f48_img2.jpg,0
..\image_labeling\data\labeled\intact\frames_c4120d002f48_img1.jpg,..\image_labeling\data\labeled\intact\frames_c4120d002f48_img3.jpg,0
..\image_labeling\data\labeled\intact\frames_c4120d002f48_img2.jpg,..\image_labeling\data\labeled\intact\frames_c4120d002f48_img3.jpg,0
..\image_labeling\data\labeled\intact\frames_c4db1371ece6_img1.jpg,..\image_labeling\data\labeled\intact\frames_c4db1371ece6_img2.jpg,4
..\image_labeling\data\labeled\intact\frames_c623d20382e2_img2.jpg,..\image_labeling\data\labeled\intact\frames_c623d20382e2_img3.jpg,4
..\image_labeling\data\labeled\intact\frames_c9ce5ad95a96_img1.jpg,..\image_labeling\data\labeled\intact\frames_c9ce5ad95a96_img2.jpg,4
..\image_labeling\data\labeled\intact\frames_ca339b2cac3c_img1.jpg,..\image_labeling\data\labeled\intact\frames_d3ae73efca85_img2.jpg,0
..\image_labeling\data\labeled\intact\frames_ca339b2cac3c_img1.jpg,..\image_labeling\data\labeled\intact\frames_d3ae73efca85_img3.jpg,4
..\image_labeling\data\labeled\intact\frames_ca339b2cac3c_img2.jpg,..\image_labeling\data\labeled\intact\frames_d3ae73efca85_img3.jpg,8
..\image_labeling\data\labeled\intact\frames_ca339b2cac3c_img2.jpg,..\image_labeling\data\labeled\intact\frames_de1a7a8de3a3_img3.jpg,8
..\image_labeling\data\labeled\intact\frames_caff44c06442_img1.jpg,..\image_labeling\data\labeled\intact\frames_caff44c06442_img2.jpg,2
..\image_labeling\data\labeled\intact\frames_caff44c06442_img1.jpg,..\image_labeling\data\labeled\intact\frames_caff44c06442_img3.jpg,8
..\image_labeling\data\labeled\intact\frames_caff44c06442_img2.jpg,..\image_labeling\data\labeled\intact\frames_caff44c06442_img3.jpg,6
..\image_labeling\data\labeled\intact\frames_cbc95560c21f_img1.jpg,..\image_labeling\data\labeled\intact\frames_cbc95560c21f_img2.jpg,2
..\image_labeling\data\labeled\intact\frames_cbc95560c21f_img1.jpg,..\image_labeling\data\labeled\intact\frames_cbc95560c21f_img3.jpg,4
..\image_labeling\data\labeled\intact\frames_cbc95560c21f_img2.jpg,..\image_labeling\data\labeled\intact\frames_cbc95560c21f_img3.jpg,2
..\image_labeling\data\labeled\intact\frames_cd0b793bd6d3_img1.jpg,..\image_labeling\data\labeled\intact\frames_cd0b793bd6d3_img2.jpg,2
..\image_labeling\data\labeled\intact\frames_cd0b793bd6d3_img1.jpg,..\image_labeling\data\labeled\intact\frames_cd0b793bd6d3_img3.jpg,10
..\image_labeling\data\labeled\intact\frames_cdffcbc540b4_img1.jpg,..\image_labeling\data\labeled\intact\frames_cdffcbc540b4_img2.jpg,10
..\image_labeling\data\labeled\intact\frames_ce288a70d561_img2.jpg,..\image_labeling\data\labeled\intact\frames_ce288a70d561_img3.jpg,10
..\image_labeling\data\labeled\intact\frames_d0a4364bfe3d_img1.jpg,..\image_labeling\data\labeled\intact\frames_d0a4364bfe3d_img2.jpg,10
..\image_labeling\data\labeled\intact\frames_d0a4364bfe3d_img2.jpg,..\image_labeling\data\labeled\intact\frames_d0a4364bfe3d_img3.jpg,4
..\image_labeling\data\labeled\intact\frames_d20489037f3c_img1.jpg,..\image_labeling\data\labeled\intact\frames_d20489037f3c_img2.jpg,8
..\image_labeling\data\labeled\intact\frames_d20489037f3c_img1.jpg,..\image_labeling\data\labeled\intact\frames_e9ec8599acc1_img1.jpg,6
..\image_labeling\data\labeled\intact\frames_d20489037f3c_img2.jpg,..\image_labeling\data\labeled\intact\frames_e9ec8599acc1_img1.jpg,4
..\image_labeling\data\labeled\intact\frames_d20489037f3c_img3.jpg,..\image_labeling\data\labeled\intact\frames_e9ec8599acc1_img3.jpg,6
..\image_labeling\data\labeled\intact\frames_d350e64a1d4f_img2.jpg,..\image_labeling\data\labeled\intact\frames_d350e64a1d4f_img3.jpg,2
..\image_labeling\data\labeled\intact\frames_d350e64a1d4f_img2.jpg,..\image_labeling\data\labeled\irrelevant\frames_256b3a35511e_img3.jpg,4
..\image_labeling\data\labeled\intact\frames_d350e64a1d4f_img3.jpg,..\image_labeling\data\labeled\irrelevant\frames_256b3a35511e_img3.jpg,6
..\image_labeling\data\labeled\intact\frames_d3ae73efca85_img2.jpg,..\image_labeling\data\labeled\intact\frames_d3ae73efca85_img3.jpg,4
..\image_labeling\data\labeled\intact\frames_d4b3555cc013_img1.jpg,..\image_labeling\data\labeled\intact\frames_d4b3555cc013_img2.jpg,6
..\image_labeling\data\labeled\intact\frames_d80c2e52def9_img2.jpg,..\image_labeling\data\labeled\intact\frames_d80c2e52def9_img3.jpg,2
..\image_labeling\data\labeled\intact\frames_d8d3ee79ca37_img2.jpg,..\image_labeling\data\labeled\intact\frames_d8d3ee79ca37_img3.jpg,2
..\image_labeling\data\labeled\intact\frames_d95d8c303907_img1.jpg,..\image_labeling\data\labeled\intact\frames_d95d8c303907_img2.jpg,2
..\image_labeling\data\labeled\intact\frames_d95d8c303907_img1.jpg,..\image_labeling\data\labeled\intact\frames_d95d8c303907_img3.jpg,2
..\image_labeling\data\labeled\intact\frames_d95d8c303907_img2.jpg,..\image_labeling\data\labeled\intact\frames_d95d8c303907_img3.jpg,4
..\image_labeling\data\labeled\intact\frames_d99fed2e5ed2_img1.jpg,..\image_labeling\data\labeled\intact\frames_d99fed2e5ed2_img2.jpg,6
..\image_labeling\data\labeled\intact\frames_d99fed2e5ed2_img2.jpg,..\image_labeling\data\labeled\intact\frames_d99fed2e5ed2_img3.jpg,6
..\image_labeling\data\labeled\intact\frames_da911e755216_img1.jpg,..\image_labeling\data\labeled\intact\frames_da911e755216_img2.jpg,2
..\image_labeling\data\labeled\intact\frames_da911e755216_img2.jpg,..\image_labeling\data\labeled\intact\frames_da911e755216_img3.jpg,10
..\image_labeling\data\labeled\intact\frames_da9839ae538b_img1.jpg,..\image_labeling\data\labeled\intact\frames_da9839ae538b_img2.jpg,4
..\image_labeling\data\labeled\intact\frames_db08d18d88e3_img1.jpg,..\image_labeling\data\labeled\intact\frames_db08d18d88e3_img2.jpg,8
..\image_labeling\data\labeled\intact\frames_db08d18d88e3_img1.jpg,..\image_labeling\data\labeled\intact\frames_db08d18d88e3_img3.jpg,8
..\image_labeling\data\labeled\intact\frames_db08d18d88e3_img2.jpg,..\image_labeling\data\labeled\intact\frames_db08d18d88e3_img3.jpg,0
..\image_labeling\data\labeled\intact\frames_dbff24d91bd1_img2.jpg,..\image_labeling\data\labeled\intact\frames_dbff24d91bd1_img3.jpg,2
..\image_labeling\data\labeled\intact\frames_dd052a0f5214_img1.jpg,..\image_labeling\data\labeled\intact\frames_dd052a0f5214_img2.jpg,10
..\image_labeling\data\labeled\intact\frames_dd74e51de212_img2.jpg,..\image_labeling\data\labeled\intact\frames_dd74e51de212_img3.jpg,6
..\image_labeling\data\labeled\intact\frames_ddfd3acd549e_img1.jpg,..\image_labeling\data\labeled\intact\frames_ddfd3acd549e_img2.jpg,0
..\image_labeling\data\labeled\intact\frames_ddfd3acd549e_img1.jpg,..\image_labeling\data\labeled\intact\frames_ddfd3acd549e_img3.jpg,2
..\image_labeling\data\labeled\intact\frames_ddfd3acd549e_img2.jpg,..\image_labeling\data\labeled\intact\frames_ddfd3acd549e_img3.jpg,2
..\image_labeling\data\labeled\intact\frames_df7f9135a60b_img1.jpg,..\image_labeling\data\labeled\intact\frames_df7f9135a60b_img2.jpg,10
..\image_labeling\data\labeled\intact\frames_e016d29b0b90_img1.jpg,..\image_labeling\data\labeled\intact\frames_e016d29b0b90_img2.jpg,4
..\image_labeling\data\labeled\intact\frames_e016d29b0b90_img1.jpg,..\image_labeling\data\labeled\intact\frames_e016d29b0b90_img3.jpg,6
..\image_labeling\data\labeled\intact\frames_e016d29b0b90_img2.jpg,..\image_labeling\data\labeled\intact\frames_e016d29b0b90_img3.jpg,10
..\image_labeling\data\labeled\intact\frames_e02ca70b3304_img1.jpg,..\image_labeling\data\labeled\intact\frames_e02ca70b3304_img2.jpg,0
..\image_labeling\data\labeled\intact\frames_e02ca70b3304_img1.jpg,..\image_labeling\data\labeled\intact\frames_e02ca70b3304_img3.jpg,2
..\image_labeling\data\labeled\intact\frames_e02ca70b3304_img2.jpg,..\image_labeling\data\labeled\intact\frames_e02ca70b3304_img3.jpg,2
..\image_labeling\data\labeled\intact\frames_e18aa19ef31a_img1.jpg,..\image_labeling\data\labeled\intact\frames_e18aa19ef31a_img2.jpg,2
..\image_labeling\data\labeled\intact\frames_e18aa19ef31a_img1.jpg,..\image_labeling\data\labeled\intact\frames_e18aa19ef31a_img3.jpg,4
..\image_labeling\data\labeled\intact\frames_e18aa19ef31a_img2.jpg,..\image_labeling\data\labeled\intact\frames_e18aa19ef31a_img3.jpg,2
..\image_labeling\data\labeled\intact\frames_e21b237d062c_img1.jpg,..\image_labeling\data\labeled\intact\frames_e21b237d062c_img2.jpg,4
..\image_labeling\data\labeled\intact\frames_e354fc823c13_img2.jpg,..\image_labeling\data\labeled\intact\frames_e354fc823c13_img3.jpg,6
..\image_labeling\data\labeled\intact\frames_e406294be264_img2.jpg,..\image_labeling\data\labeled\intact\frames_e406294be264_img3.jpg,6
..\image_labeling\data\labeled\intact\frames_e4c5c047a5d3_img1.jpg,..\image_labeling\data\labeled\irrelevant\raw_media_4d9c2526d10f_img1.jpg,10
..\image_labeling\data\labeled\intact\frames_e4c5c047a5d3_img1.jpg,..\image_labeling\data\labeled\irrelevant\raw_media_e709010fb1e9_img1.jpg,10
..\image_labeling\data\labeled\intact\frames_e63804eb8045_img1.jpg,..\image_labeling\data\labeled\intact\frames_e63804eb8045_img2.jpg,6
..\image_labeling\data\labeled\intact\frames_e63804eb8045_img1.jpg,..\image_labeling\data\labeled\intact\frames_e63804eb8045_img3.jpg,6
..\image_labeling\data\labeled\intact\frames_e63804eb8045_img2.jpg,..\image_labeling\data\labeled\intact\frames_e63804eb8045_img3.jpg,4
..\image_labeling\data\labeled\intact\frames_e6fed4c64715_img1.jpg,..\image_labeling\data\labeled\intact\frames_e6fed4c64715_img2.jpg,6
..\image_labeling\data\labeled\intact\frames_e6fed4c64715_img1.jpg,..\image_labeling\data\labeled\intact\frames_e6fed4c64715_img3.jpg,6
..\image_labeling\data\labeled\intact\frames_e6fed4c64715_img2.jpg,..\image_labeling\data\labeled\intact\frames_e6fed4c64715_img3.jpg,2
..\image_labeling\data\labeled\intact\frames_e762dcbbea96_img2.jpg,..\image_labeling\data\labeled\intact\frames_e762dcbbea96_img3.jpg,2
..\image_labeling\data\labeled\intact\frames_e9775788c47c_img1.jpg,..\image_labeling\data\labeled\intact\frames_e9775788c47c_img2.jpg,2
..\image_labeling\data\labeled\intact\frames_e9ec8599acc1_img2.jpg,..\image_labeling\data\labeled\intact\frames_e9ec8599acc1_img3.jpg,6
..\image_labeling\data\labeled\intact\frames_eac16f15ed98_img1.jpg,..\image_labeling\data\labeled\intact\frames_eac16f15ed98_img2.jpg,2
..\image_labeling\data\labeled\intact\frames_eac16f15ed98_img1.jpg,..\image_labeling\data\labeled\intact\frames_eac16f15ed98_img3.jpg,4
..\image_labeling\data\labeled\intact\frames_eac16f15ed98_img2.jpg,..\image_labeling\data\labeled\intact\frames_eac16f15ed98_img3.jpg,2
..\image_labeling\data\labeled\intact\frames_ead707afb0e9_img1.jpg,..\image_labeling\data\labeled\intact\frames_ead707afb0e9_img2.jpg,8
..\image_labeling\data\labeled\intact\frames_ead707afb0e9_img2.jpg,..\image_labeling\data\labeled\intact\frames_ead707afb0e9_img3.jpg,8
..\image_labeling\data\labeled\intact\frames_ebaaff379c79_img1.jpg,..\image_labeling\data\labeled\intact\frames_ebaaff379c79_img2.jpg,4
..\image_labeling\data\labeled\intact\frames_ebaaff379c79_img1.jpg,..\image_labeling\data\labeled\intact\frames_ebaaff379c79_img3.jpg,4
..\image_labeling\data\labeled\intact\frames_ebaaff379c79_img2.jpg,..\image_labeling\data\labeled\intact\frames_ebaaff379c79_img3.jpg,0
..\image_labeling\data\labeled\intact\frames_edd57e4ea0b0_img2.jpg,..\image_labeling\data\labeled\intact\frames_edd57e4ea0b0_img3.jpg,4
..\image_labeling\data\labeled\intact\frames_ee97c8370445_img1.jpg,..\image_labeling\data\labeled\intact\frames_ee97c8370445_img2.jpg,2
..\image_labeling\data\labeled\intact\frames_ee97c8370445_img1.jpg,..\image_labeling\data\labeled\intact\frames_ee97c8370445_img3.jpg,6
..\image_labeling\data\labeled\intact\frames_ee97c8370445_img2.jpg,..\image_labeling\data\labeled\intact\frames_ee97c8370445_img3.jpg,4
..\image_labeling\data\labeled\intact\frames_f0e09da603ae_img1.jpg,..\image_labeling\data\labeled\intact\frames_f0e09da603ae_img2.jpg,8
..\image_labeling\data\labeled\intact\frames_f0e09da603ae_img2.jpg,..\image_labeling\data\labeled\irrelevant\raw_media_13072dfc14f6_img1.jpg,10
..\image_labeling\data\labeled\intact\frames_f0e09da603ae_img2.jpg,..\image_labeling\data\labeled\irrelevant\raw_media_f8d3fc32b22a_img1.jpg,10
..\image_labeling\data\labeled\intact\frames_f12ba842e933_img1.jpg,..\image_labeling\data\labeled\intact\frames_f12ba842e933_img2.jpg,2
..\image_labeling\data\labeled\intact\frames_f12ba842e933_img1.jpg,..\image_labeling\data\labeled\intact\frames_f12ba842e933_img3.jpg,4
..\image_labeling\data\labeled\intact\frames_f12ba842e933_img1.jpg,..\image_labeling\data\labeled\intact\raw_media_f12ba842e933_img2.jpg,10
..\image_labeling\data\labeled\intact\frames_f12ba842e933_img2.jpg,..\image_labeling\data\labeled\intact\frames_f12ba842e933_img3.jpg,4
..\image_labeling\data\labeled\intact\frames_f12ba842e933_img3.jpg,..\image_labeling\data\labeled\intact\raw_media_f12ba842e933_img2.jpg,8
..\image_labeling\data\labeled\intact\frames_f26373bec7fa_img2.jpg,..\image_labeling\data\labeled\intact\frames_f26373bec7fa_img3.jpg,8
..\image_labeling\data\labeled\intact\frames_f2e31f17ad5f_img2.jpg,..\image_labeling\data\labeled\intact\frames_f2e31f17ad5f_img3.jpg,2
..\image_labeling\data\labeled\intact\frames_f4e8b39d8beb_img1.jpg,..\image_labeling\data\labeled\intact\frames_f4e8b39d8beb_img2.jpg,2
..\image_labeling\data\labeled\intact\frames_f6676331928b_img1.jpg,..\image_labeling\data\labeled\intact\frames_f6676331928b_img2.jpg,4
..\image_labeling\data\labeled\intact\frames_f8c86f54398c_img2.jpg,..\image_labeling\data\labeled\intact\frames_f8c86f54398c_img3.jpg,8
..\image_labeling\data\labeled\intact\frames_f9938c1852c5_img1.jpg,..\image_labeling\data\labeled\intact\frames_f9938c1852c5_img2.jpg,6
..\image_labeling\data\labeled\intact\frames_f9938c1852c5_img1.jpg,..\image_labeling\data\labeled\intact\frames_f9938c1852c5_img3.jpg,8
..\image_labeling\data\labeled\intact\frames_f9938c1852c5_img2.jpg,..\image_labeling\data\labeled\intact\frames_f9938c1852c5_img3.jpg,10
..\image_labeling\data\labeled\intact\frames_face27429a8d_img1.jpg,..\image_labeling\data\labeled\intact\frames_face27429a8d_img2.jpg,10
..\image_labeling\data\labeled\intact\frames_face27429a8d_img2.jpg,..\image_labeling\data\labeled\intact\frames_face27429a8d_img3.jpg,2
..\image_labeling\data\labeled\intact\frames_fb2f19f30e17_img2.jpg,..\image_labeling\data\labeled\intact\frames_fb2f19f30e17_img3.jpg,6
..\image_labeling\data\labeled\intact\frames_fb819324cbe1_img2.jpg,..\image_labeling\data\labeled\intact\frames_fb819324cbe1_img3.jpg,8
..\image_labeling\data\labeled\intact\frames_fc7540932882_img1.jpg,..\image_labeling\data\labeled\intact\frames_fc7540932882_img2.jpg,10
..\image_labeling\data\labeled\intact\frames_fc7540932882_img2.jpg,..\image_labeling\data\labeled\intact\frames_fc7540932882_img3.jpg,2
..\image_labeling\data\labeled\intact\frames_fcdcec0b2af6_img1.jpg,..\image_labeling\data\labeled\intact\frames_fcdcec0b2af6_img2.jpg,10
..\image_labeling\data\labeled\intact\frames_fd0f3c8d5761_img1.jpg,..\image_labeling\data\labeled\intact\frames_fd0f3c8d5761_img2.jpg,10
..\image_labeling\data\labeled\intact\frames_fd0f3c8d5761_img2.jpg,..\image_labeling\data\labeled\intact\frames_fd0f3c8d5761_img3.jpg,10
..\image_labeling\data\labeled\intact\frames_fd5927b5f412_img1.jpg,..\image_labeling\data\labeled\intact\frames_fd5927b5f412_img2.jpg,6
..\image_labeling\data\labeled\intact\frames_fd85109a5e12_img1.jpg,..\image_labeling\data\labeled\intact\frames_fd85109a5e12_img2.jpg,0
..\image_labeling\data\labeled\intact\frames_fd85109a5e12_img1.jpg,..\image_labeling\data\labeled\intact\frames_fd85109a5e12_img3.jpg,4
..\image_labeling\data\labeled\intact\frames_fd85109a5e12_img2.jpg,..\image_labeling\data\labeled\intact\frames_fd85109a5e12_img3.jpg,4
..\image_labeling\data\labeled\intact\frames_fde315506a91_img2.jpg,..\image_labeling\data\labeled\intact\frames_fde315506a91_img3.jpg,8
..\image_labeling\data\labeled\intact\frames_ff7387478b34_img1.jpg,..\image_labeling\data\labeled\intact\frames_ff7387478b34_img2.jpg,6
..\image_labeling\data\labeled\intact\frames_ff7387478b34_img1.jpg,..\image_labeling\data\labeled\intact\frames_ff7387478b34_img3.jpg,8
..\image_labeling\data\labeled\intact\frames_ff7387478b34_img2.jpg,..\image_labeling\data\labeled\intact\frames_ff7387478b34_img3.jpg,2
..\image_labeling\data\labeled\intact\raw_media_00eb68b740b3_img1.jpg,..\image_labeling\data\labeled\irrelevant\raw_media_b4d5d604353f_img1.jpg,10
..\image_labeling\data\labeled\intact\raw_media_019985708404_img2.jpg,..\image_labeling\data\labeled\intact\raw_media_1d9f711766f8_img1.jpg,0
..\image_labeling\data\labeled\intact\raw_media_027e44afe359_img1.jpg,..\image_labeling\data\labeled\intact\raw_media_79a4b593071e_img1.jpg,0
..\image_labeling\data\labeled\intact\raw_media_027e44afe359_img1.jpg,..\image_labeling\data\labeled\intact\raw_media_bcccaf6ae27f_img1.jpg,0
..\image_labeling\data\labeled\intact\raw_media_027e89f9477b_img1.jpg,..\image_labeling\data\labeled\intact\raw_media_4d4b6a8a3c31_img1.jpg,0
..\image_labeling\data\labeled\intact\raw_media_027e89f9477b_img1.jpg,..\image_labeling\data\labeled\intact\raw_media_4e32739bd4b5_img1.jpg,0
..\image_labeling\data\labeled\intact\raw_media_027e89f9477b_img1.jpg,..\image_labeling\data\labeled\intact\raw_media_a5897242c939_img1.jpg,0
..\image_labeling\data\labeled\intact\raw_media_02bd982c54e8_img1.jpg,..\image_labeling\data\labeled\intact\raw_media_ffe334f0abd9_img1.jpg,0
..\image_labeling\data\labeled\intact\raw_media_032714512b94_img1.jpg,..\image_labeling\data\labeled\intact\raw_media_c1100995a60d_img1.jpg,0
..\image_labeling\data\labeled\intact\raw_media_0456b6bd372b_img1.jpg,..\image_labeling\data\labeled\intact\raw_media_2705b408a38e_img1.jpg,0
..\image_labeling\data\labeled\intact\raw_media_04d7d0e8d7b0_img1.jpg,..\image_labeling\data\labeled\intact\raw_media_dbe4f1147f21_img4.jpg,4
..\image_labeling\data\labeled\intact\raw_media_04d7d0e8d7b0_img1.jpg,..\image_labeling\data\labeled\intact\raw_media_ea6df386a775_img1.jpg,10
..\image_labeling\data\labeled\intact\raw_media_05ded1982355_img2.jpg,..\image_labeling\data\labeled\intact\raw_media_e3a21c37121f_img2.jpg,0
..\image_labeling\data\labeled\intact\raw_media_0681b1ad21b4_img2.jpg,..\image_labeling\data\labeled\intact\raw_media_50ea6212e669_img2.jpg,0
..\image_labeling\data\labeled\intact\raw_media_0696864ab49a_img2.jpg,..\image_labeling\data\labeled\intact\raw_media_b11cde9827d0_img2.jpg,0
..\image_labeling\data\labeled\intact\raw_media_06c75feea43f_img1.jpg,..\image_labeling\data\labeled\intact\raw_media_2d931f9efce4_img1.jpg,0
..\image_labeling\data\labeled\intact\raw_media_06c75feea43f_img2.jpg,..\image_labeling\data\labeled\intact\raw_media_2d931f9efce4_img2.jpg,0
..\image_labeling\data\labeled\intact\raw_media_06c75feea43f_img3.jpg,..\image_labeling\data\labeled\intact\raw_media_2d931f9efce4_img3.jpg,0
..\image_labeling\data\labeled\intact\raw_media_06e89962ad6c_img2.jpg,..\image_labeling\data\labeled\intact\raw_media_92e9f0dcee41_img2.jpg,0
..\image_labeling\data\labeled\intact\raw_media_06e89962ad6c_img3.jpg,..\image_labeling\data\labeled\intact\raw_media_92e9f0dcee41_img3.jpg,0
..\image_labeling\data\labeled\intact\raw_media_07417f24575d_img2.jpg,..\image_labeling\data\labeled\intact\raw_media_2dd0b21ca851_img2.jpg,10
..\image_labeling\data\labeled\intact\raw_media_079baa1103a4_img1.jpg,..\image_labeling\data\labeled\intact\raw_media_c699947ac2d8_img1.jpg,10
..\image_labeling\data\labeled\intact\raw_media_0882a46321f1_img2.jpg,..\image_labeling\data\labeled\intact\raw_media_8aeb9403ebac_img2.jpg,0
..\image_labeling\data\labeled\intact\raw_media_08a7dfcbd29d_img1.jpg,..\image_labeling\data\labeled\irrelevant\raw_media_6fdd828b63bb_img1.jpg,0
..\image_labeling\data\labeled\intact\raw_media_08a7dfcbd29d_img1.jpg,..\image_labeling\data\labeled\irrelevant\raw_media_7f501671fa4b_img1.jpg,0
..\image_labeling\data\labeled\intact\raw_media_08a7dfcbd29d_img1.jpg,..\image_labeling\data\labeled\irrelevant\raw_media_905d4f56d0e1_img1.jpg,0
..\image_labeling\data\labeled\intact\raw_media_090a61017d39_img1.jpg,..\image_labeling\data\labeled\intact\raw_media_ab0e732e5234_img1.jpg,0
..\image_labeling\data\labeled\intact\raw_media_090a7828d714_img2.jpg,..\image_labeling\data\labeled\intact\raw_media_dac775d9e3e5_img2.jpg,0
..\image_labeling\data\labeled\intact\raw_media_0a4892ce0115_img2.jpg,..\image_labeling\data\labeled\intact\raw_media_77e5af2ccdf5_img2.jpg,0
..\image_labeling\data\labeled\intact\raw_media_0a91f72d9552_img1.jpg,..\image_labeling\data\labeled\intact\raw_media_bf887b5fc52b_img1.jpg,0
..\image_labeling\data\labeled\intact\raw_media_0a9a704ea556_img2.jpg,..\image_labeling\data\labeled\intact\raw_media_de56ba272e93_img2.jpg,0
..\image_labeling\data\labeled\intact\raw_media_0b197646c8c3_img1.jpg,..\image_labeling\data\labeled\intact\raw_media_ac79087eb05f_img1.jpg,0
..\image_labeling\data\labeled\intact\raw_media_0b197646c8c3_img2.jpg,..\image_labeling\data\labeled\intact\raw_media_0b197646c8c3_img3.jpg,8
..\image_labeling\data\labeled\intact\raw_media_0b197646c8c3_img2.jpg,..\image_labeling\data\labeled\intact\raw_media_ac79087eb05f_img2.jpg,0
..\image_labeling\data\labeled\intact\raw_media_0b197646c8c3_img2.jpg,..\image_labeling\data\labeled\intact\raw_media_ac79087eb05f_img3.jpg,8
..\image_labeling\data\labeled\intact\raw_media_0b197646c8c3_img3.jpg,..\image_labeling\data\labeled\intact\raw_media_ac79087eb05f_img2.jpg,8
..\image_labeling\data\labeled\intact\raw_media_0b197646c8c3_img3.jpg,..\image_labeling\data\labeled\intact\raw_media_ac79087eb05f_img3.jpg,0
..\image_labeling\data\labeled\intact\raw_media_0b197646c8c3_img4.jpg,..\image_labeling\data\labeled\intact\raw_media_ac79087eb05f_img4.jpg,0
..\image_labeling\data\labeled\intact\raw_media_0bc1b46a227f_img2.jpg,..\image_labeling\data\labeled\intact\raw_media_4063b5b634db_img2.jpg,0
..\image_labeling\data\labeled\intact\raw_media_0bc1b46a227f_img3.jpg,..\image_labeling\data\labeled\intact\raw_media_4063b5b634db_img3.jpg,0
..\image_labeling\data\labeled\intact\raw_media_0ce82befdcb9_img1.jpg,..\image_labeling\data\labeled\intact\raw_media_1598d0e9b313_img3.jpg,0
..\image_labeling\data\labeled\intact\raw_media_0ce82befdcb9_img1.jpg,..\image_labeling\data\labeled\intact\raw_media_1d15665996ff_img2.jpg,0
..\image_labeling\data\labeled\intact\raw_media_0ce82befdcb9_img1.jpg,..\image_labeling\data\labeled\intact\raw_media_23a5fb4e8a82_img1.jpg,0
..\image_labeling\data\labeled\intact\raw_media_0ce82befdcb9_img2.jpg,..\image_labeling\data\labeled\intact\raw_media_1598d0e9b313_img1.jpg,0
..\image_labeling\data\labeled\intact\raw_media_0ce82befdcb9_img2.jpg,..\image_labeling\data\labeled\intact\raw_media_1d15665996ff_img1.jpg,0
..\image_labeling\data\labeled\intact\raw_media_0ce82befdcb9_img2.jpg,..\image_labeling\data\labeled\intact\raw_media_23a5fb4e8a82_img2.jpg,0
..\image_labeling\data\labeled\intact\raw_media_0ce82befdcb9_img3.jpg,..\image_labeling\data\labeled\intact\raw_media_1598d0e9b313_img2.jpg,0
..\image_labeling\data\labeled\intact\raw_media_0ce82befdcb9_img3.jpg,..\image_labeling\data\labeled\intact\raw_media_1d15665996ff_img3.jpg,0
..\image_labeling\data\labeled\intact\raw_media_0ce82befdcb9_img3.jpg,..\image_labeling\data\labeled\intact\raw_media_23a5fb4e8a82_img3.jpg,0
..\image_labeling\data\labeled\intact\raw_media_0d605876f500_img2.jpg,..\image_labeling\data\labeled\intact\raw_media_29a98ba69fc4_img2.jpg,0
..\image_labeling\data\labeled\intact\raw_media_0d6b98ef35d4_img2.jpg,..\image_labeling\data\labeled\intact\raw_media_6c1b51c0b3b7_img2.jpg,0
..\image_labeling\data\labeled\intact\raw_media_0ea5f9deb418_img2.jpg,..\image_labeling\data\labeled\intact\raw_media_b5e4509d64c2_img2.jpg,0
..\image_labeling\data\labeled\intact\raw_media_10b04047c04d_img1.jpg,..\image_labeling\data\labeled\intact\raw_media_1e1add5d458e_img1.jpg,0
..\image_labeling\data\labeled\intact\raw_media_10e2c3bc67b2_img1.jpg,..\image_labeling\data\labeled\intact\raw_media_2e2fc0d98f75_img2.jpg,0
..\image_labeling\data\labeled\intact\raw_media_10e2c3bc67b2_img1.jpg,..\image_labeling\data\labeled\intact\raw_media_bea55d1f8767_img2.jpg,0
..\image_labeling\data\labeled\intact\raw_media_10e2c3bc67b2_img1.jpg,..\image_labeling\data\labeled\intact\raw_media_ead707afb0e9_img2.jpg,0
..\image_labeling\data\labeled\intact\raw_media_12d6014c4012_img2.jpg,..\image_labeling\data\labeled\intact\raw_media_b5a52ba0224e_img2.jpg,0
..\image_labeling\data\labeled\intact\raw_media_13a92f43d7c9_img2.jpg,..\image_labeling\data\labeled\irrelevant\frames_13a92f43d7c9_img2.jpg,10
..\image_labeling\data\labeled\intact\raw_media_1419fb70033a_img4.jpg,..\image_labeling\data\labeled\intact\raw_media_6101bf85345f_img1.jpg,0
..\image_labeling\data\labeled\intact\raw_media_1419fb70033a_img5.jpg,..\image_labeling\data\labeled\intact\raw_media_6101bf85345f_img2.jpg,0
..\image_labeling\data\labeled\intact\raw_media_1419fb70033a_img6.jpg,..\image_labeling\data\labeled\intact\raw_media_6101bf85345f_img3.jpg,0
..\image_labeling\data\labeled\intact\raw_media_1598d0e9b313_img1.jpg,..\image_labeling\data\labeled\intact\raw_media_1d15665996ff_img1.jpg,0
..\image_labeling\data\labeled\intact\raw_media_1598d0e9b313_img1.jpg,..\image_labeling\data\labeled\intact\raw_media_23a5fb4e8a82_img2.jpg,0
..\image_labeling\data\labeled\intact\raw_media_1598d0e9b313_img2.jpg,..\image_labeling\data\labeled\intact\raw_media_1d15665996ff_img3.jpg,0
..\image_labeling\data\labeled\intact\raw_media_1598d0e9b313_img2.jpg,..\image_labeling\data\labeled\intact\raw_media_23a5fb4e8a82_img3.jpg,0
..\image_labeling\data\labeled\intact\raw_media_1598d0e9b313_img3.jpg,..\image_labeling\data\labeled\intact\raw_media_1d15665996ff_img2.jpg,0
..\image_labeling\data\labeled\intact\raw_media_1598d0e9b313_img3.jpg,..\image_labeling\data\labeled\intact\raw_media_23a5fb4e8a82_img1.jpg,0
..\image_labeling\data\labeled\intact\raw_media_160221c475fc_img2.jpg,..\image_labeling\data\labeled\intact\raw_media_2cdc63c500f2_img2.jpg,0
..\image_labeling\data\labeled\intact\raw_media_161ce0083eed_img1.jpg,..\image_labeling\data\labeled\irrelevant\raw_media_fe078169b986_img1.jpg,0
..\image_labeling\data\labeled\intact\raw_media_1633f07f18ab_img1.jpg,..\image_labeling\data\labeled\intact\raw_media_742a1bab3a9e_img1.jpg,0
..\image_labeling\data\labeled\intact\raw_media_1633f07f18ab_img2.jpg,..\image_labeling\data\labeled\intact\raw_media_742a1bab3a9e_img2.jpg,0
..\image_labeling\data\labeled\intact\raw_media_1633f07f18ab_img3.jpg,..\image_labeling\data\labeled\intact\raw_media_742a1bab3a9e_img3.jpg,0
..\image_labeling\data\labeled\intact\raw_media_1633f07f18ab_img4.jpg,..\image_labeling\data\labeled\intact\raw_media_1633f07f18ab_img5.jpg,2
..\image_labeling\data\labeled\intact\raw_media_1633f07f18ab_img4.jpg,..\image_labeling\data\labeled\intact\raw_media_742a1bab3a9e_img4.jpg,0
..\image_labeling\data\labeled\intact\raw_media_1633f07f18ab_img4.jpg,..\image_labeling\data\labeled\intact\raw_media_742a1bab3a9e_img5.jpg,2
..\image_labeling\data\labeled\intact\raw_media_1633f07f18ab_img5.jpg,..\image_labeling\data\labeled\intact\raw_media_742a1bab3a9e_img4.jpg,2
..\image_labeling\data\labeled\intact\raw_media_1633f07f18ab_img5.jpg,..\image_labeling\data\labeled\intact\raw_media_742a1bab3a9e_img5.jpg,0
..\image_labeling\data\labeled\intact\raw_media_164098a28f09_img1.jpg,..\image_labeling\data\labeled\intact\raw_media_dc286a4b8504_img1.jpg,0
..\image_labeling\data\labeled\intact\raw_media_1768e992ae9d_img4.jpg,..\image_labeling\data\labeled\intact\raw_media_1d93c5a217a1_img3.jpg,0
..\image_labeling\data\labeled\intact\raw_media_1768e992ae9d_img4.jpg,..\image_labeling\data\labeled\intact\raw_media_fe2800b9ff19_img3.jpg,0
..\image_labeling\data\labeled\intact\raw_media_176a02988792_img2.jpg,..\image_labeling\data\labeled\intact\raw_media_85252d85c43c_img1.jpg,10
..\image_labeling\data\labeled\intact\raw_media_1778bfdd0856_img2.jpg,..\image_labeling\data\labeled\intact\raw_media_408de418714d_img2.jpg,0
..\image_labeling\data\labeled\intact\raw_media_1778bfdd0856_img2.jpg,..\image_labeling\data\labeled\intact\raw_media_8371e48b2fec_img2.jpg,0
..\image_labeling\data\labeled\intact\raw_media_181a3623ca19_img2.jpg,..\image_labeling\data\labeled\intact\raw_media_181a3623ca19_img3.jpg,8
..\image_labeling\data\labeled\intact\raw_media_188cc75dac8e_img2.jpg,..\image_labeling\data\labeled\intact\raw_media_e61a3852b06e_img1.jpg,10
..\image_labeling\data\labeled\intact\raw_media_19bbb61e53ac_img1.jpg,..\image_labeling\data\labeled\intact\raw_media_19bbb61e53ac_img2.jpg,8
..\image_labeling\data\labeled\intact\raw_media_19d2abf6e154_img1.jpg,..\image_labeling\data\labeled\irrelevant\raw_media_93093a988b14_img1.jpg,0
..\image_labeling\data\labeled\intact\raw_media_1ab51d425528_img2.jpg,..\image_labeling\data\labeled\intact\raw_media_a21be65b0bde_img2.jpg,0
..\image_labeling\data\labeled\intact\raw_media_1b636fec2187_img1.jpg,..\image_labeling\data\labeled\intact\raw_media_38957e2ce0c2_img1.jpg,10
..\image_labeling\data\labeled\intact\raw_media_1b6b09a2fe45_img1.jpg,..\image_labeling\data\labeled\intact\raw_media_ec2ee32be70b_img1.jpg,10
..\image_labeling\data\labeled\intact\raw_media_1b6b09a2fe45_img1.jpg,..\image_labeling\data\labeled\intact\raw_media_f874873be3f7_img1.jpg,6
..\image_labeling\data\labeled\intact\raw_media_1c0fd4847fb3_img1.jpg,..\image_labeling\data\labeled\intact\raw_media_1c0fd4847fb3_img2.jpg,4
..\image_labeling\data\labeled\intact\raw_media_1c37b923db7e_img1.jpg,..\image_labeling\data\labeled\intact\raw_media_553d8d6ea2c0_img1.jpg,0
..\image_labeling\data\labeled\intact\raw_media_1c4b0bfff0fc_img2.jpg,..\image_labeling\data\labeled\intact\raw_media_5634a961b99e_img2.jpg,0
..\image_labeling\data\labeled\intact\raw_media_1c4b0bfff0fc_img3.jpg,..\image_labeling\data\labeled\intact\raw_media_1c4b0bfff0fc_img4.jpg,0
..\image_labeling\data\labeled\intact\raw_media_1c4b0bfff0fc_img3.jpg,..\image_labeling\data\labeled\intact\raw_media_5634a961b99e_img3.jpg,0
..\image_labeling\data\labeled\intact\raw_media_1c4b0bfff0fc_img3.jpg,..\image_labeling\data\labeled\intact\raw_media_5634a961b99e_img4.jpg,0
..\image_labeling\data\labeled\intact\raw_media_1c4b0bfff0fc_img4.jpg,..\image_labeling\data\labeled\intact\raw_media_5634a961b99e_img3.jpg,0
..\image_labeling\data\labeled\intact\raw_media_1c4b0bfff0fc_img4.jpg,..\image_labeling\data\labeled\intact\raw_media_5634a961b99e_img4.jpg,0
..\image_labeling\data\labeled\intact\raw_media_1c61ae81bd9f_img1.jpg,..\image_labeling\data\labeled\intact\raw_media_f555078c6e54_img2.jpg,0
..\image_labeling\data\labeled\intact\raw_media_1c61ae81bd9f_img2.jpg,..\image_labeling\data\labeled\intact\raw_media_9ae794f17b17_img1.jpg,0
..\image_labeling\data\labeled\intact\raw_media_1c61ae81bd9f_img2.jpg,..\image_labeling\data\labeled\intact\raw_media_9de2e0bf3566_img1.jpg,0
..\image_labeling\data\labeled\intact\raw_media_1c61ae81bd9f_img2.jpg,..\image_labeling\data\labeled\intact\raw_media_f555078c6e54_img1.jpg,0
..\image_labeling\data\labeled\intact\raw_media_1caa396d61ee_img1.jpg,..\image_labeling\data\labeled\intact\raw_media_2725794512f9_img1.jpg,8
..\image_labeling\data\labeled\intact\raw_media_1cc01b9baad1_img1.jpg,..\image_labeling\data\labeled\intact\raw_media_c9c2be4d3b73_img1.jpg,0
..\image_labeling\data\labeled\intact\raw_media_1d15665996ff_img1.jpg,..\image_labeling\data\labeled\intact\raw_media_23a5fb4e8a82_img2.jpg,0
..\image_labeling\data\labeled\intact\raw_media_1d15665996ff_img2.jpg,..\image_labeling\data\labeled\intact\raw_media_23a5fb4e8a82_img1.jpg,0
..\image_labeling\data\labeled\intact\raw_media_1d15665996ff_img3.jpg,..\image_labeling\data\labeled\intact\raw_media_23a5fb4e8a82_img3.jpg,0
..\image_labeling\data\labeled\intact\raw_media_1d8c705ce797_img2.jpg,..\image_labeling\data\labeled\intact\raw_media_3bf74eecce38_img1.jpg,10
..\image_labeling\data\labeled\intact\raw_media_1d8c705ce797_img2.jpg,..\image_labeling\data\labeled\intact\raw_media_8072b4d973e2_img1.jpg,6
..\image_labeling\data\labeled\intact\raw_media_1d8c705ce797_img2.jpg,..\image_labeling\data\labeled\intact\raw_media_cbb44272a449_img1.jpg,8
..\image_labeling\data\labeled\intact\raw_media_1d8c705ce797_img2.jpg,..\image_labeling\data\labeled\intact\raw_media_e627b3409103_img1.jpg,8
..\image_labeling\data\labeled\intact\raw_media_1d8c705ce797_img2.jpg,..\image_labeling\data\labeled\intact\raw_media_edb3d2ed2cd0_img1.jpg,6
..\image_labeling\data\labeled\intact\raw_media_1d93c5a217a1_img2.jpg,..\image_labeling\data\labeled\intact\raw_media_fe2800b9ff19_img4.jpg,0
..\image_labeling\data\labeled\intact\raw_media_1d93c5a217a1_img3.jpg,..\image_labeling\data\labeled\intact\raw_media_fe2800b9ff19_img3.jpg,0
..\image_labeling\data\labeled\intact\raw_media_1d93c5a217a1_img4.jpg,..\image_labeling\data\labeled\intact\raw_media_fe2800b9ff19_img2.jpg,0
..\image_labeling\data\labeled\intact\raw_media_1db3d57efaab_img1.jpg,..\image_labeling\data\labeled\intact\raw_media_d69125e0226e_img1.jpg,0
..\image_labeling\data\labeled\intact\raw_media_1db3d57efaab_img3.jpg,..\image_labeling\data\labeled\intact\raw_media_d69125e0226e_img3.jpg,0
..\image_labeling\data\labeled\intact\raw_media_1df4070f8ed0_img1.jpg,..\image_labeling\data\labeled\intact\raw_media_59c2923293c0_img1.jpg,10
..\image_labeling\data\labeled\intact\raw_media_1df4070f8ed0_img1.jpg,..\image_labeling\data\labeled\intact\raw_media_7dc390bc7836_img1.jpg,8
..\image_labeling\data\labeled\intact\raw_media_1dff12db5648_img1.jpg,..\image_labeling\data\labeled\intact\raw_media_4acdd042cb18_img1.jpg,0
..\image_labeling\data\labeled\intact\raw_media_212f1fa396e9_img1.jpg,..\image_labeling\data\labeled\intact\raw_media_d8a7d509670d_img1.jpg,0
..\image_labeling\data\labeled\intact\raw_media_236bcd673d1c_img2.jpg,..\image_labeling\data\labeled\intact\raw_media_572ed7c10fb4_img2.jpg,0
..\image_labeling\data\labeled\intact\raw_media_24d39736ccaf_img1.jpg,..\image_labeling\data\labeled\intact\raw_media_dea1b5b5be77_img1.jpg,10
..\image_labeling\data\labeled\intact\raw_media_256b3a35511e_img2.jpg,..\image_labeling\data\labeled\intact\raw_media_d350e64a1d4f_img2.jpg,0
..\image_labeling\data\labeled\intact\raw_media_263075e9bd2f_img1.jpg,..\image_labeling\data\labeled\intact\raw_media_ac0d0abe1208_img1.jpg,0
..\image_labeling\data\labeled\intact\raw_media_26531ea54b30_img1.jpg,..\image_labeling\data\labeled\irrelevant\raw_media_a52c1f9960d5_img1.jpg,0
..\image_labeling\data\labeled\intact\raw_media_26b3eedcc401_img1.jpg,..\image_labeling\data\labeled\intact\raw_media_26b3eedcc401_img2.jpg,0
..\image_labeling\data\labeled\intact\raw_media_26b3eedcc401_img1.jpg,..\image_labeling\data\labeled\intact\raw_media_26b3eedcc401_img3.jpg,0
..\image_labeling\data\labeled\intact\raw_media_26b3eedcc401_img2.jpg,..\image_labeling\data\labeled\intact\raw_media_26b3eedcc401_img3.jpg,0
..\image_labeling\data\labeled\intact\raw_media_2725794512f9_img1.jpg,..\image_labeling\data\labeled\intact\raw_media_3bf74eecce38_img1.jpg,6
..\image_labeling\data\labeled\intact\raw_media_27b9effe56ef_img1.jpg,..\image_labeling\data\labeled\intact\raw_media_467ffac577be_img2.jpg,0
..\image_labeling\data\labeled\intact\raw_media_27b9effe56ef_img1.jpg,..\image_labeling\data\labeled\intact\raw_media_8d7cd0ccc253_img2.jpg,0
..\image_labeling\data\labeled\intact\raw_media_27b9effe56ef_img1.jpg,..\image_labeling\data\labeled\intact\raw_media_ec2a821a5368_img1.jpg,0
..\image_labeling\data\labeled\intact\raw_media_27b9effe56ef_img2.jpg,..\image_labeling\data\labeled\intact\raw_media_467ffac577be_img1.jpg,0
..\image_labeling\data\labeled\intact\raw_media_27b9effe56ef_img2.jpg,..\image_labeling\data\labeled\intact\raw_media_8d7cd0ccc253_img1.jpg,0
..\image_labeling\data\labeled\intact\raw_media_27b9effe56ef_img2.jpg,..\image_labeling\data\labeled\intact\raw_media_ec2a821a5368_img2.jpg,0
..\image_labeling\data\labeled\intact\raw_media_28d6e8905af0_img1.jpg,..\image_labeling\data\labeled\intact\raw_media_28d6e8905af0_img2.jpg,0
..\image_labeling\data\labeled\intact\raw_media_28d6e8905af0_img1.jpg,..\image_labeling\data\labeled\intact\raw_media_47607bb38d3f_img1.jpg,0
..\image_labeling\data\labeled\intact\raw_media_28d6e8905af0_img1.jpg,..\image_labeling\data\labeled\intact\raw_media_47607bb38d3f_img2.jpg,0
..\image_labeling\data\labeled\intact\raw_media_28d6e8905af0_img2.jpg,..\image_labeling\data\labeled\intact\raw_media_47607bb38d3f_img1.jpg,0
..\image_labeling\data\labeled\intact\raw_media_28d6e8905af0_img2.jpg,..\image_labeling\data\labeled\intact\raw_media_47607bb38d3f_img2.jpg,0
..\image_labeling\data\labeled\intact\raw_media_290f9c2e85bc_img1.jpg,..\image_labeling\data\labeled\intact\raw_media_3990d482d22d_img1.jpg,0
..\image_labeling\data\labeled\intact\raw_media_297b200b4c54_img1.jpg,..\image_labeling\data\labeled\intact\raw_media_58574808385b_img1.jpg,0
..\image_labeling\data\labeled\intact\raw_media_299f08f79f95_img2.jpg,..\image_labeling\data\labeled\intact\raw_media_da911e755216_img2.jpg,0
..\image_labeling\data\labeled\intact\raw_media_2b1f0d198608_img1.jpg,..\image_labeling\data\labeled\intact\raw_media_2b1f0d198608_img2.jpg,8
..\image_labeling\data\labeled\intact\raw_media_2b20043056f0_img2.jpg,..\image_labeling\data\labeled\intact\raw_media_312e8436c0b4_img2.jpg,0
..\image_labeling\data\labeled\intact\raw_media_2bf95edb018e_img1.jpg,..\image_labeling\data\labeled\intact\raw_media_a01aecc92f8a_img1.jpg,0
..\image_labeling\data\labeled\intact\raw_media_2e2fc0d98f75_img2.jpg,..\image_labeling\data\labeled\intact\raw_media_bea55d1f8767_img2.jpg,0
..\image_labeling\data\labeled\intact\raw_media_2e2fc0d98f75_img2.jpg,..\image_labeling\data\labeled\intact\raw_media_ead707afb0e9_img2.jpg,0
..\image_labeling\data\labeled\intact\raw_media_2f0bf7a9e8d6_img1.jpg,..\image_labeling\data\labeled\intact\raw_media_38957e2ce0c2_img1.jpg,10
..\image_labeling\data\labeled\intact\raw_media_2f0bf7a9e8d6_img1.jpg,..\image_labeling\data\labeled\intact\raw_media_52d7780e4dcd_img1.jpg,10
..\image_labeling\data\labeled\intact\raw_media_2f0bf7a9e8d6_img1.jpg,..\image_labeling\data\labeled\intact\raw_media_dbe4f1147f21_img4.jpg,10
..\image_labeling\data\labeled\intact\raw_media_2f33c01ef07d_img1.jpg,..\image_labeling\data\labeled\intact\raw_media_f8500a118be2_img1.jpg,0
..\image_labeling\data\labeled\intact\raw_media_2f33c01ef07d_img2.jpg,..\image_labeling\data\labeled\intact\raw_media_f8500a118be2_img2.jpg,0
..\image_labeling\data\labeled\intact\raw_media_2f33c01ef07d_img3.jpg,..\image_labeling\data\labeled\intact\raw_media_f8500a118be2_img3.jpg,0
..\image_labeling\data\labeled\intact\raw_media_2fbfcd02b606_img2.jpg,..\image_labeling\data\labeled\intact\raw_media_96762997eadb_img2.jpg,0
..\image_labeling\data\labeled\intact\raw_media_306f29c39254_img2.jpg,..\image_labeling\data\labeled\intact\raw_media_5aa5d05469d6_img2.jpg,0
..\image_labeling\data\labeled\intact\raw_media_307497dfa0fb_img1.jpg,..\image_labeling\data\labeled\intact\raw_media_307497dfa0fb_img2.jpg,0
..\image_labeling\data\labeled\intact\raw_media_30df9556a389_img2.jpg,..\image_labeling\data\labeled\intact\raw_media_938ff0a5e1a8_img2.jpg,0
..\image_labeling\data\labeled\intact\raw_media_30df9556a389_img2.jpg,..\image_labeling\data\labeled\intact\raw_media_b95cab06e23f_img2.jpg,0
..\image_labeling\data\labeled\intact\raw_media_30df9556a389_img2.jpg,..\image_labeling\data\labeled\intact\raw_media_c92b2b78f391_img2.jpg,0
..\image_labeling\data\labeled\intact\raw_media_30ee74eb045c_img1.jpg,..\image_labeling\data\labeled\intact\raw_media_30ee74eb045c_img2.jpg,0
..\image_labeling\data\labeled\intact\raw_media_30fba293fd03_img2.jpg,..\image_labeling\data\labeled\intact\raw_media_4960f1879148_img2.jpg,0
..\image_labeling\data\labeled\intact\raw_media_3236d2f3855a_img2.jpg,..\image_labeling\data\labeled\intact\raw_media_78e4f880adf7_img2.jpg,0
..\image_labeling\data\labeled\intact\raw_media_32a755c5db99_img2.jpg,..\image_labeling\data\labeled\intact\raw_media_42b3c6de6597_img2.jpg,0
..\image_labeling\data\labeled\intact\raw_media_32a755c5db99_img3.jpg,..\image_labeling\data\labeled\intact\raw_media_42b3c6de6597_img3.jpg,0
..\image_labeling\data\labeled\intact\raw_media_336c81c9dd0f_img3.jpg,..\image_labeling\data\labeled\intact\raw_media_809a4ad050f0_img3.jpg,0
..\image_labeling\data\labeled\intact\raw_media_34b0c7b3c70a_img2.jpg,..\image_labeling\data\labeled\intact\raw_media_bd6ac615aa30_img2.jpg,0
..\image_labeling\data\labeled\intact\raw_media_34b0c7b3c70a_img3.jpg,..\image_labeling\data\labeled\intact\raw_media_bd6ac615aa30_img3.jpg,0
..\image_labeling\data\labeled\intact\raw_media_34d5a88b1613_img1.jpg,..\image_labeling\data\labeled\intact\raw_media_ff01cb2d0ac1_img1.jpg,0
..\image_labeling\data\labeled\intact\raw_media_34d5a88b1613_img2.jpg,..\image_labeling\data\labeled\intact\raw_media_ff01cb2d0ac1_img2.jpg,0
..\image_labeling\data\labeled\intact\raw_media_37395ec37698_img1.jpg,..\image_labeling\data\labeled\intact\raw_media_5848ca6f2b5b_img1.jpg,0
..\image_labeling\data\labeled\intact\raw_media_37395ec37698_img1.jpg,..\image_labeling\data\labeled\intact\raw_media_8c4f064e371f_img1.jpg,0
..\image_labeling\data\labeled\intact\raw_media_37395ec37698_img1.jpg,..\image_labeling\data\labeled\intact\raw_media_b7e533a53683_img1.jpg,0
..\image_labeling\data\labeled\intact\raw_media_37395ec37698_img1.jpg,..\image_labeling\data\labeled\intact\raw_media_bea6c67cf0f8_img1.jpg,0
..\image_labeling\data\labeled\intact\raw_media_37395ec37698_img1.jpg,..\image_labeling\data\labeled\intact\raw_media_cba4ef880890_img1.jpg,0
..\image_labeling\data\labeled\intact\raw_media_378023718377_img1.jpg,..\image_labeling\data\labeled\intact\raw_media_7e415aadb70b_img1.jpg,10
..\image_labeling\data\labeled\intact\raw_media_38957e2ce0c2_img1.jpg,..\image_labeling\data\labeled\intact\raw_media_a85f6bf2bca6_img2.jpg,10
..\image_labeling\data\labeled\intact\raw_media_38957e2ce0c2_img1.jpg,..\image_labeling\data\labeled\intact\raw_media_dea1b5b5be77_img1.jpg,8
..\image_labeling\data\labeled\intact\raw_media_3a37aa4d70c9_img1.jpg,..\image_labeling\data\labeled\intact\raw_media_3a37aa4d70c9_img2.jpg,8
..\image_labeling\data\labeled\intact\raw_media_3ac64f1424ec_img1.jpg,..\image_labeling\data\labeled\intact\raw_media_4b0c1159d35c_img2.jpg,10
..\image_labeling\data\labeled\intact\raw_media_3be7ffd1033b_img1.jpg,..\image_labeling\data\labeled\intact\raw_media_7dc390bc7836_img1.jpg,10
..\image_labeling\data\labeled\intact\raw_media_3bf74eecce38_img1.jpg,..\image_labeling\data\labeled\intact\raw_media_6fe825e3743b_img1.jpg,10
..\image_labeling\data\labeled\intact\raw_media_3bf74eecce38_img1.jpg,..\image_labeling\data\labeled\intact\raw_media_cbb44272a449_img1.jpg,10
..\image_labeling\data\labeled\intact\raw_media_3d7e94371657_img2.jpg,..\image_labeling\data\labeled\intact\raw_media_4f360e715f48_img2.jpg,0
..\image_labeling\data\labeled\intact\raw_media_3d884fd92d58_img2.jpg,..\image_labeling\data\labeled\intact\raw_media_7e7e108abb11_img1.jpg,10
..\image_labeling\data\labeled\intact\raw_media_3d884fd92d58_img2.jpg,..\image_labeling\data\labeled\intact\raw_media_85a1b4b995d1_img1.jpg,6
..\image_labeling\data\labeled\intact\raw_media_3d884fd92d58_img2.jpg,..\image_labeling\data\labeled\intact\raw_media_8a8f571ad6c7_img1.jpg,10
..\image_labeling\data\labeled\intact\raw_media_3df344040a35_img1.jpg,..\image_labeling\data\labeled\intact\raw_media_3df344040a35_img2.jpg,6
..\image_labeling\data\labeled\intact\raw_media_3e9409b18751_img1.jpg,..\image_labeling\data\labeled\intact\raw_media_fe4223144727_img1.jpg,0
..\image_labeling\data\labeled\intact\raw_media_3ee66bdfd9d7_img1.jpg,..\image_labeling\data\labeled\intact\raw_media_af1ba42fe62d_img1.jpg,10
..\image_labeling\data\labeled\intact\raw_media_3f6226ab7c34_img2.jpg,..\image_labeling\data\labeled\intact\raw_media_cd5b44f7459c_img2.jpg,0
..\image_labeling\data\labeled\intact\raw_media_408de418714d_img2.jpg,..\image_labeling\data\labeled\intact\raw_media_8371e48b2fec_img2.jpg,0
..\image_labeling\data\labeled\intact\raw_media_409f427d4843_img2.jpg,..\image_labeling\data\labeled\intact\raw_media_409f427d4843_img3.jpg,0
..\image_labeling\data\labeled\intact\raw_media_409f427d4843_img2.jpg,..\image_labeling\data\labeled\intact\raw_media_409f427d4843_img4.jpg,0
..\image_labeling\data\labeled\intact\raw_media_409f427d4843_img2.jpg,..\image_labeling\data\labeled\intact\raw_media_409f427d4843_img5.jpg,0
..\image_labeling\data\labeled\intact\raw_media_409f427d4843_img2.jpg,..\image_labeling\data\labeled\intact\raw_media_409f427d4843_img6.jpg,0
..\image_labeling\data\labeled\intact\raw_media_409f427d4843_img3.jpg,..\image_labeling\data\labeled\intact\raw_media_409f427d4843_img4.jpg,0
..\image_labeling\data\labeled\intact\raw_media_409f427d4843_img3.jpg,..\image_labeling\data\labeled\intact\raw_media_409f427d4843_img5.jpg,0
..\image_labeling\data\labeled\intact\raw_media_409f427d4843_img3.jpg,..\image_labeling\data\labeled\intact\raw_media_409f427d4843_img6.jpg,0
..\image_labeling\data\labeled\intact\raw_media_409f427d4843_img4.jpg,..\image_labeling\data\labeled\intact\raw_media_409f427d4843_img5.jpg,0
..\image_labeling\data\labeled\intact\raw_media_409f427d4843_img4.jpg,..\image_labeling\data\labeled\intact\raw_media_409f427d4843_img6.jpg,0
..\image_labeling\data\labeled\intact\raw_media_409f427d4843_img5.jpg,..\image_labeling\data\labeled\intact\raw_media_409f427d4843_img6.jpg,0
..\image_labeling\data\labeled\intact\raw_media_412a7bbeea76_img1.jpg,..\image_labeling\data\labeled\intact\raw_media_4cd80096d95d_img1.jpg,10
..\image_labeling\data\labeled\intact\raw_media_412a7bbeea76_img1.jpg,..\image_labeling\data\labeled\intact\raw_media_85a1b4b995d1_img1.jpg,10
..\image_labeling\data\labeled\intact\raw_media_412a7bbeea76_img1.jpg,..\image_labeling\data\labeled\intact\raw_media_fa58127324ff_img1.jpg,6
..\image_labeling\data\labeled\intact\raw_media_4224d27e2c57_img2.jpg,..\image_labeling\data\labeled\intact\raw_media_6834e7189c78_img2.jpg,0
..\image_labeling\data\labeled\intact\raw_media_4241946a208b_img2.jpg,..\image_labeling\data\labeled\intact\raw_media_8e8ecb5e7d0d_img2.jpg,0
..\image_labeling\data\labeled\intact\raw_media_42d76cfb2ad9_img1.jpg,..\image_labeling\data\labeled\intact\raw_media_c174cd3389e9_img2.jpg,8
..\image_labeling\data\labeled\intact\raw_media_4311bfd32f9a_img1.jpg,..\image_labeling\data\labeled\intact\raw_media_ba9f004d0874_img2.jpg,0
..\image_labeling\data\labeled\intact\raw_media_4311bfd32f9a_img1.jpg,..\image_labeling\data\labeled\intact\raw_media_c503bd186019_img1.jpg,0
..\image_labeling\data\labeled\intact\raw_media_4311bfd32f9a_img2.jpg,..\image_labeling\data\labeled\intact\raw_media_ba9f004d0874_img1.jpg,0
..\image_labeling\data\labeled\intact\raw_media_4311bfd32f9a_img2.jpg,..\image_labeling\data\labeled\intact\raw_media_c503bd186019_img2.jpg,0
..\image_labeling\data\labeled\intact\raw_media_43b8e6fff534_img2.jpg,..\image_labeling\data\labeled\intact\raw_media_43b8e6fff534_img3.jpg,6
..\image_labeling\data\labeled\intact\raw_media_43fba1da39e2_img2.jpg,..\image_labeling\data\labeled\intact\raw_media_8e7e59ad92fe_img2.jpg,0
..\image_labeling\data\labeled\intact\raw_media_464142d28d20_img2.jpg,..\image_labeling\data\labeled\intact\raw_media_e76d5482d981_img2.jpg,0
..\image_labeling\data\labeled\intact\raw_media_465f83a555a3_img1.jpg,..\image_labeling\data\labeled\intact\raw_media_bbd472a9d1a1_img1.jpg,0
..\image_labeling\data\labeled\intact\raw_media_467ffac577be_img1.jpg,..\image_labeling\data\labeled\intact\raw_media_8d7cd0ccc253_img1.jpg,0
..\image_labeling\data\labeled\intact\raw_media_467ffac577be_img1.jpg,..\image_labeling\data\labeled\intact\raw_media_ec2a821a5368_img2.jpg,0
..\image_labeling\data\labeled\intact\raw_media_467ffac577be_img2.jpg,..\image_labeling\data\labeled\intact\raw_media_8d7cd0ccc253_img2.jpg,0
..\image_labeling\data\labeled\intact\raw_media_467ffac577be_img2.jpg,..\image_labeling\data\labeled\intact\raw_media_ec2a821a5368_img1.jpg,0
..\image_labeling\data\labeled\intact\raw_media_46a5e3bb55c3_img1.jpg,..\image_labeling\data\labeled\irrelevant\raw_media_bb71ecb75a07_img2.jpg,10
..\image_labeling\data\labeled\intact\raw_media_47607bb38d3f_img1.jpg,..\image_labeling\data\labeled\intact\raw_media_47607bb38d3f_img2.jpg,0
..\image_labeling\data\labeled\intact\raw_media_487f16476ada_img2.jpg,..\image_labeling\data\labeled\intact\raw_media_803ef30c8b4c_img2.jpg,0
..\image_labeling\data\labeled\intact\raw_media_4891723e6146_img2.jpg,..\image_labeling\data\labeled\intact\raw_media_c86febd74230_img2.jpg,0
..\image_labeling\data\labeled\intact\raw_media_4891723e6146_img3.jpg,..\image_labeling\data\labeled\intact\raw_media_c86febd74230_img3.jpg,0
..\image_labeling\data\labeled\intact\raw_media_4ba49dfe5658_img2.jpg,..\image_labeling\data\labeled\intact\raw_media_6b516b4dca9c_img2.jpg,0
..\image_labeling\data\labeled\intact\raw_media_4cd80096d95d_img1.jpg,..\image_labeling\data\labeled\intact\raw_media_6fe825e3743b_img1.jpg,10
..\image_labeling\data\labeled\intact\raw_media_4cd80096d95d_img1.jpg,..\image_labeling\data\labeled\intact\raw_media_82869edd665c_img1.jpg,10
..\image_labeling\data\labeled\intact\raw_media_4cd80096d95d_img1.jpg,..\image_labeling\data\labeled\intact\raw_media_fa58127324ff_img1.jpg,10
..\image_labeling\data\labeled\intact\raw_media_4d22d1635f56_img2.jpg,..\image_labeling\data\labeled\intact\raw_media_4d22d1635f56_img3.jpg,10
..\image_labeling\data\labeled\intact\raw_media_4d2efbb5bc02_img1.jpg,..\image_labeling\data\labeled\intact\raw_media_90ad1a92a952_img1.jpg,0
..\image_labeling\data\labeled\intact\raw_media_4d2efbb5bc02_img1.jpg,..\image_labeling\data\labeled\irrelevant\raw_media_0e6dcaf644fc_img1.jpg,0
..\image_labeling\data\labeled\intact\raw_media_4d2efbb5bc02_img1.jpg,..\image_labeling\data\labeled\irrelevant\raw_media_2405df8b42ff_img1.jpg,0
..\image_labeling\data\labeled\intact\raw_media_4d4b6a8a3c31_img1.jpg,..\image_labeling\data\labeled\intact\raw_media_4e32739bd4b5_img1.jpg,0
..\image_labeling\data\labeled\intact\raw_media_4d4b6a8a3c31_img1.jpg,..\image_labeling\data\labeled\intact\raw_media_a5897242c939_img1.jpg,0
..\image_labeling\data\labeled\intact\raw_media_4e32739bd4b5_img1.jpg,..\image_labeling\data\labeled\intact\raw_media_a5897242c939_img1.jpg,0
..\image_labeling\data\labeled\intact\raw_media_4e4118a6bf4a_img1.jpg,..\image_labeling\data\labeled\intact\raw_media_cf9f406a74ed_img1.jpg,0
..\image_labeling\data\labeled\intact\raw_media_4e55c26e440b_img2.jpg,..\image_labeling\data\labeled\intact\raw_media_4e55c26e440b_img3.jpg,0
..\image_labeling\data\labeled\intact\raw_media_4e55c26e440b_img2.jpg,..\image_labeling\data\labeled\intact\raw_media_4e55c26e440b_img4.jpg,0
..\image_labeling\data\labeled\intact\raw_media_4e55c26e440b_img3.jpg,..\image_labeling\data\labeled\intact\raw_media_4e55c26e440b_img4.jpg,0
..\image_labeling\data\labeled\intact\raw_media_4ed7a28024e8_img2.jpg,..\image_labeling\data\labeled\intact\raw_media_9d2e33e49d99_img2.jpg,0
..\image_labeling\data\labeled\intact\raw_media_4ed7a28024e8_img3.jpg,..\image_labeling\data\labeled\intact\raw_media_9d2e33e49d99_img3.jpg,0
..\image_labeling\data\labeled\intact\raw_media_50341015f200_img2.jpg,..\image_labeling\data\labeled\intact\raw_media_a66b523ba6bc_img2.jpg,0
..\image_labeling\data\labeled\intact\raw_media_505c8a2cb83d_img1.jpg,..\image_labeling\data\labeled\intact\raw_media_505c8a2cb83d_img2.jpg,0
..\image_labeling\data\labeled\intact\raw_media_51c9ef9e5dd1_img1.jpg,..\image_labeling\data\labeled\intact\raw_media_51c9ef9e5dd1_img2.jpg,0
..\image_labeling\data\labeled\intact\raw_media_51e406fbdb76_img2.jpg,..\image_labeling\data\labeled\intact\raw_media_a937658f61bd_img2.jpg,0
..\image_labeling\data\labeled\intact\raw_media_52d7780e4dcd_img1.jpg,..\image_labeling\data\labeled\intact\raw_media_7b95923bad9e_img1.jpg,10
..\image_labeling\data\labeled\intact\raw_media_544ab13e1bf4_img1.jpg,..\image_labeling\data\labeled\intact\raw_media_a659329a3670_img1.jpg,0
..\image_labeling\data\labeled\intact\raw_media_561b99a8d604_img1.jpg,..\image_labeling\data\labeled\intact\raw_media_6d8c2fc67008_img4.jpg,0
..\image_labeling\data\labeled\intact\raw_media_561b99a8d604_img3.jpg,..\image_labeling\data\labeled\intact\raw_media_6d8c2fc67008_img3.jpg,0
..\image_labeling\data\labeled\intact\raw_media_561b99a8d604_img4.jpg,..\image_labeling\data\labeled\intact\raw_media_6d8c2fc67008_img1.jpg,0
..\image_labeling\data\labeled\intact\raw_media_561f3144c892_img2.jpg,..\image_labeling\data\labeled\intact\raw_media_de1a7a8de3a3_img2.jpg,0
..\image_labeling\data\labeled\intact\raw_media_5634a961b99e_img3.jpg,..\image_labeling\data\labeled\intact\raw_media_5634a961b99e_img4.jpg,0
..\image_labeling\data\labeled\intact\raw_media_5848ca6f2b5b_img1.jpg,..\image_labeling\data\labeled\intact\raw_media_8c4f064e371f_img1.jpg,0
..\image_labeling\data\labeled\intact\raw_media_5848ca6f2b5b_img1.jpg,..\image_labeling\data\labeled\intact\raw_media_b7e533a53683_img1.jpg,0
..\image_labeling\data\labeled\intact\raw_media_5848ca6f2b5b_img1.jpg,..\image_labeling\data\labeled\intact\raw_media_bea6c67cf0f8_img1.jpg,0
..\image_labeling\data\labeled\intact\raw_media_5848ca6f2b5b_img1.jpg,..\image_labeling\data\labeled\intact\raw_media_cba4ef880890_img1.jpg,0
..\image_labeling\data\labeled\intact\raw_media_58bc7cab1ffa_img2.jpg,..\image_labeling\data\labeled\intact\raw_media_58bc7cab1ffa_img3.jpg,6
..\image_labeling\data\labeled\intact\raw_media_58bc7cab1ffa_img2.jpg,..\image_labeling\data\labeled\intact\raw_media_58bc7cab1ffa_img5.jpg,6
..\image_labeling\data\labeled\intact\raw_media_58eca031487e_img1.jpg,..\image_labeling\data\labeled\intact\raw_media_d53e879f7aea_img1.jpg,0
..\image_labeling\data\labeled\intact\raw_media_59e6225f8ffb_img2.jpg,..\image_labeling\data\labeled\irrelevant\raw_media_46b778f182c2_img2.jpg,0
..\image_labeling\data\labeled\intact\raw_media_59efd121a91b_img1.jpg,..\image_labeling\data\labeled\intact\raw_media_c391f669dcb8_img1.jpg,0
..\image_labeling\data\labeled\intact\raw_media_5a50e2284dfd_img1.jpg,..\image_labeling\data\labeled\intact\raw_media_6fe825e3743b_img1.jpg,10
..\image_labeling\data\labeled\intact\raw_media_5a50e2284dfd_img1.jpg,..\image_labeling\data\labeled\intact\raw_media_d95bbb28a873_img1.jpg,0
..\image_labeling\data\labeled\intact\raw_media_5b102e1cc974_img2.jpg,..\image_labeling\data\labeled\intact\raw_media_c76d35efe41e_img2.jpg,0
..\image_labeling\data\labeled\intact\raw_media_5c4eba074d72_img1.jpg,..\image_labeling\data\labeled\irrelevant\raw_media_e0fea645cedb_img1.jpg,0
..\image_labeling\data\labeled\intact\raw_media_5c4eba074d72_img1.jpg,..\image_labeling\data\labeled\irrelevant\raw_media_e0fea645cedb_img2.jpg,0
..\image_labeling\data\labeled\intact\raw_media_5cde7f55022f_img1.jpg,..\image_labeling\data\labeled\intact\raw_media_5cde7f55022f_img3.jpg,0
..\image_labeling\data\labeled\intact\raw_media_5cde7f55022f_img2.jpg,..\image_labeling\data\labeled\intact\raw_media_5cde7f55022f_img4.jpg,0
..\image_labeling\data\labeled\intact\raw_media_5f5835552f6d_img2.jpg,..\image_labeling\data\labeled\intact\raw_media_f8c86f54398c_img2.jpg,0
..\image_labeling\data\labeled\intact\raw_media_601a60cd8ba3_img2.jpg,..\image_labeling\data\labeled\intact\raw_media_f26a6ca5903d_img2.jpg,0
..\image_labeling\data\labeled\intact\raw_media_606e53403adc_img2.jpg,..\image_labeling\data\labeled\intact\raw_media_606e53403adc_img3.jpg,0
..\image_labeling\data\labeled\intact\raw_media_662288bfc5ea_img1.jpg,..\image_labeling\data\labeled\intact\raw_media_662288bfc5ea_img2.jpg,0
..\image_labeling\data\labeled\intact\raw_media_67bce2ab592a_img1.jpg,..\image_labeling\data\labeled\intact\raw_media_90ed03cd58a5_img2.jpg,0
..\image_labeling\data\labeled\intact\raw_media_67bce2ab592a_img1.jpg,..\image_labeling\data\labeled\intact\raw_media_e244eab632ce_img1.jpg,0
..\image_labeling\data\labeled\intact\raw_media_67c128f380a5_img1.jpg,..\image_labeling\data\labeled\intact\raw_media_91d30bffbbb5_img1.jpg,8
..\image_labeling\data\labeled\intact\raw_media_69b23ffe9f67_img1.jpg,..\image_labeling\data\labeled\intact\raw_media_7dc390bc7836_img1.jpg,10
..\image_labeling\data\labeled\intact\raw_media_6a22bf54abce_img5.jpg,..\image_labeling\data\labeled\intact\raw_media_6a22bf54abce_img6.jpg,2
..\image_labeling\data\labeled\intact\raw_media_6a22bf54abce_img5.jpg,..\image_labeling\data\labeled\irrelevant\raw_media_6a22bf54abce_img1.jpg,6
..\image_labeling\data\labeled\intact\raw_media_6a22bf54abce_img5.jpg,..\image_labeling\data\labeled\irrelevant\raw_media_6a22bf54abce_img2.jpg,8
..\image_labeling\data\labeled\intact\raw_media_6a22bf54abce_img5.jpg,..\image_labeling\data\labeled\irrelevant\raw_media_6a22bf54abce_img4.jpg,4
..\image_labeling\data\labeled\intact\raw_media_6a22bf54abce_img5.jpg,..\image_labeling\data\labeled\irrelevant\raw_media_c815a4c0adfc_img1.jpg,6
..\image_labeling\data\labeled\intact\raw_media_6a22bf54abce_img5.jpg,..\image_labeling\data\labeled\irrelevant\raw_media_c815a4c0adfc_img2.jpg,8
..\image_labeling\data\labeled\intact\raw_media_6a22bf54abce_img5.jpg,..\image_labeling\data\labeled\irrelevant\raw_media_c815a4c0adfc_img4.jpg,4
..\image_labeling\data\labeled\intact\raw_media_6a22bf54abce_img5.jpg,..\image_labeling\data\labeled\irrelevant\raw_media_c815a4c0adfc_img5.jpg,0
..\image_labeling\data\labeled\intact\raw_media_6a22bf54abce_img5.jpg,..\image_labeling\data\labeled\irrelevant\raw_media_c815a4c0adfc_img6.jpg,2
..\image_labeling\data\labeled\intact\raw_media_6a22bf54abce_img6.jpg,..\image_labeling\data\labeled\irrelevant\raw_media_6a22bf54abce_img1.jpg,8
..\image_labeling\data\labeled\intact\raw_media_6a22bf54abce_img6.jpg,..\image_labeling\data\labeled\irrelevant\raw_media_6a22bf54abce_img2.jpg,8
..\image_labeling\data\labeled\intact\raw_media_6a22bf54abce_img6.jpg,..\image_labeling\data\labeled\irrelevant\raw_media_6a22bf54abce_img4.jpg,6
..\image_labeling\data\labeled\intact\raw_media_6a22bf54abce_img6.jpg,..\image_labeling\data\labeled\irrelevant\raw_media_c815a4c0adfc_img1.jpg,8
..\image_labeling\data\labeled\intact\raw_media_6a22bf54abce_img6.jpg,..\image_labeling\data\labeled\irrelevant\raw_media_c815a4c0adfc_img2.jpg,8
..\image_labeling\data\labeled\intact\raw_media_6a22bf54abce_img6.jpg,..\image_labeling\data\labeled\irrelevant\raw_media_c815a4c0adfc_img4.jpg,6
..\image_labeling\data\labeled\intact\raw_media_6a22bf54abce_img6.jpg,..\image_labeling\data\labeled\irrelevant\raw_media_c815a4c0adfc_img5.jpg,2
..\image_labeling\data\labeled\intact\raw_media_6a22bf54abce_img6.jpg,..\image_labeling\data\labeled\irrelevant\raw_media_c815a4c0adfc_img6.jpg,0
..\image_labeling\data\labeled\intact\raw_media_6b4e94d2aa2d_img1.jpg,..\image_labeling\data\labeled\intact\raw_media_717ead3288bb_img1.jpg,0
..\image_labeling\data\labeled\intact\raw_media_6bef417fb8f5_img1.jpg,..\image_labeling\data\labeled\intact\raw_media_c10904b86f22_img2.jpg,0
..\image_labeling\data\labeled\intact\raw_media_6bef417fb8f5_img1.jpg,..\image_labeling\data\labeled\intact\raw_media_e1cdaeb7842b_img1.jpg,0
..\image_labeling\data\labeled\intact\raw_media_6c75b24ed9cb_img2.jpg,..\image_labeling\data\labeled\intact\raw_media_e743df4e7498_img2.jpg,0
..\image_labeling\data\labeled\intact\raw_media_6de1cbf1d3fb_img1.jpg,..\image_labeling\data\labeled\intact\raw_media_fa190488ccd8_img1.jpg,0
..\image_labeling\data\labeled\intact\raw_media_6defe2a6913f_img2.jpg,..\image_labeling\data\labeled\intact\raw_media_d626cd57605c_img1.jpg,10
..\image_labeling\data\labeled\intact\raw_media_6f0301a268fb_img2.jpg,..\image_labeling\data\labeled\intact\raw_media_e354fc823c13_img2.jpg,0
..\image_labeling\data\labeled\intact\raw_media_6f414ef5db81_img1.jpg,..\image_labeling\data\labeled\intact\raw_media_89efce4bdad1_img1.jpg,10
..\image_labeling\data\labeled\intact\raw_media_6fe825e3743b_img1.jpg,..\image_labeling\data\labeled\intact\raw_media_d95bbb28a873_img1.jpg,10
..\image_labeling\data\labeled\intact\raw_media_6fe825e3743b_img1.jpg,..\image_labeling\data\labeled\intact\raw_media_edb3d2ed2cd0_img1.jpg,10
..\image_labeling\data\labeled\intact\raw_media_701f6aed6f05_img2.jpg,..\image_labeling\data\labeled\intact\raw_media_9f8b2a52a53f_img2.jpg,0
..\image_labeling\data\labeled\intact\raw_media_70367879e755_img1.jpg,..\image_labeling\data\labeled\intact\raw_media_bfed6248b70b_img1.jpg,0
..\image_labeling\data\labeled\intact\raw_media_710c0b5b499b_img1.jpg,..\image_labeling\data\labeled\intact\raw_media_abcc42df3e0a_img1.jpg,0
..\image_labeling\data\labeled\intact\raw_media_72b7ecb72cb3_img2.jpg,..\image_labeling\data\labeled\intact\raw_media_9a696b180201_img2.jpg,0
..\image_labeling\data\labeled\intact\raw_media_72b90ba0ce08_img1.jpg,..\image_labeling\data\labeled\irrelevant\raw_media_48cebb258be3_img1.jpg,0
..\image_labeling\data\labeled\intact\raw_media_72b90ba0ce08_img1.jpg,..\image_labeling\data\labeled\wrong_item\raw_media_f8d0cc692204_img1.jpg,0
..\image_labeling\data\labeled\intact\raw_media_7357127404bd_img1.jpg,..\image_labeling\data\labeled\intact\raw_media_7e4558079ade_img1.jpg,0
..\image_labeling\data\labeled\intact\raw_media_7357127404bd_img2.jpg,..\image_labeling\data\labeled\intact\raw_media_7e4558079ade_img2.jpg,0
..\image_labeling\data\labeled\intact\raw_media_742a1bab3a9e_img4.jpg,..\image_labeling\data\labeled\intact\raw_media_742a1bab3a9e_img5.jpg,2
..\image_labeling\data\labeled\intact\raw_media_74e212dda1e5_img2.jpg,..\image_labeling\data\labeled\intact\raw_media_d2a9dabe9de9_img2.jpg,0
..\image_labeling\data\labeled\intact\raw_media_773be7d44720_img1.jpg,..\image_labeling\data\labeled\intact\raw_media_c0a1ca819fe5_img1.jpg,0
..\image_labeling\data\labeled\intact\raw_media_774015564602_img1.jpg,..\image_labeling\data\labeled\intact\raw_media_8f41035795fa_img1.jpg,0
..\image_labeling\data\labeled\intact\raw_media_774015564602_img2.jpg,..\image_labeling\data\labeled\intact\raw_media_8f41035795fa_img2.jpg,0
..\image_labeling\data\labeled\intact\raw_media_780de883c218_img1.jpg,..\image_labeling\data\labeled\intact\raw_media_ff9e43cf614f_img1.jpg,0
..\image_labeling\data\labeled\intact\raw_media_780de883c218_img2.jpg,..\image_labeling\data\labeled\intact\raw_media_ff9e43cf614f_img2.jpg,0
..\image_labeling\data\labeled\intact\raw_media_78d0504d31f8_img1.jpg,..\image_labeling\data\labeled\intact\raw_media_78d0504d31f8_img2.jpg,0
..\image_labeling\data\labeled\intact\raw_media_78f5b72282ac_img3.jpg,..\image_labeling\data\labeled\intact\raw_media_f1275600981e_img3.jpg,0
..\image_labeling\data\labeled\intact\raw_media_7969624f6303_img2.jpg,..\image_labeling\data\labeled\intact\raw_media_7defe2c44ec8_img1.jpg,10
..\image_labeling\data\labeled\intact\raw_media_79a4b593071e_img1.jpg,..\image_labeling\data\labeled\intact\raw_media_bcccaf6ae27f_img1.jpg,0
..\image_labeling\data\labeled\intact\raw_media_7a36080dc4db_img1.jpg,..\image_labeling\data\labeled\intact\raw_media_85ca600a7f47_img1.jpg,0
..\image_labeling\data\labeled\intact\raw_media_7b75938a9e8a_img1.jpg,..\image_labeling\data\labeled\intact\raw_media_8ef94d99dee7_img1.jpg,0
..\image_labeling\data\labeled\intact\raw_media_7b7d93861ef7_img2.jpg,..\image_labeling\data\labeled\intact\raw_media_eac16f15ed98_img2.jpg,0
..\image_labeling\data\labeled\intact\raw_media_7b95923bad9e_img1.jpg,..\image_labeling\data\labeled\intact\raw_media_d8970c8cd924_img1.jpg,10
..\image_labeling\data\labeled\intact\raw_media_7b95923bad9e_img1.jpg,..\image_labeling\data\labeled\intact\raw_media_edb3d2ed2cd0_img1.jpg,8
..\image_labeling\data\labeled\intact\raw_media_7c38ba7558fb_img2.jpg,..\image_labeling\data\labeled\intact\raw_media_7f14f5850bac_img2.jpg,0
..\image_labeling\data\labeled\intact\raw_media_7d30e0e2cf1c_img2.jpg,..\image_labeling\data\labeled\intact\raw_media_7d30e0e2cf1c_img3.jpg,10
..\image_labeling\data\labeled\intact\raw_media_7e7e108abb11_img1.jpg,..\image_labeling\data\labeled\intact\raw_media_85a1b4b995d1_img1.jpg,6
..\image_labeling\data\labeled\intact\raw_media_7e7e108abb11_img1.jpg,..\image_labeling\data\labeled\intact\raw_media_8a8f571ad6c7_img1.jpg,8
..\image_labeling\data\labeled\intact\raw_media_7e7e108abb11_img1.jpg,..\image_labeling\data\labeled\intact\raw_media_a85f6bf2bca6_img2.jpg,8
..\image_labeling\data\labeled\intact\raw_media_7e84d7e9534e_img2.jpg,..\image_labeling\data\labeled\intact\raw_media_7e84d7e9534e_img4.jpg,8
..\image_labeling\data\labeled\intact\raw_media_7f0803cf8a47_img1.jpg,..\image_labeling\data\labeled\intact\raw_media_d6b689244ab6_img1.jpg,0
..\image_labeling\data\labeled\intact\raw_media_7f0803cf8a47_img2.jpg,..\image_labeling\data\labeled\intact\raw_media_d6b689244ab6_img2.jpg,0
..\image_labeling\data\labeled\intact\raw_media_7f0803cf8a47_img3.jpg,..\image_labeling\data\labeled\intact\raw_media_d6b689244ab6_img3.jpg,0
..\image_labeling\data\labeled\intact\raw_media_7f0803cf8a47_img4.jpg,..\image_labeling\data\labeled\intact\raw_media_d6b689244ab6_img4.jpg,0
..\image_labeling\data\labeled\intact\raw_media_7f1e6e4ef4d5_img1.jpg,..\image_labeling\data\labeled\intact\raw_media_d831453154a9_img1.jpg,0
..\image_labeling\data\labeled\intact\raw_media_8072b4d973e2_img1.jpg,..\image_labeling\data\labeled\intact\raw_media_cbb44272a449_img1.jpg,10
..\image_labeling\data\labeled\intact\raw_media_8072b4d973e2_img1.jpg,..\image_labeling\data\labeled\intact\raw_media_edb3d2ed2cd0_img1.jpg,10
..\image_labeling\data\labeled\intact\raw_media_80db531e92fa_img1.jpg,..\image_labeling\data\labeled\intact\raw_media_f874873be3f7_img1.jpg,10
..\image_labeling\data\labeled\intact\raw_media_824bc35ecc91_img2.jpg,..\image_labeling\data\labeled\intact\raw_media_e64762a84b69_img2.jpg,0
..\image_labeling\data\labeled\intact\raw_media_82591688e55e_img2.jpg,..\image_labeling\data\labeled\intact\raw_media_fb819324cbe1_img4.jpg,0
..\image_labeling\data\labeled\intact\raw_media_82591688e55e_img3.jpg,..\image_labeling\data\labeled\intact\raw_media_fb819324cbe1_img3.jpg,0
..\image_labeling\data\labeled\intact\raw_media_82591688e55e_img5.jpg,..\image_labeling\data\labeled\intact\raw_media_fb819324cbe1_img2.jpg,0
..\image_labeling\data\labeled\intact\raw_media_82591688e55e_img6.jpg,..\image_labeling\data\labeled\intact\raw_media_fe2800b9ff19_img5.jpg,0
..\image_labeling\data\labeled\intact\raw_media_847f28767be5_img2.jpg,..\image_labeling\data\labeled\intact\raw_media_906c48cc9027_img2.jpg,0
..\image_labeling\data\labeled\intact\raw_media_8561072b9388_img2.jpg,..\image_labeling\data\labeled\intact\raw_media_b2c5ce957e40_img2.jpg,0
..\image_labeling\data\labeled\intact\raw_media_85a1b4b995d1_img1.jpg,..\image_labeling\data\labeled\intact\raw_media_8a8f571ad6c7_img1.jpg,6
..\image_labeling\data\labeled\intact\raw_media_85a1b4b995d1_img1.jpg,..\image_labeling\data\labeled\intact\raw_media_edb3d2ed2cd0_img1.jpg,10
..\image_labeling\data\labeled\intact\raw_media_85a1b4b995d1_img1.jpg,..\image_labeling\data\labeled\intact\raw_media_fa58127324ff_img1.jpg,10
..\image_labeling\data\labeled\intact\raw_media_8639c4384b0a_img1.jpg,..\image_labeling\data\labeled\intact\raw_media_8639c4384b0a_img2.jpg,0
..\image_labeling\data\labeled\intact\raw_media_8c4f064e371f_img1.jpg,..\image_labeling\data\labeled\intact\raw_media_b7e533a53683_img1.jpg,0
..\image_labeling\data\labeled\intact\raw_media_8c4f064e371f_img1.jpg,..\image_labeling\data\labeled\intact\raw_media_bea6c67cf0f8_img1.jpg,0
..\image_labeling\data\labeled\intact\raw_media_8c4f064e371f_img1.jpg,..\image_labeling\data\labeled\intact\raw_media_cba4ef880890_img1.jpg,0
..\image_labeling\data\labeled\intact\raw_media_8cee25657c4a_img1.jpg,..\image_labeling\data\labeled\intact\raw_media_a1a422acb11b_img1.jpg,0
..\image_labeling\data\labeled\intact\raw_media_8d7cd0ccc253_img1.jpg,..\image_labeling\data\labeled\intact\raw_media_ec2a821a5368_img2.jpg,0
..\image_labeling\data\labeled\intact\raw_media_8d7cd0ccc253_img2.jpg,..\image_labeling\data\labeled\intact\raw_media_ec2a821a5368_img1.jpg,0
..\image_labeling\data\labeled\intact\raw_media_8ed3e40b190d_img1.jpg,..\image_labeling\data\labeled\intact\raw_media_d5fbfe7c36dd_img1.jpg,10
..\image_labeling\data\labeled\intact\raw_media_8fdb4db85228_img2.jpg,..\image_labeling\data\labeled\intact\raw_media_a7f36f6ba432_img2.jpg,0
..\image_labeling\data\labeled\intact\raw_media_90aaf1d965ee_img2.jpg,..\image_labeling\data\labeled\intact\raw_media_b503147c385e_img2.jpg,0
..\image_labeling\data\labeled\intact\raw_media_90ad1a92a952_img1.jpg,..\image_labeling\data\labeled\irrelevant\raw_media_0e6dcaf644fc_img1.jpg,0
..\image_labeling\data\labeled\intact\raw_media_90ad1a92a952_img1.jpg,..\image_labeling\data\labeled\irrelevant\raw_media_2405df8b42ff_img1.jpg,0
..\image_labeling\data\labeled\intact\raw_media_90e71baf76f9_img2.jpg,..\image_labeling\data\labeled\intact\raw_media_bec312991106_img2.jpg,0
..\image_labeling\data\labeled\intact\raw_media_90ed03cd58a5_img2.jpg,..\image_labeling\data\labeled\intact\raw_media_e244eab632ce_img1.jpg,0
..\image_labeling\data\labeled\intact\raw_media_938ff0a5e1a8_img2.jpg,..\image_labeling\data\labeled\intact\raw_media_b95cab06e23f_img2.jpg,0
..\image_labeling\data\labeled\intact\raw_media_938ff0a5e1a8_img2.jpg,..\image_labeling\data\labeled\intact\raw_media_c92b2b78f391_img2.jpg,0
..\image_labeling\data\labeled\intact\raw_media_93bebfe6a8e4_img2.jpg,..\image_labeling\data\labeled\intact\raw_media_93bebfe6a8e4_img4.jpg,0
..\image_labeling\data\labeled\intact\raw_media_93bebfe6a8e4_img3.jpg,..\image_labeling\data\labeled\intact\raw_media_93bebfe6a8e4_img5.jpg,0
..\image_labeling\data\labeled\intact\raw_media_959a793b5ae6_img2.jpg,..\image_labeling\data\labeled\intact\raw_media_d8c734b2e08a_img2.jpg,0
..\image_labeling\data\labeled\intact\raw_media_959a793b5ae6_img3.jpg,..\image_labeling\data\labeled\intact\raw_media_d8c734b2e08a_img3.jpg,0
..\image_labeling\data\labeled\intact\raw_media_95a840b056a5_img1.jpg,..\image_labeling\data\labeled\intact\raw_media_e8a71a7805a0_img1.jpg,10
..\image_labeling\data\labeled\intact\raw_media_98f629a36a94_img1.jpg,..\image_labeling\data\labeled\intact\raw_media_fdf3996a7caf_img1.jpg,0
..\image_labeling\data\labeled\intact\raw_media_998f61668256_img2.jpg,..\image_labeling\data\labeled\intact\raw_media_a610c5514c3a_img2.jpg,0
..\image_labeling\data\labeled\intact\raw_media_9ae794f17b17_img1.jpg,..\image_labeling\data\labeled\intact\raw_media_9de2e0bf3566_img1.jpg,0
..\image_labeling\data\labeled\intact\raw_media_9ae794f17b17_img1.jpg,..\image_labeling\data\labeled\intact\raw_media_f555078c6e54_img1.jpg,0
..\image_labeling\data\labeled\intact\raw_media_9de2e0bf3566_img1.jpg,..\image_labeling\data\labeled\intact\raw_media_f555078c6e54_img1.jpg,0
..\image_labeling\data\labeled\intact\raw_media_a30dc8acd389_img2.jpg,..\image_labeling\data\labeled\intact\raw_media_ebaaff379c79_img2.jpg,0
..\image_labeling\data\labeled\intact\raw_media_a5694586bbdf_img1.jpg,..\image_labeling\data\labeled\intact\raw_media_a88b2bf2bdd2_img1.jpg,0
..\image_labeling\data\labeled\intact\raw_media_a627b123f339_img2.jpg,..\image_labeling\data\labeled\intact\raw_media_fa757baf40d4_img2.jpg,0
..\image_labeling\data\labeled\intact\raw_media_a70861075b5e_img2.jpg,..\image_labeling\data\labeled\intact\raw_media_bf37c0d102af_img2.jpg,0
..\image_labeling\data\labeled\intact\raw_media_a7e9f6852b51_img1.jpg,..\image_labeling\data\labeled\intact\raw_media_ed6055ef39b1_img1.jpg,0
..\image_labeling\data\labeled\intact\raw_media_a9167412918b_img1.jpg,..\image_labeling\data\labeled\intact\raw_media_a9167412918b_img2.jpg,6
..\image_labeling\data\labeled\intact\raw_media_a9f87e08e085_img2.jpg,..\image_labeling\data\labeled\intact\raw_media_dc3f8f63c227_img2.jpg,0
..\image_labeling\data\labeled\intact\raw_media_ac6572fd0cdd_img2.jpg,..\image_labeling\data\labeled\intact\raw_media_ac6572fd0cdd_img3.jpg,0
..\image_labeling\data\labeled\intact\raw_media_ac79087eb05f_img2.jpg,..\image_labeling\data\labeled\intact\raw_media_ac79087eb05f_img3.jpg,8
..\image_labeling\data\labeled\intact\raw_media_ad56e470a78e_img3.jpg,..\image_labeling\data\labeled\intact\raw_media_fc7613035c57_img1.jpg,10
..\image_labeling\data\labeled\intact\raw_media_b0bf2f4bec69_img2.jpg,..\image_labeling\data\labeled\intact\raw_media_fc7540932882_img2.jpg,0
..\image_labeling\data\labeled\intact\raw_media_b10bd40bbfd9_img2.jpg,..\image_labeling\data\labeled\intact\raw_media_c04b8b651737_img2.jpg,0
..\image_labeling\data\labeled\intact\raw_media_b7e533a53683_img1.jpg,..\image_labeling\data\labeled\intact\raw_media_bea6c67cf0f8_img1.jpg,0
..\image_labeling\data\labeled\intact\raw_media_b7e533a53683_img1.jpg,..\image_labeling\data\labeled\intact\raw_media_cba4ef880890_img1.jpg,0
..\image_labeling\data\labeled\intact\raw_media_b95cab06e23f_img2.jpg,..\image_labeling\data\labeled\intact\raw_media_c92b2b78f391_img2.jpg,0
..\image_labeling\data\labeled\intact\raw_media_b97e15e79c35_img2.jpg,..\image_labeling\data\labeled\intact\raw_media_b97e15e79c35_img3.jpg,10
..\image_labeling\data\labeled\intact\raw_media_ba9f004d0874_img1.jpg,..\image_labeling\data\labeled\intact\raw_media_c503bd186019_img2.jpg,0
..\image_labeling\data\labeled\intact\raw_media_ba9f004d0874_img2.jpg,..\image_labeling\data\labeled\intact\raw_media_c503bd186019_img1.jpg,0
..\image_labeling\data\labeled\intact\raw_media_bbdd48599840_img1.jpg,..\image_labeling\data\labeled\intact\raw_media_e4d5d8cc0168_img1.jpg,0
..\image_labeling\data\labeled\intact\raw_media_bbf5792d4d42_img2.jpg,..\image_labeling\data\labeled\intact\raw_media_fa58127324ff_img1.jpg,10
..\image_labeling\data\labeled\intact\raw_media_bd30616a27a0_img1.jpg,..\image_labeling\data\labeled\intact\raw_media_da98887876e9_img1.jpg,6
..\image_labeling\data\labeled\intact\raw_media_bdcca4167808_img1.jpg,..\image_labeling\data\labeled\intact\raw_media_f7fdddbb4197_img1.jpg,0
..\image_labeling\data\labeled\intact\raw_media_bdcca4167808_img2.jpg,..\image_labeling\data\labeled\intact\raw_media_f7fdddbb4197_img2.jpg,0
..\image_labeling\data\labeled\intact\raw_media_bea55d1f8767_img2.jpg,..\image_labeling\data\labeled\intact\raw_media_ead707afb0e9_img2.jpg,0
..\image_labeling\data\labeled\intact\raw_media_bea6c67cf0f8_img1.jpg,..\image_labeling\data\labeled\intact\raw_media_cba4ef880890_img1.jpg,0
..\image_labeling\data\labeled\intact\raw_media_bf8f4a2be25a_img2.jpg,..\image_labeling\data\labeled\intact\raw_media_f271bfc388d0_img2.jpg,0
..\image_labeling\data\labeled\intact\raw_media_c0ba96687638_img2.jpg,..\image_labeling\data\labeled\intact\raw_media_c0ba96687638_img4.jpg,0
..\image_labeling\data\labeled\intact\raw_media_c10904b86f22_img2.jpg,..\image_labeling\data\labeled\intact\raw_media_e1cdaeb7842b_img1.jpg,0
..\image_labeling\data\labeled\intact\raw_media_c10f4983e5b0_img2.jpg,..\image_labeling\data\labeled\intact\raw_media_c9f614192969_img2.jpg,0
..\image_labeling\data\labeled\intact\raw_media_c10f4983e5b0_img3.jpg,..\image_labeling\data\labeled\intact\raw_media_c9f614192969_img3.jpg,0
..\image_labeling\data\labeled\intact\raw_media_c10f4983e5b0_img4.jpg,..\image_labeling\data\labeled\intact\raw_media_c9f614192969_img4.jpg,0
..\image_labeling\data\labeled\intact\raw_media_c1942eb0566c_img1.jpg,..\image_labeling\data\labeled\irrelevant\raw_media_084784981fa8_img1.jpg,0
..\image_labeling\data\labeled\intact\raw_media_c4bba2a4f451_img3.jpg,..\image_labeling\data\labeled\intact\raw_media_e77df62b0c8a_img2.jpg,0
..\image_labeling\data\labeled\intact\raw_media_c4db12402255_img1.jpg,..\image_labeling\data\labeled\intact\raw_media_dc1911ae977b_img1.jpg,0
..\image_labeling\data\labeled\intact\raw_media_c5032e59c5ea_img2.jpg,..\image_labeling\data\labeled\intact\raw_media_da9839ae538b_img2.jpg,0
..\image_labeling\data\labeled\intact\raw_media_ca339b2cac3c_img2.jpg,..\image_labeling\data\labeled\intact\raw_media_d3ae73efca85_img2.jpg,0
..\image_labeling\data\labeled\intact\raw_media_cd320b8a7dc7_img2.jpg,..\image_labeling\data\labeled\intact\raw_media_cd320b8a7dc7_img3.jpg,0
..\image_labeling\data\labeled\intact\raw_media_cd320b8a7dc7_img2.jpg,..\image_labeling\data\labeled\intact\raw_media_e8020d847093_img2.jpg,0
..\image_labeling\data\labeled\intact\raw_media_cd320b8a7dc7_img2.jpg,..\image_labeling\data\labeled\intact\raw_media_e8020d847093_img3.jpg,0
..\image_labeling\data\labeled\intact\raw_media_cd320b8a7dc7_img3.jpg,..\image_labeling\data\labeled\intact\raw_media_e8020d847093_img2.jpg,0
..\image_labeling\data\labeled\intact\raw_media_cd320b8a7dc7_img3.jpg,..\image_labeling\data\labeled\intact\raw_media_e8020d847093_img3.jpg,0
..\image_labeling\data\labeled\intact\raw_media_cd4df4669378_img5.jpg,..\image_labeling\data\labeled\irrelevant\raw_media_c7befedc650b_img4.jpg,0
..\image_labeling\data\labeled\intact\raw_media_d20489037f3c_img2.jpg,..\image_labeling\data\labeled\intact\raw_media_e9ec8599acc1_img2.jpg,0
..\image_labeling\data\labeled\intact\raw_media_d2e5d15b0303_img1.jpg,..\image_labeling\data\labeled\intact\raw_media_d2e5d15b0303_img2.jpg,0
..\image_labeling\data\labeled\intact\raw_media_d351d27c7528_img1.jpg,..\image_labeling\data\labeled\intact\raw_media_d351d27c7528_img2.jpg,6
..\image_labeling\data\labeled\intact\raw_media_d413889efd6f_img1.jpg,..\image_labeling\data\labeled\intact\raw_media_d413889efd6f_img2.jpg,6
..\image_labeling\data\labeled\intact\raw_media_d82403b028c1_img1.jpg,..\image_labeling\data\labeled\intact\raw_media_eead9eede56d_img1.jpg,0
..\image_labeling\data\labeled\intact\raw_media_da91e28b1fab_img1.jpg,..\image_labeling\data\labeled\intact\raw_media_da91e28b1fab_img2.jpg,6
..\image_labeling\data\labeled\intact\raw_media_dbe4f1147f21_img4.jpg,..\image_labeling\data\labeled\intact\raw_media_dea1b5b5be77_img1.jpg,10
..\image_labeling\data\labeled\intact\raw_media_dbe4f1147f21_img4.jpg,..\image_labeling\data\labeled\intact\raw_media_ea6df386a775_img1.jpg,10
..\image_labeling\data\labeled\intact\raw_media_dbe4f1147f21_img4.jpg,..\image_labeling\data\labeled\intact\raw_media_ec2ee32be70b_img1.jpg,10
..\image_labeling\data\labeled\intact\raw_media_dea1b5b5be77_img1.jpg,..\image_labeling\data\labeled\intact\raw_media_e8a71a7805a0_img1.jpg,10
..\image_labeling\data\labeled\intact\raw_media_dea1b5b5be77_img1.jpg,..\image_labeling\data\labeled\intact\raw_media_ea6df386a775_img1.jpg,10
..\image_labeling\data\labeled\intact\raw_media_dea1b5b5be77_img1.jpg,..\image_labeling\data\labeled\intact\raw_media_ec2ee32be70b_img1.jpg,10
..\image_labeling\data\labeled\intact\raw_media_df46f5a5dd0b_img1.jpg,..\image_labeling\data\labeled\intact\raw_media_ffb1e1be5508_img2.jpg,0
..\image_labeling\data\labeled\intact\raw_media_e406294be264_img2.jpg,..\image_labeling\data\labeled\intact\raw_media_e406294be264_img3.jpg,6
..\image_labeling\data\labeled\intact\raw_media_e8020d847093_img2.jpg,..\image_labeling\data\labeled\intact\raw_media_e8020d847093_img3.jpg,0
..\image_labeling\data\labeled\intact\raw_media_e8a71a7805a0_img2.jpg,..\image_labeling\data\labeled\intact\raw_media_e8b6c6fd5b04_img4.jpg,10
..\image_labeling\data\labeled\intact\raw_media_ec7cba07bc3d_img2.jpg,..\image_labeling\data\labeled\irrelevant\raw_media_256c4572cd07_img2.jpg,0
..\image_labeling\data\labeled\intact\raw_media_ed9a1c53a7ca_img2.jpg,..\image_labeling\data\labeled\intact\raw_media_f4e8b39d8beb_img2.jpg,0
..\image_labeling\data\labeled\intact\raw_media_ed9a1c53a7ca_img3.jpg,..\image_labeling\data\labeled\intact\raw_media_f4e8b39d8beb_img3.jpg,0
..\image_labeling\data\labeled\intact\raw_media_ed9a1c53a7ca_img4.jpg,..\image_labeling\data\labeled\intact\raw_media_f4e8b39d8beb_img4.jpg,0
..\image_labeling\data\labeled\intact\raw_media_ed9a1c53a7ca_img5.jpg,..\image_labeling\data\labeled\intact\raw_media_f4e8b39d8beb_img5.jpg,0
..\image_labeling\data\labeled\intact\raw_media_edd6e4228a86_img1.jpg,..\image_labeling\data\labeled\intact\raw_media_f01fca21ab06_img1.jpg,0
..\image_labeling\data\labeled\intact\raw_media_eee6d2b2da6f_img2.jpg,..\image_labeling\data\labeled\irrelevant\raw_media_3bb16a6eb28c_img2.jpg,0
..\image_labeling\data\labeled\intact\raw_media_f1b84a73cb97_img1.jpg,..\image_labeling\data\labeled\irrelevant\raw_media_226f814f5262_img1.jpg,0
..\image_labeling\data\labeled\intact\raw_media_fb71eae8bacd_img2.jpg,..\image_labeling\data\labeled\intact\raw_media_fcc8cbbee72a_img2.jpg,0
..\image_labeling\data\labeled\intact\raw_media_fb819324cbe1_img5.jpg,..\image_labeling\data\labeled\irrelevant\raw_media_1768e992ae9d_img2.jpg,0
..\image_labeling\data\labeled\irrelevant\frames_00805598eb18_img1.jpg,..\image_labeling\data\labeled\irrelevant\frames_00805598eb18_img2.jpg,4
..\image_labeling\data\labeled\irrelevant\frames_00805598eb18_img1.jpg,..\image_labeling\data\labeled\irrelevant\frames_00805598eb18_img3.jpg,2
..\image_labeling\data\labeled\irrelevant\frames_00805598eb18_img2.jpg,..\image_labeling\data\labeled\irrelevant\frames_00805598eb18_img3.jpg,4
..\image_labeling\data\labeled\irrelevant\frames_01b8fd02a34f_img1.jpg,..\image_labeling\data\labeled\irrelevant\frames_01b8fd02a34f_img2.jpg,6
..\image_labeling\data\labeled\irrelevant\frames_0271c7df75a7_img1.jpg,..\image_labeling\data\labeled\irrelevant\frames_0271c7df75a7_img2.jpg,6
..\image_labeling\data\labeled\irrelevant\frames_0271c7df75a7_img1.jpg,..\image_labeling\data\labeled\irrelevant\frames_0271c7df75a7_img3.jpg,10
..\image_labeling\data\labeled\irrelevant\frames_0271c7df75a7_img1.jpg,..\image_labeling\data\labeled\irrelevant\frames_6c971dc35b29_img1.jpg,10
..\image_labeling\data\labeled\irrelevant\frames_0271c7df75a7_img3.jpg,..\image_labeling\data\labeled\irrelevant\frames_6c971dc35b29_img1.jpg,6
..\image_labeling\data\labeled\irrelevant\frames_0271c7df75a7_img3.jpg,..\image_labeling\data\labeled\irrelevant\frames_6c971dc35b29_img2.jpg,6
..\image_labeling\data\labeled\irrelevant\frames_0271c7df75a7_img3.jpg,..\image_labeling\data\labeled\irrelevant\frames_6c971dc35b29_img3.jpg,8
..\image_labeling\data\labeled\irrelevant\frames_02e0e1289126_img1.jpg,..\image_labeling\data\labeled\irrelevant\frames_02e0e1289126_img2.jpg,8
..\image_labeling\data\labeled\irrelevant\frames_02e0e1289126_img1.jpg,..\image_labeling\data\labeled\irrelevant\frames_02e0e1289126_img3.jpg,10
..\image_labeling\data\labeled\irrelevant\frames_02e0e1289126_img2.jpg,..\image_labeling\data\labeled\irrelevant\frames_02e0e1289126_img3.jpg,2
..\image_labeling\data\labeled\irrelevant\frames_036b1508d4ab_img1.jpg,..\image_labeling\data\labeled\irrelevant\frames_036b1508d4ab_img3.jpg,10
..\image_labeling\data\labeled\irrelevant\frames_0398a25bce42_img1.jpg,..\image_labeling\data\labeled\irrelevant\frames_0398a25bce42_img2.jpg,2
..\image_labeling\data\labeled\irrelevant\frames_0398a25bce42_img1.jpg,..\image_labeling\data\labeled\irrelevant\frames_0398a25bce42_img3.jpg,2
..\image_labeling\data\labeled\irrelevant\frames_0398a25bce42_img1.jpg,..\image_labeling\data\labeled\irrelevant\frames_72cec0ff0a0a_img1.jpg,0
..\image_labeling\data\labeled\irrelevant\frames_0398a25bce42_img1.jpg,..\image_labeling\data\labeled\irrelevant\frames_72cec0ff0a0a_img2.jpg,0
..\image_labeling\data\labeled\irrelevant\frames_0398a25bce42_img1.jpg,..\image_labeling\data\labeled\irrelevant\frames_72cec0ff0a0a_img3.jpg,0
..\image_labeling\data\labeled\irrelevant\frames_0398a25bce42_img2.jpg,..\image_labeling\data\labeled\irrelevant\frames_0398a25bce42_img3.jpg,0
..\image_labeling\data\labeled\irrelevant\frames_0398a25bce42_img2.jpg,..\image_labeling\data\labeled\irrelevant\frames_72cec0ff0a0a_img1.jpg,2
..\image_labeling\data\labeled\irrelevant\frames_0398a25bce42_img2.jpg,..\image_labeling\data\labeled\irrelevant\frames_72cec0ff0a0a_img2.jpg,2
..\image_labeling\data\labeled\irrelevant\frames_0398a25bce42_img2.jpg,..\image_labeling\data\labeled\irrelevant\frames_72cec0ff0a0a_img3.jpg,2
..\image_labeling\data\labeled\irrelevant\frames_0398a25bce42_img3.jpg,..\image_labeling\data\labeled\irrelevant\frames_72cec0ff0a0a_img1.jpg,2
..\image_labeling\data\labeled\irrelevant\frames_0398a25bce42_img3.jpg,..\image_labeling\data\labeled\irrelevant\frames_72cec0ff0a0a_img2.jpg,2
..\image_labeling\data\labeled\irrelevant\frames_0398a25bce42_img3.jpg,..\image_labeling\data\labeled\irrelevant\frames_72cec0ff0a0a_img3.jpg,2
..\image_labeling\data\labeled\irrelevant\frames_0613e5dd1384_img1.jpg,..\image_labeling\data\labeled\irrelevant\frames_0613e5dd1384_img2.jpg,2
..\image_labeling\data\labeled\irrelevant\frames_0613e5dd1384_img1.jpg,..\image_labeling\data\labeled\irrelevant\frames_0613e5dd1384_img3.jpg,10
..\image_labeling\data\labeled\irrelevant\frames_06983b88b504_img1.jpg,..\image_labeling\data\labeled\irrelevant\frames_06983b88b504_img2.jpg,0
..\image_labeling\data\labeled\irrelevant\frames_06983b88b504_img1.jpg,..\image_labeling\data\labeled\irrelevant\frames_06983b88b504_img3.jpg,2
..\image_labeling\data\labeled\irrelevant\frames_06983b88b504_img2.jpg,..\image_labeling\data\labeled\irrelevant\frames_06983b88b504_img3.jpg,2
..\image_labeling\data\labeled\irrelevant\frames_0808c69d49c8_img1.jpg,..\image_labeling\data\labeled\irrelevant\frames_0808c69d49c8_img2.jpg,0
..\image_labeling\data\labeled\irrelevant\frames_0808c69d49c8_img1.jpg,..\image_labeling\data\labeled\irrelevant\frames_0808c69d49c8_img3.jpg,4
..\image_labeling\data\labeled\irrelevant\frames_0808c69d49c8_img2.jpg,..\image_labeling\data\labeled\irrelevant\frames_0808c69d49c8_img3.jpg,4
..\image_labeling\data\labeled\irrelevant\frames_08164b8f3c36_img1.jpg,..\image_labeling\data\labeled\irrelevant\frames_08164b8f3c36_img3.jpg,10
..\image_labeling\data\labeled\irrelevant\frames_08164b8f3c36_img2.jpg,..\image_labeling\data\labeled\irrelevant\frames_08164b8f3c36_img3.jpg,2
..\image_labeling\data\labeled\irrelevant\frames_083fef35edd0_img3.jpg,..\image_labeling\data\labeled\irrelevant\frames_65f7bce265e8_img1.jpg,10
..\image_labeling\data\labeled\irrelevant\frames_09042bb2e927_img1.jpg,..\image_labeling\data\labeled\irrelevant\frames_09042bb2e927_img2.jpg,2
..\image_labeling\data\labeled\irrelevant\frames_091f6f8290ea_img2.jpg,..\image_labeling\data\labeled\irrelevant\frames_091f6f8290ea_img3.jpg,2
..\image_labeling\data\labeled\irrelevant\frames_096c71e70ae6_img1.jpg,..\image_labeling\data\labeled\irrelevant\frames_096c71e70ae6_img2.jpg,6
..\image_labeling\data\labeled\irrelevant\frames_096c71e70ae6_img1.jpg,..\image_labeling\data\labeled\irrelevant\frames_e250165ff58e_img1.jpg,2
..\image_labeling\data\labeled\irrelevant\frames_096c71e70ae6_img1.jpg,..\image_labeling\data\labeled\irrelevant\frames_e250165ff58e_img2.jpg,8
..\image_labeling\data\labeled\irrelevant\frames_096c71e70ae6_img1.jpg,..\image_labeling\data\labeled\irrelevant\frames_e250165ff58e_img3.jpg,2
..\image_labeling\data\labeled\irrelevant\frames_096c71e70ae6_img2.jpg,..\image_labeling\data\labeled\irrelevant\frames_e250165ff58e_img1.jpg,8
..\image_labeling\data\labeled\irrelevant\frames_096c71e70ae6_img2.jpg,..\image_labeling\data\labeled\irrelevant\frames_e250165ff58e_img2.jpg,8
..\image_labeling\data\labeled\irrelevant\frames_096c71e70ae6_img2.jpg,..\image_labeling\data\labeled\irrelevant\frames_e250165ff58e_img3.jpg,6
..\image_labeling\data\labeled\irrelevant\frames_096c71e70ae6_img3.jpg,..\image_labeling\data\labeled\irrelevant\frames_e250165ff58e_img1.jpg,10
..\image_labeling\data\labeled\irrelevant\frames_09c28816b8fd_img1.jpg,..\image_labeling\data\labeled\irrelevant\frames_09c28816b8fd_img2.jpg,2
..\image_labeling\data\labeled\irrelevant\frames_09c28816b8fd_img1.jpg,..\image_labeling\data\labeled\irrelevant\frames_09c28816b8fd_img3.jpg,2
..\image_labeling\data\labeled\irrelevant\frames_09c28816b8fd_img1.jpg,..\image_labeling\data\labeled\irrelevant\frames_0f57b4654858_img1.jpg,4
..\image_labeling\data\labeled\irrelevant\frames_09c28816b8fd_img1.jpg,..\image_labeling\data\labeled\irrelevant\frames_0f57b4654858_img2.jpg,2
..\image_labeling\data\labeled\irrelevant\frames_09c28816b8fd_img1.jpg,..\image_labeling\data\labeled\irrelevant\frames_0f57b4654858_img3.jpg,4
..\image_labeling\data\labeled\irrelevant\frames_09c28816b8fd_img2.jpg,..\image_labeling\data\labeled\irrelevant\frames_09c28816b8fd_img3.jpg,4
..\image_labeling\data\labeled\irrelevant\frames_09c28816b8fd_img2.jpg,..\image_labeling\data\labeled\irrelevant\frames_0f57b4654858_img1.jpg,4
..\image_labeling\data\labeled\irrelevant\frames_09c28816b8fd_img2.jpg,..\image_labeling\data\labeled\irrelevant\frames_0f57b4654858_img2.jpg,0
..\image_labeling\data\labeled\irrelevant\frames_09c28816b8fd_img2.jpg,..\image_labeling\data\labeled\irrelevant\frames_0f57b4654858_img3.jpg,6
..\image_labeling\data\labeled\irrelevant\frames_09c28816b8fd_img3.jpg,..\image_labeling\data\labeled\irrelevant\frames_0f57b4654858_img1.jpg,6
..\image_labeling\data\labeled\irrelevant\frames_09c28816b8fd_img3.jpg,..\image_labeling\data\labeled\irrelevant\frames_0f57b4654858_img2.jpg,4
..\image_labeling\data\labeled\irrelevant\frames_09c28816b8fd_img3.jpg,..\image_labeling\data\labeled\irrelevant\frames_0f57b4654858_img3.jpg,2
..\image_labeling\data\labeled\irrelevant\frames_0a4892ce0115_img1.jpg,..\image_labeling\data\labeled\irrelevant\frames_0a4892ce0115_img2.jpg,0
..\image_labeling\data\labeled\irrelevant\frames_0a4892ce0115_img1.jpg,..\image_labeling\data\labeled\irrelevant\frames_0a4892ce0115_img3.jpg,0
..\image_labeling\data\labeled\irrelevant\frames_0a4892ce0115_img2.jpg,..\image_labeling\data\labeled\irrelevant\frames_0a4892ce0115_img3.jpg,0
..\image_labeling\data\labeled\irrelevant\frames_0a9a704ea556_img1.jpg,..\image_labeling\data\labeled\irrelevant\frames_0a9a704ea556_img2.jpg,0
..\image_labeling\data\labeled\irrelevant\frames_0a9a704ea556_img3.jpg,..\image_labeling\data\labeled\irrelevant\frames_de56ba272e93_img3.jpg,0
..\image_labeling\data\labeled\irrelevant\frames_0aa8e9640ac9_img1.jpg,..\image_labeling\data\labeled\irrelevant\frames_f27a46f5eab4_img1.jpg,2
..\image_labeling\data\labeled\irrelevant\frames_0aa8e9640ac9_img1.jpg,..\image_labeling\data\labeled\irrelevant\frames_f27a46f5eab4_img2.jpg,2
..\image_labeling\data\labeled\irrelevant\frames_0aa8e9640ac9_img1.jpg,..\image_labeling\data\labeled\irrelevant\frames_f27a46f5eab4_img3.jpg,8
..\image_labeling\data\labeled\irrelevant\frames_0aa8e9640ac9_img2.jpg,..\image_labeling\data\labeled\irrelevant\frames_0aa8e9640ac9_img3.jpg,2
..\image_labeling\data\labeled\irrelevant\frames_0b3c64c49144_img1.jpg,..\image_labeling\data\labeled\irrelevant\frames_0b3c64c49144_img2.jpg,8
..\image_labeling\data\labeled\irrelevant\frames_0c120ef954ac_img1.jpg,..\image_labeling\data\labeled\irrelevant\frames_0c120ef954ac_img2.jpg,2
..\image_labeling\data\labeled\irrelevant\frames_0c120ef954ac_img1.jpg,..\image_labeling\data\labeled\irrelevant\frames_0c120ef954ac_img3.jpg,4
..\image_labeling\data\labeled\irrelevant\frames_0c120ef954ac_img1.jpg,..\image_labeling\data\labeled\irrelevant\frames_f0fe7e591f89_img1.jpg,2
..\image_labeling\data\labeled\irrelevant\frames_0c120ef954ac_img1.jpg,..\image_labeling\data\labeled\irrelevant\frames_f0fe7e591f89_img2.jpg,2
..\image_labeling\data\labeled\irrelevant\frames_0c120ef954ac_img1.jpg,..\image_labeling\data\labeled\irrelevant\frames_f0fe7e591f89_img3.jpg,6
..\image_labeling\data\labeled\irrelevant\frames_0c120ef954ac_img2.jpg,..\image_labeling\data\labeled\irrelevant\frames_0c120ef954ac_img3.jpg,2
..\image_labeling\data\labeled\irrelevant\frames_0c120ef954ac_img2.jpg,..\image_labeling\data\labeled\irrelevant\frames_f0fe7e591f89_img1.jpg,0
..\image_labeling\data\labeled\irrelevant\frames_0c120ef954ac_img2.jpg,..\image_labeling\data\labeled\irrelevant\frames_f0fe7e591f89_img2.jpg,2
..\image_labeling\data\labeled\irrelevant\frames_0c120ef954ac_img2.jpg,..\image_labeling\data\labeled\irrelevant\frames_f0fe7e591f89_img3.jpg,4
..\image_labeling\data\labeled\irrelevant\frames_0c120ef954ac_img3.jpg,..\image_labeling\data\labeled\irrelevant\frames_f0fe7e591f89_img1.jpg,2
..\image_labeling\data\labeled\irrelevant\frames_0c120ef954ac_img3.jpg,..\image_labeling\data\labeled\irrelevant\frames_f0fe7e591f89_img2.jpg,2
..\image_labeling\data\labeled\irrelevant\frames_0c120ef954ac_img3.jpg,..\image_labeling\data\labeled\irrelevant\frames_f0fe7e591f89_img3.jpg,2
..\image_labeling\data\labeled\irrelevant\frames_0c15e8de7ecf_img1.jpg,..\image_labeling\data\labeled\irrelevant\frames_0c15e8de7ecf_img2.jpg,2
..\image_labeling\data\labeled\irrelevant\frames_0c15e8de7ecf_img1.jpg,..\image_labeling\data\labeled\irrelevant\frames_0c15e8de7ecf_img3.jpg,8
..\image_labeling\data\labeled\irrelevant\frames_0c15e8de7ecf_img1.jpg,..\image_labeling\data\labeled\irrelevant\frames_cc4ea7e733af_img1.jpg,10
..\image_labeling\data\labeled\irrelevant\frames_0c15e8de7ecf_img1.jpg,..\image_labeling\data\labeled\irrelevant\frames_cc4ea7e733af_img2.jpg,6
..\image_labeling\data\labeled\irrelevant\frames_0c15e8de7ecf_img1.jpg,..\image_labeling\data\labeled\irrelevant\frames_cc4ea7e733af_img3.jpg,8
..\image_labeling\data\labeled\irrelevant\frames_0c15e8de7ecf_img2.jpg,..\image_labeling\data\labeled\irrelevant\frames_0c15e8de7ecf_img3.jpg,6
..\image_labeling\data\labeled\irrelevant\frames_0c15e8de7ecf_img2.jpg,..\image_labeling\data\labeled\irrelevant\frames_cc4ea7e733af_img1.jpg,10
..\image_labeling\data\labeled\irrelevant\frames_0c15e8de7ecf_img2.jpg,..\image_labeling\data\labeled\irrelevant\frames_cc4ea7e733af_img2.jpg,8
..\image_labeling\data\labeled\irrelevant\frames_0c15e8de7ecf_img2.jpg,..\image_labeling\data\labeled\irrelevant\frames_cc4ea7e733af_img3.jpg,8
..\image_labeling\data\labeled\irrelevant\frames_0c15e8de7ecf_img3.jpg,..\image_labeling\data\labeled\irrelevant\frames_cc4ea7e733af_img1.jpg,10
..\image_labeling\data\labeled\irrelevant\frames_0c15e8de7ecf_img3.jpg,..\image_labeling\data\labeled\irrelevant\frames_cc4ea7e733af_img2.jpg,8
..\image_labeling\data\labeled\irrelevant\frames_0c15e8de7ecf_img3.jpg,..\image_labeling\data\labeled\irrelevant\frames_cc4ea7e733af_img3.jpg,8
..\image_labeling\data\labeled\irrelevant\frames_0ddc6fa400a9_img2.jpg,..\image_labeling\data\labeled\irrelevant\frames_0ddc6fa400a9_img3.jpg,2
..\image_labeling\data\labeled\irrelevant\frames_0f57b4654858_img1.jpg,..\image_labeling\data\labeled\irrelevant\frames_0f57b4654858_img2.jpg,4
..\image_labeling\data\labeled\irrelevant\frames_0f57b4654858_img1.jpg,..\image_labeling\data\labeled\irrelevant\frames_0f57b4654858_img3.jpg,8
..\image_labeling\data\labeled\irrelevant\frames_0f57b4654858_img2.jpg,..\image_labeling\data\labeled\irrelevant\frames_0f57b4654858_img3.jpg,6
..\image_labeling\data\labeled\irrelevant\frames_108730969da0_img1.jpg,..\image_labeling\data\labeled\irrelevant\frames_108730969da0_img2.jpg,2
..\image_labeling\data\labeled\irrelevant\frames_108730969da0_img1.jpg,..\image_labeling\data\labeled\irrelevant\frames_108730969da0_img3.jpg,4
..\image_labeling\data\labeled\irrelevant\frames_108730969da0_img2.jpg,..\image_labeling\data\labeled\irrelevant\frames_108730969da0_img3.jpg,2
..\image_labeling\data\labeled\irrelevant\frames_109cedd28e20_img1.jpg,..\image_labeling\data\labeled\irrelevant\frames_2546ad28e83b_img1.jpg,8
..\image_labeling\data\labeled\irrelevant\frames_109cedd28e20_img1.jpg,..\image_labeling\data\labeled\irrelevant\frames_2546ad28e83b_img2.jpg,10
..\image_labeling\data\labeled\irrelevant\frames_109cedd28e20_img2.jpg,..\image_labeling\data\labeled\irrelevant\frames_109cedd28e20_img3.jpg,8
..\image_labeling\data\labeled\irrelevant\frames_109cedd28e20_img2.jpg,..\image_labeling\data\labeled\irrelevant\frames_2546ad28e83b_img1.jpg,10
..\image_labeling\data\labeled\irrelevant\frames_109cedd28e20_img2.jpg,..\image_labeling\data\labeled\irrelevant\frames_2546ad28e83b_img3.jpg,6
..\image_labeling\data\labeled\irrelevant\frames_109cedd28e20_img3.jpg,..\image_labeling\data\labeled\irrelevant\frames_2546ad28e83b_img2.jpg,4
..\image_labeling\data\labeled\irrelevant\frames_109cedd28e20_img3.jpg,..\image_labeling\data\labeled\irrelevant\frames_2546ad28e83b_img3.jpg,6
..\image_labeling\data\labeled\irrelevant\frames_115cb2b1b426_img1.jpg,..\image_labeling\data\labeled\irrelevant\frames_115cb2b1b426_img2.jpg,2
..\image_labeling\data\labeled\irrelevant\frames_115cb2b1b426_img1.jpg,..\image_labeling\data\labeled\irrelevant\frames_115cb2b1b426_img3.jpg,2
..\image_labeling\data\labeled\irrelevant\frames_115cb2b1b426_img2.jpg,..\image_labeling\data\labeled\irrelevant\frames_115cb2b1b426_img3.jpg,0
..\image_labeling\data\labeled\irrelevant\frames_1264b1454b90_img1.jpg,..\image_labeling\data\labeled\irrelevant\frames_1264b1454b90_img3.jpg,8
..\image_labeling\data\labeled\irrelevant\frames_1286fce2a02c_img2.jpg,..\image_labeling\data\labeled\irrelevant\frames_f9d1ef8471c9_img3.jpg,10
..\image_labeling\data\labeled\irrelevant\frames_1351b683088a_img1.jpg,..\image_labeling\data\labeled\irrelevant\frames_1351b683088a_img2.jpg,8
..\image_labeling\data\labeled\irrelevant\frames_135400aacc19_img1.jpg,..\image_labeling\data\labeled\irrelevant\frames_135400aacc19_img2.jpg,0
..\image_labeling\data\labeled\irrelevant\frames_135400aacc19_img1.jpg,..\image_labeling\data\labeled\irrelevant\frames_135400aacc19_img3.jpg,4
..\image_labeling\data\labeled\irrelevant\frames_135400aacc19_img2.jpg,..\image_labeling\data\labeled\irrelevant\frames_135400aacc19_img3.jpg,4
..\image_labeling\data\labeled\irrelevant\frames_13cd2ec1bc63_img1.jpg,..\image_labeling\data\labeled\irrelevant\frames_4c71bc634d93_img1.jpg,4
..\image_labeling\data\labeled\irrelevant\frames_13cd2ec1bc63_img1.jpg,..\image_labeling\data\labeled\irrelevant\frames_505e21714b12_img2.jpg,10
..\image_labeling\data\labeled\irrelevant\frames_13cd2ec1bc63_img2.jpg,..\image_labeling\data\labeled\irrelevant\frames_4c71bc634d93_img1.jpg,10
..\image_labeling\data\labeled\irrelevant\frames_13cd2ec1bc63_img2.jpg,..\image_labeling\data\labeled\irrelevant\frames_505e21714b12_img1.jpg,6
..\image_labeling\data\labeled\irrelevant\frames_13cd2ec1bc63_img2.jpg,..\image_labeling\data\labeled\irrelevant\frames_505e21714b12_img2.jpg,10
..\image_labeling\data\labeled\irrelevant\frames_13cd2ec1bc63_img2.jpg,..\image_labeling\data\labeled\irrelevant\frames_80de6ca97fee_img1.jpg,10
..\image_labeling\data\labeled\irrelevant\frames_13cd2ec1bc63_img2.jpg,..\image_labeling\data\labeled\irrelevant\frames_80de6ca97fee_img3.jpg,8
..\image_labeling\data\labeled\irrelevant\frames_13cd2ec1bc63_img2.jpg,..\image_labeling\data\labeled\irrelevant\frames_e0b54b6b11b7_img2.jpg,2
..\image_labeling\data\labeled\irrelevant\frames_13cd2ec1bc63_img3.jpg,..\image_labeling\data\labeled\irrelevant\frames_4c71bc634d93_img2.jpg,6
..\image_labeling\data\labeled\irrelevant\frames_13cd2ec1bc63_img3.jpg,..\image_labeling\data\labeled\irrelevant\frames_d75bdd4e88a9_img2.jpg,4
..\image_labeling\data\labeled\irrelevant\frames_14111150fce3_img2.jpg,..\image_labeling\data\labeled\irrelevant\frames_14111150fce3_img3.jpg,6
..\image_labeling\data\labeled\irrelevant\frames_14111150fce3_img2.jpg,..\image_labeling\data\labeled\irrelevant\frames_4e9c95f98953_img3.jpg,2
..\image_labeling\data\labeled\irrelevant\frames_14111150fce3_img3.jpg,..\image_labeling\data\labeled\irrelevant\frames_4e9c95f98953_img3.jpg,4
..\image_labeling\data\labeled\irrelevant\frames_141fae273cff_img1.jpg,..\image_labeling\data\labeled\irrelevant\frames_141fae273cff_img2.jpg,8
..\image_labeling\data\labeled\irrelevant\frames_143666246456_img1.jpg,..\image_labeling\data\labeled\irrelevant\frames_143666246456_img2.jpg,4
..\image_labeling\data\labeled\irrelevant\frames_143666246456_img1.jpg,..\image_labeling\data\labeled\irrelevant\frames_143666246456_img3.jpg,4
..\image_labeling\data\labeled\irrelevant\frames_143666246456_img2.jpg,..\image_labeling\data\labeled\irrelevant\frames_143666246456_img3.jpg,6
..\image_labeling\data\labeled\irrelevant\frames_155d51ba7452_img1.jpg,..\image_labeling\data\labeled\irrelevant\frames_155d51ba7452_img2.jpg,2
..\image_labeling\data\labeled\irrelevant\frames_155d51ba7452_img1.jpg,..\image_labeling\data\labeled\irrelevant\frames_155d51ba7452_img3.jpg,2
..\image_labeling\data\labeled\irrelevant\frames_155d51ba7452_img2.jpg,..\image_labeling\data\labeled\irrelevant\frames_155d51ba7452_img3.jpg,4
..\image_labeling\data\labeled\irrelevant\frames_15c40eb6c9f3_img1.jpg,..\image_labeling\data\labeled\irrelevant\frames_15c40eb6c9f3_img2.jpg,10
..\image_labeling\data\labeled\irrelevant\frames_16ffe372ac20_img1.jpg,..\image_labeling\data\labeled\irrelevant\frames_16ffe372ac20_img2.jpg,0
..\image_labeling\data\labeled\irrelevant\frames_16ffe372ac20_img1.jpg,..\image_labeling\data\labeled\irrelevant\frames_16ffe372ac20_img3.jpg,6
..\image_labeling\data\labeled\irrelevant\frames_16ffe372ac20_img2.jpg,..\image_labeling\data\labeled\irrelevant\frames_16ffe372ac20_img3.jpg,6
..\image_labeling\data\labeled\irrelevant\frames_18fe8ad9e056_img2.jpg,..\image_labeling\data\labeled\irrelevant\frames_18fe8ad9e056_img3.jpg,2
..\image_labeling\data\labeled\irrelevant\frames_19ca634e3f22_img1.jpg,..\image_labeling\data\labeled\irrelevant\frames_19ca634e3f22_img2.jpg,2
..\image_labeling\data\labeled\irrelevant\frames_19ca634e3f22_img1.jpg,..\image_labeling\data\labeled\irrelevant\frames_19ca634e3f22_img3.jpg,2
..\image_labeling\data\labeled\irrelevant\frames_19ca634e3f22_img2.jpg,..\image_labeling\data\labeled\irrelevant\frames_19ca634e3f22_img3.jpg,2
..\image_labeling\data\labeled\irrelevant\frames_19da6fb842e7_img1.jpg,..\image_labeling\data\labeled\irrelevant\frames_19da6fb842e7_img2.jpg,0
..\image_labeling\data\labeled\irrelevant\frames_19da6fb842e7_img1.jpg,..\image_labeling\data\labeled\irrelevant\frames_19da6fb842e7_img3.jpg,2
..\image_labeling\data\labeled\irrelevant\frames_19da6fb842e7_img2.jpg,..\image_labeling\data\labeled\irrelevant\frames_19da6fb842e7_img3.jpg,2
..\image_labeling\data\labeled\irrelevant\frames_1b25010fd913_img1.jpg,..\image_labeling\data\labeled\irrelevant\frames_1b25010fd913_img2.jpg,4
..\image_labeling\data\labeled\irrelevant\frames_1b25010fd913_img1.jpg,..\image_labeling\data\labeled\irrelevant\frames_1b25010fd913_img3.jpg,8
..\image_labeling\data\labeled\irrelevant\frames_1b25010fd913_img2.jpg,..\image_labeling\data\labeled\irrelevant\frames_1b25010fd913_img3.jpg,4
..\image_labeling\data\labeled\irrelevant\frames_1c70fcab4c44_img1.jpg,..\image_labeling\data\labeled\irrelevant\frames_1c70fcab4c44_img2.jpg,2
..\image_labeling\data\labeled\irrelevant\frames_1c70fcab4c44_img1.jpg,..\image_labeling\data\labeled\irrelevant\frames_1c70fcab4c44_img3.jpg,4
..\image_labeling\data\labeled\irrelevant\frames_1c70fcab4c44_img2.jpg,..\image_labeling\data\labeled\irrelevant\frames_1c70fcab4c44_img3.jpg,2
..\image_labeling\data\labeled\irrelevant\frames_1cf20d60e0cf_img2.jpg,..\image_labeling\data\labeled\irrelevant\frames_1cf20d60e0cf_img3.jpg,6
..\image_labeling\data\labeled\irrelevant\frames_1e061424b8e5_img1.jpg,..\image_labeling\data\labeled\irrelevant\frames_1e061424b8e5_img2.jpg,4
..\image_labeling\data\labeled\irrelevant\frames_1e061424b8e5_img1.jpg,..\image_labeling\data\labeled\irrelevant\frames_1e061424b8e5_img3.jpg,6
..\image_labeling\data\labeled\irrelevant\frames_1e061424b8e5_img1.jpg,..\image_labeling\data\labeled\irrelevant\frames_4bfd923988e3_img1.jpg,6
..\image_labeling\data\labeled\irrelevant\frames_1e061424b8e5_img1.jpg,..\image_labeling\data\labeled\irrelevant\frames_4bfd923988e3_img2.jpg,6
..\image_labeling\data\labeled\irrelevant\frames_1e061424b8e5_img1.jpg,..\image_labeling\data\labeled\irrelevant\frames_4bfd923988e3_img3.jpg,6
..\image_labeling\data\labeled\irrelevant\frames_1e061424b8e5_img2.jpg,..\image_labeling\data\labeled\irrelevant\frames_1e061424b8e5_img3.jpg,2
..\image_labeling\data\labeled\irrelevant\frames_1e061424b8e5_img2.jpg,..\image_labeling\data\labeled\irrelevant\frames_4bfd923988e3_img1.jpg,8
..\image_labeling\data\labeled\irrelevant\frames_1e061424b8e5_img2.jpg,..\image_labeling\data\labeled\irrelevant\frames_4bfd923988e3_img2.jpg,2
..\image_labeling\data\labeled\irrelevant\frames_1e061424b8e5_img2.jpg,..\image_labeling\data\labeled\irrelevant\frames_4bfd923988e3_img3.jpg,4
..\image_labeling\data\labeled\irrelevant\frames_1e061424b8e5_img3.jpg,..\image_labeling\data\labeled\irrelevant\frames_4bfd923988e3_img1.jpg,10
..\image_labeling\data\labeled\irrelevant\frames_1e061424b8e5_img3.jpg,..\image_labeling\data\labeled\irrelevant\frames_4bfd923988e3_img2.jpg,4
..\image_labeling\data\labeled\irrelevant\frames_1e061424b8e5_img3.jpg,..\image_labeling\data\labeled\irrelevant\frames_4bfd923988e3_img3.jpg,4
..\image_labeling\data\labeled\irrelevant\frames_1e57d085b9e8_img2.jpg,..\image_labeling\data\labeled\irrelevant\frames_1e57d085b9e8_img3.jpg,6
..\image_labeling\data\labeled\irrelevant\frames_1ea974bd7757_img2.jpg,..\image_labeling\data\labeled\irrelevant\frames_1ea974bd7757_img3.jpg,10
..\image_labeling\data\labeled\irrelevant\frames_1f431927d128_img1.jpg,..\image_labeling\data\labeled\irrelevant\frames_1f431927d128_img2.jpg,2
..\image_labeling\data\labeled\irrelevant\frames_1f431927d128_img1.jpg,..\image_labeling\data\labeled\irrelevant\frames_1f431927d128_img3.jpg,10
..\image_labeling\data\labeled\irrelevant\frames_1f431927d128_img2.jpg,..\image_labeling\data\labeled\irrelevant\frames_1f431927d128_img3.jpg,10
..\image_labeling\data\labeled\irrelevant\frames_200c1162a82b_img1.jpg,..\image_labeling\data\labeled\irrelevant\frames_200c1162a82b_img2.jpg,2
..\image_labeling\data\labeled\irrelevant\frames_216ba5aff860_img1.jpg,..\image_labeling\data\labeled\irrelevant\frames_216ba5aff860_img2.jpg,2
..\image_labeling\data\labeled\irrelevant\frames_216ba5aff860_img1.jpg,..\image_labeling\data\labeled\irrelevant\frames_216ba5aff860_img3.jpg,2
..\image_labeling\data\labeled\irrelevant\frames_216ba5aff860_img2.jpg,..\image_labeling\data\labeled\irrelevant\frames_216ba5aff860_img3.jpg,0
..\image_labeling\data\labeled\irrelevant\frames_21e6307d929c_img1.jpg,..\image_labeling\data\labeled\irrelevant\frames_21e6307d929c_img2.jpg,0
..\image_labeling\data\labeled\irrelevant\frames_21e6307d929c_img1.jpg,..\image_labeling\data\labeled\irrelevant\frames_21e6307d929c_img3.jpg,0
..\image_labeling\data\labeled\irrelevant\frames_21e6307d929c_img1.jpg,..\image_labeling\data\labeled\irrelevant\frames_3d96372183b4_img1.jpg,1
..\image_labeling\data\labeled\irrelevant\frames_21e6307d929c_img1.jpg,..\image_labeling\data\labeled\irrelevant\frames_3d96372183b4_img2.jpg,1
..\image_labeling\data\labeled\irrelevant\frames_21e6307d929c_img1.jpg,..\image_labeling\data\labeled\irrelevant\frames_3d96372183b4_img3.jpg,1
..\image_labeling\data\labeled\irrelevant\frames_21e6307d929c_img1.jpg,..\image_labeling\data\labeled\irrelevant\frames_ef1104605f6b_img1.jpg,0
..\image_labeling\data\labeled\irrelevant\frames_21e6307d929c_img1.jpg,..\image_labeling\data\labeled\irrelevant\frames_ef1104605f6b_img2.jpg,0
..\image_labeling\data\labeled\irrelevant\frames_21e6307d929c_img1.jpg,..\image_labeling\data\labeled\irrelevant\frames_ef1104605f6b_img3.jpg,0
..\image_labeling\data\labeled\irrelevant\frames_21e6307d929c_img1.jpg,..\image_labeling\data\labeled\irrelevant\raw_media_00022f250a49_img1.jpg,0
..\image_labeling\data\labeled\irrelevant\frames_21e6307d929c_img1.jpg,..\image_labeling\data\labeled\irrelevant\raw_media_01ace9a3b617_img1.jpg,0
..\image_labeling\data\labeled\irrelevant\frames_21e6307d929c_img1.jpg,..\image_labeling\data\labeled\irrelevant\raw_media_12067c07c0f8_img1.jpg,0
..\image_labeling\data\labeled\irrelevant\frames_21e6307d929c_img1.jpg,..\image_labeling\data\labeled\irrelevant\raw_media_15fc4e2bb1f1_img1.jpg,0
..\image_labeling\data\labeled\irrelevant\frames_21e6307d929c_img1.jpg,..\image_labeling\data\labeled\irrelevant\raw_media_16a98a186702_img1.jpg,0
..\image_labeling\data\labeled\irrelevant\frames_21e6307d929c_img1.jpg,..\image_labeling\data\labeled\irrelevant\raw_media_1fe59b7201d1_img1.jpg,0
..\image_labeling\data\labeled\irrelevant\frames_21e6307d929c_img1.jpg,..\image_labeling\data\labeled\irrelevant\raw_media_3b57cce419ed_img1.jpg,0
..\image_labeling\data\labeled\irrelevant\frames_21e6307d929c_img1.jpg,..\image_labeling\data\labeled\irrelevant\raw_media_4f9d09e97768_img1.jpg,1
..\image_labeling\data\labeled\irrelevant\frames_21e6307d929c_img1.jpg,..\image_labeling\data\labeled\irrelevant\raw_media_523d91148995_img1.jpg,1
..\image_labeling\data\labeled\irrelevant\frames_21e6307d929c_img1.jpg,..\image_labeling\data\labeled\irrelevant\raw_media_68c68902ae27_img1.jpg,0
..\image_labeling\data\labeled\irrelevant\frames_21e6307d929c_img1.jpg,..\image_labeling\data\labeled\irrelevant\raw_media_765a59fd2d30_img1.jpg,0
..\image_labeling\data\labeled\irrelevant\frames_21e6307d929c_img1.jpg,..\image_labeling\data\labeled\irrelevant\raw_media_81bd4787d77c_img1.jpg,0
..\image_labeling\data\labeled\irrelevant\frames_21e6307d929c_img1.jpg,..\image_labeling\data\labeled\irrelevant\raw_media_8e8ce353e705_img1.jpg,0
..\image_labeling\data\labeled\irrelevant\frames_21e6307d929c_img1.jpg,..\image_labeling\data\labeled\irrelevant\raw_media_9deea004dca2_img1.jpg,0
..\image_labeling\data\labeled\irrelevant\frames_21e6307d929c_img1.jpg,..\image_labeling\data\labeled\irrelevant\raw_media_a0653efeb054_img1.jpg,1
..\image_labeling\data\labeled\irrelevant\frames_21e6307d929c_img1.jpg,..\image_labeling\data\labeled\irrelevant\raw_media_c1081bb8a810_img1.jpg,1
..\image_labeling\data\labeled\irrelevant\frames_21e6307d929c_img1.jpg,..\image_labeling\data\labeled\irrelevant\raw_media_ed34b8f73263_img2.jpg,1
..\image_labeling\data\labeled\irrelevant\frames_21e6307d929c_img1.jpg,..\image_labeling\data\labeled\irrelevant\raw_media_efb24e6ebf70_img1.jpg,1
..\image_labeling\data\labeled\irrelevant\frames_21e6307d929c_img1.jpg,..\image_labeling\data\labeled\irrelevant\raw_media_f4121baab593_img1.jpg,1
..\image_labeling\data\labeled\irrelevant\frames_21e6307d929c_img1.jpg,..\image_labeling\data\labeled\irrelevant\raw_media_fd8facbdb5da_img1.jpg,1
..\image_labeling\data\labeled\irrelevant\frames_21e6307d929c_img2.jpg,..\image_labeling\data\labeled\irrelevant\frames_21e6307d929c_img3.jpg,0
..\image_labeling\data\labeled\irrelevant\frames_21e6307d929c_img2.jpg,..\image_labeling\data\labeled\irrelevant\frames_3d96372183b4_img1.jpg,1
..\image_labeling\data\labeled\irrelevant\frames_21e6307d929c_img2.jpg,..\image_labeling\data\labeled\irrelevant\frames_3d96372183b4_img2.jpg,1
..\image_labeling\data\labeled\irrelevant\frames_21e6307d929c_img2.jpg,..\image_labeling\data\labeled\irrelevant\frames_3d96372183b4_img3.jpg,1
..\image_labeling\data\labeled\irrelevant\frames_21e6307d929c_img2.jpg,..\image_labeling\data\labeled\irrelevant\frames_ef1104605f6b_img1.jpg,0
..\image_labeling\data\labeled\irrelevant\frames_21e6307d929c_img2.jpg,..\image_labeling\data\labeled\irrelevant\frames_ef1104605f6b_img2.jpg,0
..\image_labeling\data\labeled\irrelevant\frames_21e6307d929c_img2.jpg,..\image_labeling\data\labeled\irrelevant\frames_ef1104605f6b_img3.jpg,0
..\image_labeling\data\labeled\irrelevant\frames_21e6307d929c_img2.jpg,..\image_labeling\data\labeled\irrelevant\raw_media_00022f250a49_img1.jpg,0
..\image_labeling\data\labeled\irrelevant\frames_21e6307d929c_img2.jpg,..\image_labeling\data\labeled\irrelevant\raw_media_01ace9a3b617_img1.jpg,0
..\image_labeling\data\labeled\irrelevant\frames_21e6307d929c_img2.jpg,..\image_labeling\data\labeled\irrelevant\raw_media_12067c07c0f8_img1.jpg,0
..\image_labeling\data\labeled\irrelevant\frames_21e6307d929c_img2.jpg,..\image_labeling\data\labeled\irrelevant\raw_media_15fc4e2bb1f1_img1.jpg,0
..\image_labeling\data\labeled\irrelevant\frames_21e6307d929c_img2.jpg,..\image_labeling\data\labeled\irrelevant\raw_media_16a98a186702_img1.jpg,0
..\image_labeling\data\labeled\irrelevant\frames_21e6307d929c_img2.jpg,..\image_labeling\data\labeled\irrelevant\raw_media_1fe59b7201d1_img1.jpg,0
..\image_labeling\data\labeled\irrelevant\frames_21e6307d929c_img2.jpg,..\image_labeling\data\labeled\irrelevant\raw_media_3b57cce419ed_img1.jpg,0
..\image_labeling\data\labeled\irrelevant\frames_21e6307d929c_img2.jpg,..\image_labeling\data\labeled\irrelevant\raw_media_4f9d09e97768_img1.jpg,1
..\image_labeling\data\labeled\irrelevant\frames_21e6307d929c_img2.jpg,..\image_labeling\data\labeled\irrelevant\raw_media_523d91148995_img1.jpg,1
..\image_labeling\data\labeled\irrelevant\frames_21e6307d929c_img2.jpg,..\image_labeling\data\labeled\irrelevant\raw_media_68c68902ae27_img1.jpg,0
..\image_labeling\data\labeled\irrelevant\frames_21e6307d929c_img2.jpg,..\image_labeling\data\labeled\irrelevant\raw_media_765a59fd2d30_img1.jpg,0
..\image_labeling\data\labeled\irrelevant\frames_21e6307d929c_img2.jpg,..\image_labeling\data\labeled\irrelevant\raw_media_81bd4787d77c_img1.jpg,0
..\image_labeling\data\labeled\irrelevant\frames_21e6307d929c_img2.jpg,..\image_labeling\data\labeled\irrelevant\raw_media_8e8ce353e705_img1.jpg,0
..\image_labeling\data\labeled\irrelevant\frames_21e6307d929c_img2.jpg,..\image_labeling\data\labeled\irrelevant\raw_media_9deea004dca2_img1.jpg,0
..\image_labeling\data\labeled\irrelevant\frames_21e6307d929c_img2.jpg,..\image_labeling\data\labeled\irrelevant\raw_media_a0653efeb054_img1.jpg,1
..\image_labeling\data\labeled\irrelevant\frames_21e6307d929c_img2.jpg,..\image_labeling\data\labeled\irrelevant\raw_media_c1081bb8a810_img1.jpg,1
..\image_labeling\data\labeled\irrelevant\frames_21e6307d929c_img2.jpg,..\image_labeling\data\labeled\irrelevant\raw_media_ed34b8f73263_img2.jpg,1
..\image_labeling\data\labeled\irrelevant\frames_21e6307d929c_img2.jpg,..\image_labeling\data\labeled\irrelevant\raw_media_efb24e6ebf70_img1.jpg,1
..\image_labeling\data\labeled\irrelevant\frames_21e6307d929c_img2.jpg,..\image_labeling\data\labeled\irrelevant\raw_media_f4121baab593_img1.jpg,1
..\image_labeling\data\labeled\irrelevant\frames_21e6307d929c_img2.jpg,..\image_labeling\data\labeled\irrelevant\raw_media_fd8facbdb5da_img1.jpg,1
..\image_labeling\data\labeled\irrelevant\frames_21e6307d929c_img3.jpg,..\image_labeling\data\labeled\irrelevant\frames_3d96372183b4_img1.jpg,1
..\image_labeling\data\labeled\irrelevant\frames_21e6307d929c_img3.jpg,..\image_labeling\data\labeled\irrelevant\frames_3d96372183b4_img2.jpg,1
..\image_labeling\data\labeled\irrelevant\frames_21e6307d929c_img3.jpg,..\image_labeling\data\labeled\irrelevant\frames_3d96372183b4_img3.jpg,1
..\image_labeling\data\labeled\irrelevant\frames_21e6307d929c_img3.jpg,..\image_labeling\data\labeled\irrelevant\frames_ef1104605f6b_img1.jpg,0
..\image_labeling\data\labeled\irrelevant\frames_21e6307d929c_img3.jpg,..\image_labeling\data\labeled\irrelevant\frames_ef1104605f6b_img2.jpg,0
..\image_labeling\data\labeled\irrelevant\frames_21e6307d929c_img3.jpg,..\image_labeling\data\labeled\irrelevant\frames_ef1104605f6b_img3.jpg,0
..\image_labeling\data\labeled\irrelevant\frames_21e6307d929c_img3.jpg,..\image_labeling\data\labeled\irrelevant\raw_media_00022f250a49_img1.jpg,0
..\image_labeling\data\labeled\irrelevant\frames_21e6307d929c_img3.jpg,..\image_labeling\data\labeled\irrelevant\raw_media_01ace9a3b617_img1.jpg,0
..\image_labeling\data\labeled\irrelevant\frames_21e6307d929c_img3.jpg,..\image_labeling\data\labeled\irrelevant\raw_media_12067c07c0f8_img1.jpg,0
..\image_labeling\data\labeled\irrelevant\frames_21e6307d929c_img3.jpg,..\image_labeling\data\labeled\irrelevant\raw_media_15fc4e2bb1f1_img1.jpg,0
..\image_labeling\data\labeled\irrelevant\frames_21e6307d929c_img3.jpg,..\image_labeling\data\labeled\irrelevant\raw_media_16a98a186702_img1.jpg,0
..\image_labeling\data\labeled\irrelevant\frames_21e6307d929c_img3.jpg,..\image_labeling\data\labeled\irrelevant\raw_media_1fe59b7201d1_img1.jpg,0
..\image_labeling\data\labeled\irrelevant\frames_21e6307d929c_img3.jpg,..\image_labeling\data\labeled\irrelevant\raw_media_3b57cce419ed_img1.jpg,0
..\image_labeling\data\labeled\irrelevant\frames_21e6307d929c_img3.jpg,..\image_labeling\data\labeled\irrelevant\raw_media_4f9d09e97768_img1.jpg,1
..\image_labeling\data\labeled\irrelevant\frames_21e6307d929c_img3.jpg,..\image_labeling\data\labeled\irrelevant\raw_media_523d91148995_img1.jpg,1
..\image_labeling\data\labeled\irrelevant\frames_21e6307d929c_img3.jpg,..\image_labeling\data\labeled\irrelevant\raw_media_68c68902ae27_img1.jpg,0
..\image_labeling\data\labeled\irrelevant\frames_21e6307d929c_img3.jpg,..\image_labeling\data\labeled\irrelevant\raw_media_765a59fd2d30_img1.jpg,0
..\image_labeling\data\labeled\irrelevant\frames_21e6307d929c_img3.jpg,..\image_labeling\data\labeled\irrelevant\raw_media_81bd4787d77c_img1.jpg,0
..\image_labeling\data\labeled\irrelevant\frames_21e6307d929c_img3.jpg,..\image_labeling\data\labeled\irrelevant\raw_media_8e8ce353e705_img1.jpg,0
..\image_labeling\data\labeled\irrelevant\frames_21e6307d929c_img3.jpg,..\image_labeling\data\labeled\irrelevant\raw_media_9deea004dca2_img1.jpg,0
..\image_labeling\data\labeled\irrelevant\frames_21e6307d929c_img3.jpg,..\image_labeling\data\labeled\irrelevant\raw_media_a0653efeb054_img1.jpg,1
..\image_labeling\data\labeled\irrelevant\frames_21e6307d929c_img3.jpg,..\image_labeling\data\labeled\irrelevant\raw_media_c1081bb8a810_img1.jpg,1
..\image_labeling\data\labeled\irrelevant\frames_21e6307d929c_img3.jpg,..\image_labeling\data\labeled\irrelevant\raw_media_ed34b8f73263_img2.jpg,1
..\image_labeling\data\labeled\irrelevant\frames_21e6307d929c_img3.jpg,..\image_labeling\data\labeled\irrelevant\raw_media_efb24e6ebf70_img1.jpg,1
..\image_labeling\data\labeled\irrelevant\frames_21e6307d929c_img3.jpg,..\image_labeling\data\labeled\irrelevant\raw_media_f4121baab593_img1.jpg,1
..\image_labeling\data\labeled\irrelevant\frames_21e6307d929c_img3.jpg,..\image_labeling\data\labeled\irrelevant\raw_media_fd8facbdb5da_img1.jpg,1
..\image_labeling\data\labeled\irrelevant\frames_22b75f008c28_img1.jpg,..\image_labeling\data\labeled\irrelevant\frames_22b75f008c28_img2.jpg,4
..\image_labeling\data\labeled\irrelevant\frames_22b75f008c28_img2.jpg,..\image_labeling\data\labeled\irrelevant\frames_22b75f008c28_img3.jpg,10
..\image_labeling\data\labeled\irrelevant\frames_23711574975a_img2.jpg,..\image_labeling\data\labeled\irrelevant\frames_23711574975a_img3.jpg,0
..\image_labeling\data\labeled\irrelevant\frames_24ad21971b49_img1.jpg,..\image_labeling\data\labeled\irrelevant\frames_24ad21971b49_img2.jpg,0
..\image_labeling\data\labeled\irrelevant\frames_2546ad28e83b_img1.jpg,..\image_labeling\data\labeled\irrelevant\frames_2546ad28e83b_img2.jpg,10
..\image_labeling\data\labeled\irrelevant\frames_2546ad28e83b_img2.jpg,..\image_labeling\data\labeled\irrelevant\frames_2546ad28e83b_img3.jpg,6
..\image_labeling\data\labeled\irrelevant\frames_256c4572cd07_img1.jpg,..\image_labeling\data\labeled\irrelevant\frames_256c4572cd07_img2.jpg,8
..\image_labeling\data\labeled\irrelevant\frames_256c4572cd07_img1.jpg,..\image_labeling\data\labeled\irrelevant\frames_ec7cba07bc3d_img1.jpg,6
..\image_labeling\data\labeled\irrelevant\frames_256c4572cd07_img1.jpg,..\image_labeling\data\labeled\irrelevant\frames_ec7cba07bc3d_img2.jpg,10
..\image_labeling\data\labeled\irrelevant\frames_256c4572cd07_img2.jpg,..\image_labeling\data\labeled\irrelevant\frames_256c4572cd07_img3.jpg,6
..\image_labeling\data\labeled\irrelevant\frames_256c4572cd07_img2.jpg,..\image_labeling\data\labeled\irrelevant\frames_ec7cba07bc3d_img1.jpg,6
..\image_labeling\data\labeled\irrelevant\frames_256c4572cd07_img2.jpg,..\image_labeling\data\labeled\irrelevant\frames_ec7cba07bc3d_img2.jpg,4
..\image_labeling\data\labeled\irrelevant\frames_256c4572cd07_img2.jpg,..\image_labeling\data\labeled\irrelevant\frames_ec7cba07bc3d_img3.jpg,6
..\image_labeling\data\labeled\irrelevant\frames_256c4572cd07_img3.jpg,..\image_labeling\data\labeled\irrelevant\frames_ec7cba07bc3d_img2.jpg,4
..\image_labeling\data\labeled\irrelevant\frames_256c4572cd07_img3.jpg,..\image_labeling\data\labeled\irrelevant\frames_ec7cba07bc3d_img3.jpg,8
..\image_labeling\data\labeled\irrelevant\frames_26b863f47bce_img1.jpg,..\image_labeling\data\labeled\irrelevant\frames_26b863f47bce_img2.jpg,2
..\image_labeling\data\labeled\irrelevant\frames_270c2a9ecd1a_img1.jpg,..\image_labeling\data\labeled\irrelevant\frames_270c2a9ecd1a_img2.jpg,0
..\image_labeling\data\labeled\irrelevant\frames_270c2a9ecd1a_img1.jpg,..\image_labeling\data\labeled\irrelevant\frames_270c2a9ecd1a_img3.jpg,10
..\image_labeling\data\labeled\irrelevant\frames_270c2a9ecd1a_img2.jpg,..\image_labeling\data\labeled\irrelevant\frames_270c2a9ecd1a_img3.jpg,10
..\image_labeling\data\labeled\irrelevant\frames_2b9ced40e810_img1.jpg,..\image_labeling\data\labeled\irrelevant\frames_86bef96f7acd_img1.jpg,6
..\image_labeling\data\labeled\irrelevant\frames_2b9ced40e810_img2.jpg,..\image_labeling\data\labeled\irrelevant\frames_2b9ced40e810_img3.jpg,8
..\image_labeling\data\labeled\irrelevant\frames_2b9ced40e810_img2.jpg,..\image_labeling\data\labeled\irrelevant\frames_86bef96f7acd_img1.jpg,8
..\image_labeling\data\labeled\irrelevant\frames_2c08ae401563_img1.jpg,..\image_labeling\data\labeled\irrelevant\frames_2c08ae401563_img2.jpg,4
..\image_labeling\data\labeled\irrelevant\frames_2c08ae401563_img1.jpg,..\image_labeling\data\labeled\irrelevant\frames_2c08ae401563_img3.jpg,4
..\image_labeling\data\labeled\irrelevant\frames_2c08ae401563_img2.jpg,..\image_labeling\data\labeled\irrelevant\frames_2c08ae401563_img3.jpg,2
..\image_labeling\data\labeled\irrelevant\frames_2ca44f9ccc06_img1.jpg,..\image_labeling\data\labeled\irrelevant\frames_2ca44f9ccc06_img2.jpg,8
..\image_labeling\data\labeled\irrelevant\frames_2ca44f9ccc06_img1.jpg,..\image_labeling\data\labeled\irrelevant\frames_2ca44f9ccc06_img3.jpg,10
..\image_labeling\data\labeled\irrelevant\frames_2ca44f9ccc06_img2.jpg,..\image_labeling\data\labeled\irrelevant\frames_2ca44f9ccc06_img3.jpg,2
..\image_labeling\data\labeled\irrelevant\frames_2caa570ac798_img1.jpg,..\image_labeling\data\labeled\irrelevant\frames_2caa570ac798_img2.jpg,2
..\image_labeling\data\labeled\irrelevant\frames_2caa570ac798_img2.jpg,..\image_labeling\data\labeled\irrelevant\frames_2caa570ac798_img3.jpg,10
..\image_labeling\data\labeled\irrelevant\frames_2cb3f5fe3faa_img1.jpg,..\image_labeling\data\labeled\irrelevant\frames_2cb3f5fe3faa_img2.jpg,0
..\image_labeling\data\labeled\irrelevant\frames_2cb3f5fe3faa_img1.jpg,..\image_labeling\data\labeled\irrelevant\frames_2cb3f5fe3faa_img3.jpg,0
..\image_labeling\data\labeled\irrelevant\frames_2cb3f5fe3faa_img1.jpg,..\image_labeling\data\labeled\irrelevant\frames_8ec535eada4b_img1.jpg,0
..\image_labeling\data\labeled\irrelevant\frames_2cb3f5fe3faa_img1.jpg,..\image_labeling\data\labeled\irrelevant\frames_8ec535eada4b_img2.jpg,0
..\image_labeling\data\labeled\irrelevant\frames_2cb3f5fe3faa_img1.jpg,..\image_labeling\data\labeled\irrelevant\frames_8ec535eada4b_img3.jpg,0
..\image_labeling\data\labeled\irrelevant\frames_2cb3f5fe3faa_img2.jpg,..\image_labeling\data\labeled\irrelevant\frames_2cb3f5fe3faa_img3.jpg,0
..\image_labeling\data\labeled\irrelevant\frames_2cb3f5fe3faa_img2.jpg,..\image_labeling\data\labeled\irrelevant\frames_8ec535eada4b_img1.jpg,0
..\image_labeling\data\labeled\irrelevant\frames_2cb3f5fe3faa_img2.jpg,..\image_labeling\data\labeled\irrelevant\frames_8ec535eada4b_img2.jpg,0
..\image_labeling\data\labeled\irrelevant\frames_2cb3f5fe3faa_img2.jpg,..\image_labeling\data\labeled\irrelevant\frames_8ec535eada4b_img3.jpg,0
..\image_labeling\data\labeled\irrelevant\frames_2cb3f5fe3faa_img3.jpg,..\image_labeling\data\labeled\irrelevant\frames_8ec535eada4b_img1.jpg,0
..\image_labeling\data\labeled\irrelevant\frames_2cb3f5fe3faa_img3.jpg,..\image_labeling\data\labeled\irrelevant\frames_8ec535eada4b_img2.jpg,0
..\image_labeling\data\labeled\irrelevant\frames_2cb3f5fe3faa_img3.jpg,..\image_labeling\data\labeled\irrelevant\frames_8ec535eada4b_img3.jpg,0
..\image_labeling\data\labeled\irrelevant\frames_2cd38e2f7dd8_img2.jpg,..\image_labeling\data\labeled\irrelevant\frames_2cd38e2f7dd8_img3.jpg,6
..\image_labeling\data\labeled\irrelevant\frames_2d6652ddc071_img1.jpg,..\image_labeling\data\labeled\irrelevant\frames_2d6652ddc071_img2.jpg,8
..\image_labeling\data\labeled\irrelevant\frames_2d6652ddc071_img1.jpg,..\image_labeling\data\labeled\irrelevant\frames_3d43ef01f2c8_img1.jpg,8
..\image_labeling\data\labeled\irrelevant\frames_2d6652ddc071_img1.jpg,..\image_labeling\data\labeled\irrelevant\frames_3d43ef01f2c8_img2.jpg,10
..\image_labeling\data\labeled\irrelevant\frames_2d6652ddc071_img3.jpg,..\image_labeling\data\labeled\irrelevant\frames_3d43ef01f2c8_img3.jpg,4
..\image_labeling\data\labeled\irrelevant\frames_2e8450de8765_img2.jpg,..\image_labeling\data\labeled\irrelevant\frames_2e8450de8765_img3.jpg,8
..\image_labeling\data\labeled\irrelevant\frames_302962a896dd_img1.jpg,..\image_labeling\data\labeled\irrelevant\frames_c970213cd18d_img3.jpg,10
..\image_labeling\data\labeled\irrelevant\frames_302962a896dd_img2.jpg,..\image_labeling\data\labeled\irrelevant\frames_c970213cd18d_img1.jpg,0
..\image_labeling\data\labeled\irrelevant\frames_302962a896dd_img3.jpg,..\image_labeling\data\labeled\irrelevant\frames_c970213cd18d_img2.jpg,6
..\image_labeling\data\labeled\irrelevant\frames_302962a896dd_img3.jpg,..\image_labeling\data\labeled\irrelevant\frames_c970213cd18d_img3.jpg,8
..\image_labeling\data\labeled\irrelevant\frames_30e422615eb1_img1.jpg,..\image_labeling\data\labeled\irrelevant\frames_30e422615eb1_img2.jpg,4
..\image_labeling\data\labeled\irrelevant\frames_30e422615eb1_img1.jpg,..\image_labeling\data\labeled\irrelevant\frames_30e422615eb1_img3.jpg,4
..\image_labeling\data\labeled\irrelevant\frames_30e422615eb1_img2.jpg,..\image_labeling\data\labeled\irrelevant\frames_30e422615eb1_img3.jpg,2
..\image_labeling\data\labeled\irrelevant\frames_333441ad741e_img1.jpg,..\image_labeling\data\labeled\irrelevant\frames_333441ad741e_img2.jpg,2
..\image_labeling\data\labeled\irrelevant\frames_333441ad741e_img1.jpg,..\image_labeling\data\labeled\irrelevant\frames_333441ad741e_img3.jpg,8
..\image_labeling\data\labeled\irrelevant\frames_333441ad741e_img2.jpg,..\image_labeling\data\labeled\irrelevant\frames_333441ad741e_img3.jpg,10
..\image_labeling\data\labeled\irrelevant\frames_344a50581d34_img1.jpg,..\image_labeling\data\labeled\irrelevant\frames_344a50581d34_img2.jpg,8
..\image_labeling\data\labeled\irrelevant\frames_34ad2e661545_img1.jpg,..\image_labeling\data\labeled\irrelevant\frames_34ad2e661545_img2.jpg,8
..\image_labeling\data\labeled\irrelevant\frames_34ad2e661545_img2.jpg,..\image_labeling\data\labeled\irrelevant\frames_34ad2e661545_img3.jpg,6
..\image_labeling\data\labeled\irrelevant\frames_3690701fca58_img1.jpg,..\image_labeling\data\labeled\irrelevant\frames_3690701fca58_img2.jpg,4
..\image_labeling\data\labeled\irrelevant\frames_380bf9f85933_img1.jpg,..\image_labeling\data\labeled\irrelevant\frames_b16870827ff3_img1.jpg,6
..\image_labeling\data\labeled\irrelevant\frames_380bf9f85933_img2.jpg,..\image_labeling\data\labeled\irrelevant\frames_380bf9f85933_img3.jpg,6
..\image_labeling\data\labeled\irrelevant\frames_380bf9f85933_img2.jpg,..\image_labeling\data\labeled\irrelevant\frames_b16870827ff3_img2.jpg,2
..\image_labeling\data\labeled\irrelevant\frames_380bf9f85933_img2.jpg,..\image_labeling\data\labeled\irrelevant\frames_b16870827ff3_img3.jpg,6
..\image_labeling\data\labeled\irrelevant\frames_380bf9f85933_img3.jpg,..\image_labeling\data\labeled\irrelevant\frames_b16870827ff3_img1.jpg,10
..\image_labeling\data\labeled\irrelevant\frames_380bf9f85933_img3.jpg,..\image_labeling\data\labeled\irrelevant\frames_b16870827ff3_img2.jpg,4
..\image_labeling\data\labeled\irrelevant\frames_380bf9f85933_img3.jpg,..\image_labeling\data\labeled\irrelevant\frames_b16870827ff3_img3.jpg,0
..\image_labeling\data\labeled\irrelevant\frames_38236a73a75a_img1.jpg,..\image_labeling\data\labeled\irrelevant\frames_38236a73a75a_img2.jpg,2
..\image_labeling\data\labeled\irrelevant\frames_38236a73a75a_img1.jpg,..\image_labeling\data\labeled\irrelevant\frames_38236a73a75a_img3.jpg,4
..\image_labeling\data\labeled\irrelevant\frames_38236a73a75a_img2.jpg,..\image_labeling\data\labeled\irrelevant\frames_38236a73a75a_img3.jpg,2
..\image_labeling\data\labeled\irrelevant\frames_38519ea8097b_img1.jpg,..\image_labeling\data\labeled\irrelevant\frames_38519ea8097b_img2.jpg,6
..\image_labeling\data\labeled\irrelevant\frames_38519ea8097b_img1.jpg,..\image_labeling\data\labeled\irrelevant\frames_38519ea8097b_img3.jpg,6
..\image_labeling\data\labeled\irrelevant\frames_38519ea8097b_img2.jpg,..\image_labeling\data\labeled\irrelevant\frames_38519ea8097b_img3.jpg,6
..\image_labeling\data\labeled\irrelevant\frames_39f247f63baa_img1.jpg,..\image_labeling\data\labeled\irrelevant\frames_39f247f63baa_img2.jpg,0
..\image_labeling\data\labeled\irrelevant\frames_39f247f63baa_img1.jpg,..\image_labeling\data\labeled\irrelevant\frames_39f247f63baa_img3.jpg,0
..\image_labeling\data\labeled\irrelevant\frames_39f247f63baa_img2.jpg,..\image_labeling\data\labeled\irrelevant\frames_39f247f63baa_img3.jpg,0
..\image_labeling\data\labeled\irrelevant\frames_39fee39bc518_img1.jpg,..\image_labeling\data\labeled\irrelevant\frames_39fee39bc518_img2.jpg,2
..\image_labeling\data\labeled\irrelevant\frames_3bb16a6eb28c_img2.jpg,..\image_labeling\data\labeled\irrelevant\frames_eee6d2b2da6f_img1.jpg,0
..\image_labeling\data\labeled\irrelevant\frames_3bb16a6eb28c_img3.jpg,..\image_labeling\data\labeled\irrelevant\frames_eee6d2b2da6f_img3.jpg,6
..\image_labeling\data\labeled\irrelevant\frames_3d43ef01f2c8_img1.jpg,..\image_labeling\data\labeled\irrelevant\frames_3d43ef01f2c8_img2.jpg,2
..\image_labeling\data\labeled\irrelevant\frames_3d89385b832b_img1.jpg,..\image_labeling\data\labeled\irrelevant\frames_3d89385b832b_img2.jpg,2
..\image_labeling\data\labeled\irrelevant\frames_3d89385b832b_img1.jpg,..\image_labeling\data\labeled\irrelevant\frames_3d89385b832b_img3.jpg,4
..\image_labeling\data\labeled\irrelevant\frames_3d89385b832b_img2.jpg,..\image_labeling\data\labeled\irrelevant\frames_3d89385b832b_img3.jpg,6
..\image_labeling\data\labeled\irrelevant\frames_3d96372183b4_img1.jpg,..\image_labeling\data\labeled\irrelevant\frames_3d96372183b4_img2.jpg,0
..\image_labeling\data\labeled\irrelevant\frames_3d96372183b4_img1.jpg,..\image_labeling\data\labeled\irrelevant\frames_3d96372183b4_img3.jpg,0
..\image_labeling\data\labeled\irrelevant\frames_3d96372183b4_img1.jpg,..\image_labeling\data\labeled\irrelevant\frames_ef1104605f6b_img1.jpg,1
..\image_labeling\data\labeled\irrelevant\frames_3d96372183b4_img1.jpg,..\image_labeling\data\labeled\irrelevant\frames_ef1104605f6b_img2.jpg,1
..\image_labeling\data\labeled\irrelevant\frames_3d96372183b4_img1.jpg,..\image_labeling\data\labeled\irrelevant\frames_ef1104605f6b_img3.jpg,1
..\image_labeling\data\labeled\irrelevant\frames_3d96372183b4_img1.jpg,..\image_labeling\data\labeled\irrelevant\raw_media_00022f250a49_img1.jpg,1
..\image_labeling\data\labeled\irrelevant\frames_3d96372183b4_img1.jpg,..\image_labeling\data\labeled\irrelevant\raw_media_01ace9a3b617_img1.jpg,1
..\image_labeling\data\labeled\irrelevant\frames_3d96372183b4_img1.jpg,..\image_labeling\data\labeled\irrelevant\raw_media_12067c07c0f8_img1.jpg,1
..\image_labeling\data\labeled\irrelevant\frames_3d96372183b4_img1.jpg,..\image_labeling\data\labeled\irrelevant\raw_media_15fc4e2bb1f1_img1.jpg,1
..\image_labeling\data\labeled\irrelevant\frames_3d96372183b4_img1.jpg,..\image_labeling\data\labeled\irrelevant\raw_media_16a98a186702_img1.jpg,1
..\image_labeling\data\labeled\irrelevant\frames_3d96372183b4_img1.jpg,..\image_labeling\data\labeled\irrelevant\raw_media_1fe59b7201d1_img1.jpg,1
..\image_labeling\data\labeled\irrelevant\frames_3d96372183b4_img1.jpg,..\image_labeling\data\labeled\irrelevant\raw_media_3b57cce419ed_img1.jpg,1
..\image_labeling\data\labeled\irrelevant\frames_3d96372183b4_img1.jpg,..\image_labeling\data\labeled\irrelevant\raw_media_4f9d09e97768_img1.jpg,0
..\image_labeling\data\labeled\irrelevant\frames_3d96372183b4_img1.jpg,..\image_labeling\data\labeled\irrelevant\raw_media_523d91148995_img1.jpg,0
..\image_labeling\data\labeled\irrelevant\frames_3d96372183b4_img1.jpg,..\image_labeling\data\labeled\irrelevant\raw_media_68c68902ae27_img1.jpg,1
..\image_labeling\data\labeled\irrelevant\frames_3d96372183b4_img1.jpg,..\image_labeling\data\labeled\irrelevant\raw_media_765a59fd2d30_img1.jpg,1
..\image_labeling\data\labeled\irrelevant\frames_3d96372183b4_img1.jpg,..\image_labeling\data\labeled\irrelevant\raw_media_81bd4787d77c_img1.jpg,1
..\image_labeling\data\labeled\irrelevant\frames_3d96372183b4_img1.jpg,..\image_labeling\data\labeled\irrelevant\raw_media_8e8ce353e705_img1.jpg,1
..\image_labeling\data\labeled\irrelevant\frames_3d96372183b4_img1.jpg,..\image_labeling\data\labeled\irrelevant\raw_media_9deea004dca2_img1.jpg,1
..\image_labeling\data\labeled\irrelevant\frames_3d96372183b4_img1.jpg,..\image_labeling\data\labeled\irrelevant\raw_media_a0653efeb054_img1.jpg,0
..\image_labeling\data\labeled\irrelevant\frames_3d96372183b4_img1.jpg,..\image_labeling\data\labeled\irrelevant\raw_media_c1081bb8a810_img1.jpg,0
..\image_labeling\data\labeled\irrelevant\frames_3d96372183b4_img1.jpg,..\image_labeling\data\labeled\irrelevant\raw_media_ed34b8f73263_img2.jpg,0
..\image_labeling\data\labeled\irrelevant\frames_3d96372183b4_img1.jpg,..\image_labeling\data\labeled\irrelevant\raw_media_efb24e6ebf70_img1.jpg,0
..\image_labeling\data\labeled\irrelevant\frames_3d96372183b4_img1.jpg,..\image_labeling\data\labeled\irrelevant\raw_media_f4121baab593_img1.jpg,0
..\image_labeling\data\labeled\irrelevant\frames_3d96372183b4_img1.jpg,..\image_labeling\data\labeled\irrelevant\raw_media_fd8facbdb5da_img1.jpg,0
..\image_labeling\data\labeled\irrelevant\frames_3d96372183b4_img2.jpg,..\image_labeling\data\labeled\irrelevant\frames_3d96372183b4_img3.jpg,0
..\image_labeling\data\labeled\irrelevant\frames_3d96372183b4_img2.jpg,..\image_labeling\data\labeled\irrelevant\frames_ef1104605f6b_img1.jpg,1
..\image_labeling\data\labeled\irrelevant\frames_3d96372183b4_img2.jpg,..\image_labeling\data\labeled\irrelevant\frames_ef1104605f6b_img2.jpg,1
..\image_labeling\data\labeled\irrelevant\frames_3d96372183b4_img2.jpg,..\image_labeling\data\labeled\irrelevant\frames_ef1104605f6b_img3.jpg,1
..\image_labeling\data\labeled\irrelevant\frames_3d96372183b4_img2.jpg,..\image_labeling\data\labeled\irrelevant\raw_media_00022f250a49_img1.jpg,1
..\image_labeling\data\labeled\irrelevant\frames_3d96372183b4_img2.jpg,..\image_labeling\data\labeled\irrelevant\raw_media_01ace9a3b617_img1.jpg,1
..\image_labeling\data\labeled\irrelevant\frames_3d96372183b4_img2.jpg,..\image_labeling\data\labeled\irrelevant\raw_media_12067c07c0f8_img1.jpg,1
..\image_labeling\data\labeled\irrelevant\frames_3d96372183b4_img2.jpg,..\image_labeling\data\labeled\irrelevant\raw_media_15fc4e2bb1f1_img1.jpg,1
..\image_labeling\data\labeled\irrelevant\frames_3d96372183b4_img2.jpg,..\image_labeling\data\labeled\irrelevant\raw_media_16a98a186702_img1.jpg,1
..\image_labeling\data\labeled\irrelevant\frames_3d96372183b4_img2.jpg,..\image_labeling\data\labeled\irrelevant\raw_media_1fe59b7201d1_img1.jpg,1
..\image_labeling\data\labeled\irrelevant\frames_3d96372183b4_img2.jpg,..\image_labeling\data\labeled\irrelevant\raw_media_3b57cce419ed_img1.jpg,1
..\image_labeling\data\labeled\irrelevant\frames_3d96372183b4_img2.jpg,..\image_labeling\data\labeled\irrelevant\raw_media_4f9d09e97768_img1.jpg,0
..\image_labeling\data\labeled\irrelevant\frames_3d96372183b4_img2.jpg,..\image_labeling\data\labeled\irrelevant\raw_media_523d91148995_img1.jpg,0
..\image_labeling\data\labeled\irrelevant\frames_3d96372183b4_img2.jpg,..\image_labeling\data\labeled\irrelevant\raw_media_68c68902ae27_img1.jpg,1
..\image_labeling\data\labeled\irrelevant\frames_3d96372183b4_img2.jpg,..\image_labeling\data\labeled\irrelevant\raw_media_765a59fd2d30_img1.jpg,1
..\image_labeling\data\labeled\irrelevant\frames_3d96372183b4_img2.jpg,..\image_labeling\data\labeled\irrelevant\raw_media_81bd4787d77c_img1.jpg,1
..\image_labeling\data\labeled\irrelevant\frames_3d96372183b4_img2.jpg,..\image_labeling\data\labeled\irrelevant\raw_media_8e8ce353e705_img1.jpg,1
..\image_labeling\data\labeled\irrelevant\frames_3d96372183b4_img2.jpg,..\image_labeling\data\labeled\irrelevant\raw_media_9deea004dca2_img1.jpg,1
..\image_labeling\data\labeled\irrelevant\frames_3d96372183b4_img2.jpg,..\image_labeling\data\labeled\irrelevant\raw_media_a0653efeb054_img1.jpg,0
..\image_labeling\data\labeled\irrelevant\frames_3d96372183b4_img2.jpg,..\image_labeling\data\labeled\irrelevant\raw_media_c1081bb8a810_img1.jpg,0
..\image_labeling\data\labeled\irrelevant\frames_3d96372183b4_img2.jpg,..\image_labeling\data\labeled\irrelevant\raw_media_ed34b8f73263_img2.jpg,0
..\image_labeling\data\labeled\irrelevant\frames_3d96372183b4_img2.jpg,..\image_labeling\data\labeled\irrelevant\raw_media_efb24e6ebf70_img1.jpg,0
..\image_labeling\data\labeled\irrelevant\frames_3d96372183b4_img2.jpg,..\image_labeling\data\labeled\irrelevant\raw_media_f4121baab593_img1.jpg,0
..\image_labeling\data\labeled\irrelevant\frames_3d96372183b4_img2.jpg,..\image_labeling\data\labeled\irrelevant\raw_media_fd8facbdb5da_img1.jpg,0
..\image_labeling\data\labeled\irrelevant\frames_3d96372183b4_img3.jpg,..\image_labeling\data\labeled\irrelevant\frames_ef1104605f6b_img1.jpg,1
..\image_labeling\data\labeled\irrelevant\frames_3d96372183b4_img3.jpg,..\image_labeling\data\labeled\irrelevant\frames_ef1104605f6b_img2.jpg,1
..\image_labeling\data\labeled\irrelevant\frames_3d96372183b4_img3.jpg,..\image_labeling\data\labeled\irrelevant\frames_ef1104605f6b_img3.jpg,1
..\image_labeling\data\labeled\irrelevant\frames_3d96372183b4_img3.jpg,..\image_labeling\data\labeled\irrelevant\raw_media_00022f250a49_img1.jpg,1
..\image_labeling\data\labeled\irrelevant\frames_3d96372183b4_img3.jpg,..\image_labeling\data\labeled\irrelevant\raw_media_01ace9a3b617_img1.jpg,1
..\image_labeling\data\labeled\irrelevant\frames_3d96372183b4_img3.jpg,..\image_labeling\data\labeled\irrelevant\raw_media_12067c07c0f8_img1.jpg,1
..\image_labeling\data\labeled\irrelevant\frames_3d96372183b4_img3.jpg,..\image_labeling\data\labeled\irrelevant\raw_media_15fc4e2bb1f1_img1.jpg,1
..\image_labeling\data\labeled\irrelevant\frames_3d96372183b4_img3.jpg,..\image_labeling\data\labeled\irrelevant\raw_media_16a98a186702_img1.jpg,1
..\image_labeling\data\labeled\irrelevant\frames_3d96372183b4_img3.jpg,..\image_labeling\data\labeled\irrelevant\raw_media_1fe59b7201d1_img1.jpg,1
..\image_labeling\data\labeled\irrelevant\frames_3d96372183b4_img3.jpg,..\image_labeling\data\labeled\irrelevant\raw_media_3b57cce419ed_img1.jpg,1
..\image_labeling\data\labeled\irrelevant\frames_3d96372183b4_img3.jpg,..\image_labeling\data\labeled\irrelevant\raw_media_4f9d09e97768_img1.jpg,0
..\image_labeling\data\labeled\irrelevant\frames_3d96372183b4_img3.jpg,..\image_labeling\data\labeled\irrelevant\raw_media_523d91148995_img1.jpg,0
..\image_labeling\data\labeled\irrelevant\frames_3d96372183b4_img3.jpg,..\image_labeling\data\labeled\irrelevant\raw_media_68c68902ae27_img1.jpg,1
..\image_labeling\data\labeled\irrelevant\frames_3d96372183b4_img3.jpg,..\image_labeling\data\labeled\irrelevant\raw_media_765a59fd2d30_img1.jpg,1
..\image_labeling\data\labeled\irrelevant\frames_3d96372183b4_img3.jpg,..\image_labeling\data\labeled\irrelevant\raw_media_81bd4787d77c_img1.jpg,1
..\image_labeling\data\labeled\irrelevant\frames_3d96372183b4_img3.jpg,..\image_labeling\data\labeled\irrelevant\raw_media_8e8ce353e705_img1.jpg,1
..\image_labeling\data\labeled\irrelevant\frames_3d96372183b4_img3.jpg,..\image_labeling\data\labeled\irrelevant\raw_media_9deea004dca2_img1.jpg,1
..\image_labeling\data\labeled\irrelevant\frames_3d96372183b4_img3.jpg,..\image_labeling\data\labeled\irrelevant\raw_media_a0653efeb054_img1.jpg,0
..\image_labeling\data\labeled\irrelevant\frames_3d96372183b4_img3.jpg,..\image_labeling\data\labeled\irrelevant\raw_media_c1081bb8a810_img1.jpg,0
..\image_labeling\data\labeled\irrelevant\frames_3d96372183b4_img3.jpg,..\image_labeling\data\labeled\irrelevant\raw_media_ed34b8f73263_img2.jpg,0
..\image_labeling\data\labeled\irrelevant\frames_3d96372183b4_img3.jpg,..\image_labeling\data\labeled\irrelevant\raw_media_efb24e6ebf70_img1.jpg,0
..\image_labeling\data\labeled\irrelevant\frames_3d96372183b4_img3.jpg,..\image_labeling\data\labeled\irrelevant\raw_media_f4121baab593_img1.jpg,0
..\image_labeling\data\labeled\irrelevant\frames_3d96372183b4_img3.jpg,..\image_labeling\data\labeled\irrelevant\raw_media_fd8facbdb5da_img1.jpg,0
..\image_labeling\data\labeled\irrelevant\frames_3d97c634da5d_img1.jpg,..\image_labeling\data\labeled\irrelevant\frames_3d97c634da5d_img2.jpg,8
..\image_labeling\data\labeled\irrelevant\frames_3d97c634da5d_img1.jpg,..\image_labeling\data\labeled\irrelevant\frames_3d97c634da5d_img3.jpg,8
..\image_labeling\data\labeled\irrelevant\frames_3d97c634da5d_img2.jpg,..\image_labeling\data\labeled\irrelevant\frames_3d97c634da5d_img3.jpg,0
..\image_labeling\data\labeled\irrelevant\frames_3df50b0c53f3_img3.jpg,..\image_labeling\data\labeled\irrelevant\raw_media_4b48e0219973_img2.jpg,10
..\image_labeling\data\labeled\irrelevant\frames_3df50b0c53f3_img3.jpg,..\image_labeling\data\labeled\irrelevant\raw_media_ae6051f16d3a_img2.jpg,10
..\image_labeling\data\labeled\irrelevant\frames_3f67d6cbd344_img1.jpg,..\image_labeling\data\labeled\irrelevant\frames_3f67d6cbd344_img2.jpg,2
..\image_labeling\data\labeled\irrelevant\frames_3f67d6cbd344_img1.jpg,..\image_labeling\data\labeled\irrelevant\frames_3f67d6cbd344_img3.jpg,6
..\image_labeling\data\labeled\irrelevant\frames_3f67d6cbd344_img2.jpg,..\image_labeling\data\labeled\irrelevant\frames_3f67d6cbd344_img3.jpg,4
..\image_labeling\data\labeled\irrelevant\frames_3f703ef73564_img1.jpg,..\image_labeling\data\labeled\irrelevant\frames_3f703ef73564_img2.jpg,2
..\image_labeling\data\labeled\irrelevant\frames_3f703ef73564_img1.jpg,..\image_labeling\data\labeled\irrelevant\frames_3f703ef73564_img3.jpg,0
..\image_labeling\data\labeled\irrelevant\frames_3f703ef73564_img2.jpg,..\image_labeling\data\labeled\irrelevant\frames_3f703ef73564_img3.jpg,2
..\image_labeling\data\labeled\irrelevant\frames_3fec959e7a96_img1.jpg,..\image_labeling\data\labeled\irrelevant\frames_3fec959e7a96_img2.jpg,6
..\image_labeling\data\labeled\irrelevant\frames_4009c868801f_img1.jpg,..\image_labeling\data\labeled\irrelevant\frames_4009c868801f_img2.jpg,2
..\image_labeling\data\labeled\irrelevant\frames_4009c868801f_img1.jpg,..\image_labeling\data\labeled\irrelevant\frames_4009c868801f_img3.jpg,8
..\image_labeling\data\labeled\irrelevant\frames_4009c868801f_img2.jpg,..\image_labeling\data\labeled\irrelevant\frames_4009c868801f_img3.jpg,8
..\image_labeling\data\labeled\irrelevant\frames_41415f13604b_img1.jpg,..\image_labeling\data\labeled\irrelevant\frames_e74a2fee12f8_img1.jpg,4
..\image_labeling\data\labeled\irrelevant\frames_41415f13604b_img2.jpg,..\image_labeling\data\labeled\irrelevant\frames_e74a2fee12f8_img2.jpg,6
..\image_labeling\data\labeled\irrelevant\frames_42b9351323cd_img2.jpg,..\image_labeling\data\labeled\irrelevant\frames_42b9351323cd_img3.jpg,4
..\image_labeling\data\labeled\irrelevant\frames_431a50b1edc3_img2.jpg,..\image_labeling\data\labeled\irrelevant\frames_431a50b1edc3_img3.jpg,0
..\image_labeling\data\labeled\irrelevant\frames_443f9566c36c_img2.jpg,..\image_labeling\data\labeled\irrelevant\frames_443f9566c36c_img3.jpg,10
..\image_labeling\data\labeled\irrelevant\frames_44622cf4cd69_img1.jpg,..\image_labeling\data\labeled\irrelevant\frames_44622cf4cd69_img2.jpg,6
..\image_labeling\data\labeled\irrelevant\frames_452873a7fc84_img1.jpg,..\image_labeling\data\labeled\irrelevant\frames_452873a7fc84_img2.jpg,8
..\image_labeling\data\labeled\irrelevant\frames_452873a7fc84_img1.jpg,..\image_labeling\data\labeled\irrelevant\frames_452873a7fc84_img3.jpg,10
..\image_labeling\data\labeled\irrelevant\frames_452873a7fc84_img2.jpg,..\image_labeling\data\labeled\irrelevant\frames_452873a7fc84_img3.jpg,6
..\image_labeling\data\labeled\irrelevant\frames_4704980ad31d_img2.jpg,..\image_labeling\data\labeled\irrelevant\frames_4704980ad31d_img3.jpg,6
..\image_labeling\data\labeled\irrelevant\frames_475061b1aa7d_img1.jpg,..\image_labeling\data\labeled\irrelevant\frames_475061b1aa7d_img2.jpg,8
..\image_labeling\data\labeled\irrelevant\frames_4759f3badfdd_img1.jpg,..\image_labeling\data\labeled\irrelevant\frames_4759f3badfdd_img2.jpg,0
..\image_labeling\data\labeled\irrelevant\frames_4759f3badfdd_img1.jpg,..\image_labeling\data\labeled\irrelevant\frames_4759f3badfdd_img3.jpg,2
..\image_labeling\data\labeled\irrelevant\frames_4759f3badfdd_img2.jpg,..\image_labeling\data\labeled\irrelevant\frames_4759f3badfdd_img3.jpg,2
..\image_labeling\data\labeled\irrelevant\frames_47769518e099_img2.jpg,..\image_labeling\data\labeled\irrelevant\frames_47769518e099_img3.jpg,8
..\image_labeling\data\labeled\irrelevant\frames_4850dd06e2bf_img1.jpg,..\image_labeling\data\labeled\irrelevant\frames_4850dd06e2bf_img2.jpg,10
..\image_labeling\data\labeled\irrelevant\frames_4850dd06e2bf_img1.jpg,..\image_labeling\data\labeled\irrelevant\frames_b7dc80b54e33_img2.jpg,2
..\image_labeling\data\labeled\irrelevant\frames_4850dd06e2bf_img1.jpg,..\image_labeling\data\labeled\irrelevant\frames_b7dc80b54e33_img3.jpg,4
..\image_labeling\data\labeled\irrelevant\frames_4850dd06e2bf_img2.jpg,..\image_labeling\data\labeled\irrelevant\frames_4850dd06e2bf_img3.jpg,2
..\image_labeling\data\labeled\irrelevant\frames_4850dd06e2bf_img2.jpg,..\image_labeling\data\labeled\irrelevant\frames_b7dc80b54e33_img2.jpg,10
..\image_labeling\data\labeled\irrelevant\frames_4850dd06e2bf_img2.jpg,..\image_labeling\data\labeled\irrelevant\frames_b7dc80b54e33_img3.jpg,6
..\image_labeling\data\labeled\irrelevant\frames_4850dd06e2bf_img3.jpg,..\image_labeling\data\labeled\irrelevant\frames_b7dc80b54e33_img3.jpg,8
..\image_labeling\data\labeled\irrelevant\frames_49835746ae57_img2.jpg,..\image_labeling\data\labeled\irrelevant\frames_49835746ae57_img3.jpg,6
..\image_labeling\data\labeled\irrelevant\frames_4b272c3ba1dc_img1.jpg,..\image_labeling\data\labeled\irrelevant\frames_4b272c3ba1dc_img2.jpg,8
..\image_labeling\data\labeled\irrelevant\frames_4b272c3ba1dc_img1.jpg,..\image_labeling\data\labeled\irrelevant\frames_4b272c3ba1dc_img3.jpg,10
..\image_labeling\data\labeled\irrelevant\frames_4b272c3ba1dc_img2.jpg,..\image_labeling\data\labeled\irrelevant\frames_4b272c3ba1dc_img3.jpg,2
..\image_labeling\data\labeled\irrelevant\frames_4b48e0219973_img1.jpg,..\image_labeling\data\labeled\irrelevant\frames_4b48e0219973_img2.jpg,2
..\image_labeling\data\labeled\irrelevant\frames_4b48e0219973_img1.jpg,..\image_labeling\data\labeled\irrelevant\frames_ae6051f16d3a_img1.jpg,0
..\image_labeling\data\labeled\irrelevant\frames_4b48e0219973_img1.jpg,..\image_labeling\data\labeled\irrelevant\frames_ae6051f16d3a_img2.jpg,0
..\image_labeling\data\labeled\irrelevant\frames_4b48e0219973_img2.jpg,..\image_labeling\data\labeled\irrelevant\frames_ae6051f16d3a_img1.jpg,2
..\image_labeling\data\labeled\irrelevant\frames_4b48e0219973_img2.jpg,..\image_labeling\data\labeled\irrelevant\frames_ae6051f16d3a_img2.jpg,2
..\image_labeling\data\labeled\irrelevant\frames_4b48e0219973_img3.jpg,..\image_labeling\data\labeled\irrelevant\frames_ae6051f16d3a_img3.jpg,4
..\image_labeling\data\labeled\irrelevant\frames_4bfd923988e3_img1.jpg,..\image_labeling\data\labeled\irrelevant\frames_4bfd923988e3_img2.jpg,10
..\image_labeling\data\labeled\irrelevant\frames_4bfd923988e3_img1.jpg,..\image_labeling\data\labeled\irrelevant\frames_4bfd923988e3_img3.jpg,8
..\image_labeling\data\labeled\irrelevant\frames_4bfd923988e3_img2.jpg,..\image_labeling\data\labeled\irrelevant\frames_4bfd923988e3_img3.jpg,6
..\image_labeling\data\labeled\irrelevant\frames_4c613b9e2f5c_img1.jpg,..\image_labeling\data\labeled\irrelevant\frames_4c613b9e2f5c_img2.jpg,8
..\image_labeling\data\labeled\irrelevant\frames_4c71bc634d93_img1.jpg,..\image_labeling\data\labeled\irrelevant\frames_80de6ca97fee_img1.jpg,10
..\image_labeling\data\labeled\irrelevant\frames_4c71bc634d93_img1.jpg,..\image_labeling\data\labeled\irrelevant\frames_e0b54b6b11b7_img2.jpg,10
..\image_labeling\data\labeled\irrelevant\frames_4c71bc634d93_img2.jpg,..\image_labeling\data\labeled\irrelevant\frames_d75bdd4e88a9_img2.jpg,4
..\image_labeling\data\labeled\irrelevant\frames_4c71bc634d93_img3.jpg,..\image_labeling\data\labeled\irrelevant\frames_d75bdd4e88a9_img3.jpg,8
..\image_labeling\data\labeled\irrelevant\frames_4c7e29681b6f_img1.jpg,..\image_labeling\data\labeled\irrelevant\frames_4c7e29681b6f_img2.jpg,2
..\image_labeling\data\labeled\irrelevant\frames_4c7e29681b6f_img1.jpg,..\image_labeling\data\labeled\irrelevant\frames_547838fd4974_img1.jpg,6
..\image_labeling\data\labeled\irrelevant\frames_4c7e29681b6f_img2.jpg,..\image_labeling\data\labeled\irrelevant\frames_547838fd4974_img1.jpg,4
..\image_labeling\data\labeled\irrelevant\frames_4c7e29681b6f_img3.jpg,..\image_labeling\data\labeled\irrelevant\frames_547838fd4974_img2.jpg,6
..\image_labeling\data\labeled\irrelevant\frames_4c7e29681b6f_img3.jpg,..\image_labeling\data\labeled\irrelevant\frames_547838fd4974_img3.jpg,8
..\image_labeling\data\labeled\irrelevant\frames_4e9c95f98953_img1.jpg,..\image_labeling\data\labeled\irrelevant\frames_4e9c95f98953_img2.jpg,2
..\image_labeling\data\labeled\irrelevant\frames_4eab16098e1c_img2.jpg,..\image_labeling\data\labeled\irrelevant\frames_aff44e77911a_img3.jpg,10
..\image_labeling\data\labeled\irrelevant\frames_4ebae0662333_img1.jpg,..\image_labeling\data\labeled\irrelevant\frames_4ebae0662333_img2.jpg,6
..\image_labeling\data\labeled\irrelevant\frames_4ebae0662333_img1.jpg,..\image_labeling\data\labeled\irrelevant\frames_4ebae0662333_img3.jpg,8
..\image_labeling\data\labeled\irrelevant\frames_4ebae0662333_img1.jpg,..\image_labeling\data\labeled\irrelevant\frames_cf5d28d5c4be_img1.jpg,6
..\image_labeling\data\labeled\irrelevant\frames_4ebae0662333_img2.jpg,..\image_labeling\data\labeled\irrelevant\frames_4ebae0662333_img3.jpg,8
..\image_labeling\data\labeled\irrelevant\frames_4ebae0662333_img2.jpg,..\image_labeling\data\labeled\irrelevant\frames_cf5d28d5c4be_img1.jpg,8
..\image_labeling\data\labeled\irrelevant\frames_4ebae0662333_img3.jpg,..\image_labeling\data\labeled\irrelevant\frames_cf5d28d5c4be_img1.jpg,6
..\image_labeling\data\labeled\irrelevant\frames_4efd4d5b148a_img1.jpg,..\image_labeling\data\labeled\irrelevant\frames_4efd4d5b148a_img2.jpg,10
..\image_labeling\data\labeled\irrelevant\frames_4f03fbb8cec9_img2.jpg,..\image_labeling\data\labeled\irrelevant\frames_4f03fbb8cec9_img3.jpg,2
..\image_labeling\data\labeled\irrelevant\frames_4fc4cb6453d4_img1.jpg,..\image_labeling\data\labeled\irrelevant\frames_4fc4cb6453d4_img2.jpg,2
..\image_labeling\data\labeled\irrelevant\frames_505e21714b12_img1.jpg,..\image_labeling\data\labeled\irrelevant\frames_80de6ca97fee_img1.jpg,8
..\image_labeling\data\labeled\irrelevant\frames_505e21714b12_img1.jpg,..\image_labeling\data\labeled\irrelevant\frames_e0b54b6b11b7_img2.jpg,8
..\image_labeling\data\labeled\irrelevant\frames_505e21714b12_img2.jpg,..\image_labeling\data\labeled\irrelevant\frames_80de6ca97fee_img3.jpg,2
..\image_labeling\data\labeled\irrelevant\frames_505e21714b12_img2.jpg,..\image_labeling\data\labeled\irrelevant\frames_e0b54b6b11b7_img2.jpg,8
..\image_labeling\data\labeled\irrelevant\frames_50db331fc978_img1.jpg,..\image_labeling\data\labeled\irrelevant\frames_50db331fc978_img2.jpg,6
..\image_labeling\data\labeled\irrelevant\frames_516a6df045c5_img1.jpg,..\image_labeling\data\labeled\irrelevant\frames_516a6df045c5_img2.jpg,0
..\image_labeling\data\labeled\irrelevant\frames_516a6df045c5_img1.jpg,..\image_labeling\data\labeled\irrelevant\frames_516a6df045c5_img3.jpg,0
..\image_labeling\data\labeled\irrelevant\frames_516a6df045c5_img2.jpg,..\image_labeling\data\labeled\irrelevant\frames_516a6df045c5_img3.jpg,0
..\image_labeling\data\labeled\irrelevant\frames_5378990a0067_img2.jpg,..\image_labeling\data\labeled\irrelevant\frames_5378990a0067_img3.jpg,2
..\image_labeling\data\labeled\irrelevant\frames_547838fd4974_img2.jpg,..\image_labeling\data\labeled\irrelevant\frames_547838fd4974_img3.jpg,6
..\image_labeling\data\labeled\irrelevant\frames_5538193404e4_img1.jpg,..\image_labeling\data\labeled\irrelevant\frames_9afd5926530a_img2.jpg,2
..\image_labeling\data\labeled\irrelevant\frames_5538193404e4_img2.jpg,..\image_labeling\data\labeled\irrelevant\frames_5538193404e4_img3.jpg,2
..\image_labeling\data\labeled\irrelevant\frames_5538193404e4_img2.jpg,..\image_labeling\data\labeled\irrelevant\frames_9afd5926530a_img1.jpg,4
..\image_labeling\data\labeled\irrelevant\frames_5538193404e4_img2.jpg,..\image_labeling\data\labeled\irrelevant\frames_9afd5926530a_img3.jpg,0
..\image_labeling\data\labeled\irrelevant\frames_5538193404e4_img3.jpg,..\image_labeling\data\labeled\irrelevant\frames_9afd5926530a_img1.jpg,6
..\image_labeling\data\labeled\irrelevant\frames_5538193404e4_img3.jpg,..\image_labeling\data\labeled\irrelevant\frames_9afd5926530a_img3.jpg,2
..\image_labeling\data\labeled\irrelevant\frames_55c0b5a4dac3_img2.jpg,..\image_labeling\data\labeled\irrelevant\frames_55c0b5a4dac3_img3.jpg,0
..\image_labeling\data\labeled\irrelevant\frames_563eb51823cb_img2.jpg,..\image_labeling\data\labeled\irrelevant\frames_563eb51823cb_img3.jpg,8
..\image_labeling\data\labeled\irrelevant\frames_5925adf83233_img1.jpg,..\image_labeling\data\labeled\irrelevant\frames_5925adf83233_img2.jpg,10
..\image_labeling\data\labeled\irrelevant\frames_5925adf83233_img2.jpg,..\image_labeling\data\labeled\irrelevant\frames_5925adf83233_img3.jpg,10
..\image_labeling\data\labeled\irrelevant\frames_5af23e09b5ff_img1.jpg,..\image_labeling\data\labeled\irrelevant\frames_5af23e09b5ff_img2.jpg,8
..\image_labeling\data\labeled\irrelevant\frames_5af23e09b5ff_img3.jpg,..\image_labeling\data\labeled\irrelevant\frames_e3443d2ecd0a_img1.jpg,0
..\image_labeling\data\labeled\irrelevant\frames_5af23e09b5ff_img3.jpg,..\image_labeling\data\labeled\irrelevant\frames_e3443d2ecd0a_img2.jpg,0
..\image_labeling\data\labeled\irrelevant\frames_5af23e09b5ff_img3.jpg,..\image_labeling\data\labeled\irrelevant\frames_e3443d2ecd0a_img3.jpg,0
..\image_labeling\data\labeled\irrelevant\frames_5cb041b35891_img1.jpg,..\image_labeling\data\labeled\irrelevant\frames_5cb041b35891_img2.jpg,4
..\image_labeling\data\labeled\irrelevant\frames_5cb041b35891_img1.jpg,..\image_labeling\data\labeled\irrelevant\frames_aa424a0c03dd_img1.jpg,10
..\image_labeling\data\labeled\irrelevant\frames_5cb041b35891_img2.jpg,..\image_labeling\data\labeled\irrelevant\frames_5cb041b35891_img3.jpg,10
..\image_labeling\data\labeled\irrelevant\frames_5cb041b35891_img3.jpg,..\image_labeling\data\labeled\irrelevant\frames_aa424a0c03dd_img2.jpg,4
..\image_labeling\data\labeled\irrelevant\frames_5cb041b35891_img3.jpg,..\image_labeling\data\labeled\irrelevant\frames_aa424a0c03dd_img3.jpg,4
..\image_labeling\data\labeled\irrelevant\frames_5f7027afc1c7_img1.jpg,..\image_labeling\data\labeled\irrelevant\frames_5f7027afc1c7_img2.jpg,6
..\image_labeling\data\labeled\irrelevant\frames_607e4fae5302_img1.jpg,..\image_labeling\data\labeled\irrelevant\frames_607e4fae5302_img2.jpg,2
..\image_labeling\data\labeled\irrelevant\frames_607e4fae5302_img1.jpg,..\image_labeling\data\labeled\irrelevant\frames_607e4fae5302_img3.jpg,0
..\image_labeling\data\labeled\irrelevant\frames_607e4fae5302_img1.jpg,..\image_labeling\data\labeled\irrelevant\frames_fec52ba0e4a7_img1.jpg,2
..\image_labeling\data\labeled\irrelevant\frames_607e4fae5302_img1.jpg,..\image_labeling\data\labeled\irrelevant\frames_fec52ba0e4a7_img2.jpg,0
..\image_labeling\data\labeled\irrelevant\frames_607e4fae5302_img1.jpg,..\image_labeling\data\labeled\irrelevant\frames_fec52ba0e4a7_img3.jpg,0
..\image_labeling\data\labeled\irrelevant\frames_607e4fae5302_img2.jpg,..\image_labeling\data\labeled\irrelevant\frames_607e4fae5302_img3.jpg,2
..\image_labeling\data\labeled\irrelevant\frames_607e4fae5302_img2.jpg,..\image_labeling\data\labeled\irrelevant\frames_fec52ba0e4a7_img1.jpg,2
..\image_labeling\data\labeled\irrelevant\frames_607e4fae5302_img2.jpg,..\image_labeling\data\labeled\irrelevant\frames_fec52ba0e4a7_img2.jpg,2
..\image_labeling\data\labeled\irrelevant\frames_607e4fae5302_img2.jpg,..\image_labeling\data\labeled\irrelevant\frames_fec52ba0e4a7_img3.jpg,2
..\image_labeling\data\labeled\irrelevant\frames_607e4fae5302_img3.jpg,..\image_labeling\data\labeled\irrelevant\frames_fec52ba0e4a7_img1.jpg,2
..\image_labeling\data\labeled\irrelevant\frames_607e4fae5302_img3.jpg,..\image_labeling\data\labeled\irrelevant\frames_fec52ba0e4a7_img2.jpg,0
..\image_labeling\data\labeled\irrelevant\frames_607e4fae5302_img3.jpg,..\image_labeling\data\labeled\irrelevant\frames_fec52ba0e4a7_img3.jpg,0
..\image_labeling\data\labeled\irrelevant\frames_60b5dd464db1_img1.jpg,..\image_labeling\data\labeled\irrelevant\frames_60b5dd464db1_img2.jpg,2
..\image_labeling\data\labeled\irrelevant\frames_60b5dd464db1_img1.jpg,..\image_labeling\data\labeled\irrelevant\frames_60b5dd464db1_img3.jpg,0
..\image_labeling\data\labeled\irrelevant\frames_60b5dd464db1_img2.jpg,..\image_labeling\data\labeled\irrelevant\frames_60b5dd464db1_img3.jpg,2
..\image_labeling\data\labeled\irrelevant\frames_61c0ce44f382_img1.jpg,..\image_labeling\data\labeled\irrelevant\frames_aac17cf6fb8d_img1.jpg,4
..\image_labeling\data\labeled\irrelevant\frames_61c0ce44f382_img1.jpg,..\image_labeling\data\labeled\irrelevant\frames_aac17cf6fb8d_img2.jpg,4
..\image_labeling\data\labeled\irrelevant\frames_61c0ce44f382_img1.jpg,..\image_labeling\data\labeled\irrelevant\frames_aac17cf6fb8d_img3.jpg,2
..\image_labeling\data\labeled\irrelevant\frames_61c0ce44f382_img2.jpg,..\image_labeling\data\labeled\irrelevant\frames_61c0ce44f382_img3.jpg,4
..\image_labeling\data\labeled\irrelevant\frames_61f383edc549_img1.jpg,..\image_labeling\data\labeled\irrelevant\frames_61f383edc549_img3.jpg,10
..\image_labeling\data\labeled\irrelevant\frames_61fe5ef94fd5_img2.jpg,..\image_labeling\data\labeled\irrelevant\frames_61fe5ef94fd5_img3.jpg,4
..\image_labeling\data\labeled\irrelevant\frames_6372d032dbaf_img1.jpg,..\image_labeling\data\labeled\irrelevant\frames_6372d032dbaf_img2.jpg,2
..\image_labeling\data\labeled\irrelevant\frames_6372d032dbaf_img1.jpg,..\image_labeling\data\labeled\irrelevant\frames_6372d032dbaf_img3.jpg,2
..\image_labeling\data\labeled\irrelevant\frames_6372d032dbaf_img1.jpg,..\image_labeling\data\labeled\irrelevant\frames_dc06a0997f95_img1.jpg,0
..\image_labeling\data\labeled\irrelevant\frames_6372d032dbaf_img1.jpg,..\image_labeling\data\labeled\irrelevant\frames_dc06a0997f95_img2.jpg,0
..\image_labeling\data\labeled\irrelevant\frames_6372d032dbaf_img1.jpg,..\image_labeling\data\labeled\irrelevant\frames_dc06a0997f95_img3.jpg,0
..\image_labeling\data\labeled\irrelevant\frames_6372d032dbaf_img2.jpg,..\image_labeling\data\labeled\irrelevant\frames_6372d032dbaf_img3.jpg,0
..\image_labeling\data\labeled\irrelevant\frames_6372d032dbaf_img2.jpg,..\image_labeling\data\labeled\irrelevant\frames_dc06a0997f95_img1.jpg,2
..\image_labeling\data\labeled\irrelevant\frames_6372d032dbaf_img2.jpg,..\image_labeling\data\labeled\irrelevant\frames_dc06a0997f95_img2.jpg,2
..\image_labeling\data\labeled\irrelevant\frames_6372d032dbaf_img2.jpg,..\image_labeling\data\labeled\irrelevant\frames_dc06a0997f95_img3.jpg,2
..\image_labeling\data\labeled\irrelevant\frames_6372d032dbaf_img3.jpg,..\image_labeling\data\labeled\irrelevant\frames_dc06a0997f95_img1.jpg,2
..\image_labeling\data\labeled\irrelevant\frames_6372d032dbaf_img3.jpg,..\image_labeling\data\labeled\irrelevant\frames_dc06a0997f95_img2.jpg,2
..\image_labeling\data\labeled\irrelevant\frames_6372d032dbaf_img3.jpg,..\image_labeling\data\labeled\irrelevant\frames_dc06a0997f95_img3.jpg,2
..\image_labeling\data\labeled\irrelevant\frames_6482b93c3dff_img1.jpg,..\image_labeling\data\labeled\irrelevant\frames_6482b93c3dff_img2.jpg,8
..\image_labeling\data\labeled\irrelevant\frames_64cd4c87bcea_img2.jpg,..\image_labeling\data\labeled\irrelevant\frames_64cd4c87bcea_img3.jpg,10
..\image_labeling\data\labeled\irrelevant\frames_650b55e0010b_img1.jpg,..\image_labeling\data\labeled\irrelevant\frames_650b55e0010b_img2.jpg,0
..\image_labeling\data\labeled\irrelevant\frames_650b55e0010b_img1.jpg,..\image_labeling\data\labeled\irrelevant\frames_650b55e0010b_img3.jpg,2
..\image_labeling\data\labeled\irrelevant\frames_650b55e0010b_img2.jpg,..\image_labeling\data\labeled\irrelevant\frames_650b55e0010b_img3.jpg,2
..\image_labeling\data\labeled\irrelevant\frames_65f7bce265e8_img1.jpg,..\image_labeling\data\labeled\irrelevant\frames_65f7bce265e8_img2.jpg,4
..\image_labeling\data\labeled\irrelevant\frames_672561a2ec7b_img1.jpg,..\image_labeling\data\labeled\irrelevant\frames_672561a2ec7b_img2.jpg,0
..\image_labeling\data\labeled\irrelevant\frames_672561a2ec7b_img1.jpg,..\image_labeling\data\labeled\irrelevant\frames_672561a2ec7b_img3.jpg,2
..\image_labeling\data\labeled\irrelevant\frames_672561a2ec7b_img2.jpg,..\image_labeling\data\labeled\irrelevant\frames_672561a2ec7b_img3.jpg,2
..\image_labeling\data\labeled\irrelevant\frames_6798bf7e0bd2_img2.jpg,..\image_labeling\data\labeled\irrelevant\frames_6798bf7e0bd2_img3.jpg,0
..\image_labeling\data\labeled\irrelevant\frames_68a049bdba34_img1.jpg,..\image_labeling\data\labeled\irrelevant\frames_68a049bdba34_img2.jpg,2
..\image_labeling\data\labeled\irrelevant\frames_68a049bdba34_img1.jpg,..\image_labeling\data\labeled\irrelevant\frames_68a049bdba34_img3.jpg,4
..\image_labeling\data\labeled\irrelevant\frames_68a049bdba34_img1.jpg,..\image_labeling\data\labeled\irrelevant\frames_773041b37f64_img1.jpg,2
..\image_labeling\data\labeled\irrelevant\frames_68a049bdba34_img1.jpg,..\image_labeling\data\labeled\irrelevant\frames_773041b37f64_img2.jpg,2
..\image_labeling\data\labeled\irrelevant\frames_68a049bdba34_img1.jpg,..\image_labeling\data\labeled\irrelevant\frames_773041b37f64_img3.jpg,4
..\image_labeling\data\labeled\irrelevant\frames_68a049bdba34_img2.jpg,..\image_labeling\data\labeled\irrelevant\frames_68a049bdba34_img3.jpg,4
..\image_labeling\data\labeled\irrelevant\frames_68a049bdba34_img2.jpg,..\image_labeling\data\labeled\irrelevant\frames_773041b37f64_img1.jpg,0
..\image_labeling\data\labeled\irrelevant\frames_68a049bdba34_img2.jpg,..\image_labeling\data\labeled\irrelevant\frames_773041b37f64_img2.jpg,0
..\image_labeling\data\labeled\irrelevant\frames_68a049bdba34_img2.jpg,..\image_labeling\data\labeled\irrelevant\frames_773041b37f64_img3.jpg,2
..\image_labeling\data\labeled\irrelevant\frames_68a049bdba34_img3.jpg,..\image_labeling\data\labeled\irrelevant\frames_773041b37f64_img1.jpg,4
..\image_labeling\data\labeled\irrelevant\frames_68a049bdba34_img3.jpg,..\image_labeling\data\labeled\irrelevant\frames_773041b37f64_img2.jpg,4
..\image_labeling\data\labeled\irrelevant\frames_68a049bdba34_img3.jpg,..\image_labeling\data\labeled\irrelevant\frames_773041b37f64_img3.jpg,2
..\image_labeling\data\labeled\irrelevant\frames_69671457ac96_img3.jpg,..\image_labeling\data\labeled\irrelevant\frames_d6c79d8c3e04_img3.jpg,8
..\image_labeling\data\labeled\irrelevant\frames_6ac26b48dd20_img1.jpg,..\image_labeling\data\labeled\irrelevant\frames_6ac26b48dd20_img2.jpg,6
..\image_labeling\data\labeled\irrelevant\frames_6ac26b48dd20_img2.jpg,..\image_labeling\data\labeled\irrelevant\frames_6ac26b48dd20_img3.jpg,10
..\image_labeling\data\labeled\irrelevant\frames_6aebe247dc6e_img1.jpg,..\image_labeling\data\labeled\irrelevant\frames_6aebe247dc6e_img2.jpg,6
..\image_labeling\data\labeled\irrelevant\frames_6aebe247dc6e_img2.jpg,..\image_labeling\data\labeled\irrelevant\frames_6aebe247dc6e_img3.jpg,10
..\image_labeling\data\labeled\irrelevant\frames_6bcbdfc8a111_img1.jpg,..\image_labeling\data\labeled\irrelevant\frames_6bcbdfc8a111_img2.jpg,0
..\image_labeling\data\labeled\irrelevant\frames_6c5d1e72d37c_img1.jpg,..\image_labeling\data\labeled\irrelevant\frames_6c5d1e72d37c_img2.jpg,6
..\image_labeling\data\labeled\irrelevant\frames_6c5d1e72d37c_img1.jpg,..\image_labeling\data\labeled\irrelevant\frames_6c5d1e72d37c_img3.jpg,8
..\image_labeling\data\labeled\irrelevant\frames_6c5d1e72d37c_img2.jpg,..\image_labeling\data\labeled\irrelevant\frames_6c5d1e72d37c_img3.jpg,4
..\image_labeling\data\labeled\irrelevant\frames_6c730a4b25db_img2.jpg,..\image_labeling\data\labeled\irrelevant\frames_6c730a4b25db_img3.jpg,10
..\image_labeling\data\labeled\irrelevant\frames_6c730a4b25db_img3.jpg,..\image_labeling\data\labeled\irrelevant\frames_94d26db237ff_img2.jpg,8
..\image_labeling\data\labeled\irrelevant\frames_6c971dc35b29_img1.jpg,..\image_labeling\data\labeled\irrelevant\frames_6c971dc35b29_img2.jpg,6
..\image_labeling\data\labeled\irrelevant\frames_6c971dc35b29_img1.jpg,..\image_labeling\data\labeled\irrelevant\frames_6c971dc35b29_img3.jpg,8
..\image_labeling\data\labeled\irrelevant\frames_6c971dc35b29_img2.jpg,..\image_labeling\data\labeled\irrelevant\frames_6c971dc35b29_img3.jpg,10
..\image_labeling\data\labeled\irrelevant\frames_6ca975d033fa_img2.jpg,..\image_labeling\data\labeled\irrelevant\frames_6ca975d033fa_img3.jpg,4
..\image_labeling\data\labeled\irrelevant\frames_6caf7f8a4cec_img1.jpg,..\image_labeling\data\labeled\irrelevant\frames_6caf7f8a4cec_img2.jpg,10
..\image_labeling\data\labeled\irrelevant\frames_6caf7f8a4cec_img2.jpg,..\image_labeling\data\labeled\irrelevant\frames_6caf7f8a4cec_img3.jpg,10
..\image_labeling\data\labeled\irrelevant\frames_6caf7f8a4cec_img2.jpg,..\image_labeling\data\labeled\irrelevant\frames_6eb86db320eb_img1.jpg,2
..\image_labeling\data\labeled\irrelevant\frames_6caf7f8a4cec_img2.jpg,..\image_labeling\data\labeled\irrelevant\frames_6eb86db320eb_img2.jpg,4
..\image_labeling\data\labeled\irrelevant\frames_6caf7f8a4cec_img2.jpg,..\image_labeling\data\labeled\irrelevant\frames_6eb86db320eb_img3.jpg,6
..\image_labeling\data\labeled\irrelevant\frames_6caf7f8a4cec_img3.jpg,..\image_labeling\data\labeled\irrelevant\frames_6eb86db320eb_img1.jpg,8
..\image_labeling\data\labeled\irrelevant\frames_6caf7f8a4cec_img3.jpg,..\image_labeling\data\labeled\irrelevant\frames_6eb86db320eb_img2.jpg,6
..\image_labeling\data\labeled\irrelevant\frames_6caf7f8a4cec_img3.jpg,..\image_labeling\data\labeled\irrelevant\frames_6eb86db320eb_img3.jpg,4
..\image_labeling\data\labeled\irrelevant\frames_6d9ce8c77c69_img2.jpg,..\image_labeling\data\labeled\irrelevant\frames_6d9ce8c77c69_img3.jpg,2
..\image_labeling\data\labeled\irrelevant\frames_6da90cf83e25_img2.jpg,..\image_labeling\data\labeled\irrelevant\frames_6da90cf83e25_img3.jpg,4
..\image_labeling\data\labeled\irrelevant\frames_6eb86db320eb_img1.jpg,..\image_labeling\data\labeled\irrelevant\frames_6eb86db320eb_img2.jpg,2
..\image_labeling\data\labeled\irrelevant\frames_6eb86db320eb_img1.jpg,..\image_labeling\data\labeled\irrelevant\frames_6eb86db320eb_img3.jpg,4
..\image_labeling\data\labeled\irrelevant\frames_6eb86db320eb_img2.jpg,..\image_labeling\data\labeled\irrelevant\frames_6eb86db320eb_img3.jpg,2
..\image_labeling\data\labeled\irrelevant\frames_7175adc4b933_img1.jpg,..\image_labeling\data\labeled\irrelevant\frames_7175adc4b933_img2.jpg,6
..\image_labeling\data\labeled\irrelevant\frames_7175adc4b933_img1.jpg,..\image_labeling\data\labeled\irrelevant\frames_7175adc4b933_img3.jpg,8
..\image_labeling\data\labeled\irrelevant\frames_7175adc4b933_img2.jpg,..\image_labeling\data\labeled\irrelevant\frames_7175adc4b933_img3.jpg,6
..\image_labeling\data\labeled\irrelevant\frames_726a038938f6_img1.jpg,..\image_labeling\data\labeled\irrelevant\frames_726a038938f6_img2.jpg,0
..\image_labeling\data\labeled\irrelevant\frames_72b743d1db99_img1.jpg,..\image_labeling\data\labeled\irrelevant\frames_72b743d1db99_img2.jpg,4
..\image_labeling\data\labeled\irrelevant\frames_72cec0ff0a0a_img1.jpg,..\image_labeling\data\labeled\irrelevant\frames_72cec0ff0a0a_img2.jpg,0
..\image_labeling\data\labeled\irrelevant\frames_72cec0ff0a0a_img1.jpg,..\image_labeling\data\labeled\irrelevant\frames_72cec0ff0a0a_img3.jpg,0
..\image_labeling\data\labeled\irrelevant\frames_72cec0ff0a0a_img2.jpg,..\image_labeling\data\labeled\irrelevant\frames_72cec0ff0a0a_img3.jpg,0
..\image_labeling\data\labeled\irrelevant\frames_72cf96f0736e_img1.jpg,..\image_labeling\data\labeled\irrelevant\frames_72cf96f0736e_img2.jpg,6
..\image_labeling\data\labeled\irrelevant\frames_72d59f1f1710_img1.jpg,..\image_labeling\data\labeled\irrelevant\frames_72d59f1f1710_img2.jpg,4
..\image_labeling\data\labeled\irrelevant\frames_72d59f1f1710_img1.jpg,..\image_labeling\data\labeled\irrelevant\frames_72d59f1f1710_img3.jpg,4
..\image_labeling\data\labeled\irrelevant\frames_72d59f1f1710_img1.jpg,..\image_labeling\data\labeled\irrelevant\frames_f083afff8671_img1.jpg,0
..\image_labeling\data\labeled\irrelevant\frames_72d59f1f1710_img1.jpg,..\image_labeling\data\labeled\irrelevant\frames_f083afff8671_img2.jpg,0
..\image_labeling\data\labeled\irrelevant\frames_72d59f1f1710_img1.jpg,..\image_labeling\data\labeled\irrelevant\frames_f083afff8671_img3.jpg,8
..\image_labeling\data\labeled\irrelevant\frames_72d59f1f1710_img2.jpg,..\image_labeling\data\labeled\irrelevant\frames_72d59f1f1710_img3.jpg,2
..\image_labeling\data\labeled\irrelevant\frames_72d59f1f1710_img2.jpg,..\image_labeling\data\labeled\irrelevant\frames_f083afff8671_img1.jpg,4
..\image_labeling\data\labeled\irrelevant\frames_72d59f1f1710_img2.jpg,..\image_labeling\data\labeled\irrelevant\frames_f083afff8671_img2.jpg,4
..\image_labeling\data\labeled\irrelevant\frames_72d59f1f1710_img2.jpg,..\image_labeling\data\labeled\irrelevant\frames_f083afff8671_img3.jpg,4
..\image_labeling\data\labeled\irrelevant\frames_72d59f1f1710_img3.jpg,..\image_labeling\data\labeled\irrelevant\frames_f083afff8671_img1.jpg,4
..\image_labeling\data\labeled\irrelevant\frames_72d59f1f1710_img3.jpg,..\image_labeling\data\labeled\irrelevant\frames_f083afff8671_img2.jpg,4
..\image_labeling\data\labeled\irrelevant\frames_72d59f1f1710_img3.jpg,..\image_labeling\data\labeled\irrelevant\frames_f083afff8671_img3.jpg,4
..\image_labeling\data\labeled\irrelevant\frames_7358ba9ec918_img1.jpg,..\image_labeling\data\labeled\irrelevant\frames_7358ba9ec918_img2.jpg,0
..\image_labeling\data\labeled\irrelevant\frames_7358ba9ec918_img1.jpg,..\image_labeling\data\labeled\irrelevant\frames_7358ba9ec918_img3.jpg,4
..\image_labeling\data\labeled\irrelevant\frames_7358ba9ec918_img2.jpg,..\image_labeling\data\labeled\irrelevant\frames_7358ba9ec918_img3.jpg,4
..\image_labeling\data\labeled\irrelevant\frames_73ad3790b5cb_img1.jpg,..\image_labeling\data\labeled\irrelevant\frames_fafdd0d766f1_img2.jpg,2
..\image_labeling\data\labeled\irrelevant\frames_73ad3790b5cb_img1.jpg,..\image_labeling\data\labeled\irrelevant\frames_fafdd0d766f1_img3.jpg,8
..\image_labeling\data\labeled\irrelevant\frames_73ad3790b5cb_img2.jpg,..\image_labeling\data\labeled\irrelevant\frames_73ad3790b5cb_img3.jpg,0
..\image_labeling\data\labeled\irrelevant\frames_73ad3790b5cb_img2.jpg,..\image_labeling\data\labeled\irrelevant\frames_fafdd0d766f1_img3.jpg,10
..\image_labeling\data\labeled\irrelevant\frames_73ad3790b5cb_img3.jpg,..\image_labeling\data\labeled\irrelevant\frames_fafdd0d766f1_img3.jpg,10
..\image_labeling\data\labeled\irrelevant\frames_744256c45a0b_img1.jpg,..\image_labeling\data\labeled\irrelevant\frames_744256c45a0b_img2.jpg,6
..\image_labeling\data\labeled\irrelevant\frames_744256c45a0b_img1.jpg,..\image_labeling\data\labeled\irrelevant\frames_744256c45a0b_img3.jpg,8
..\image_labeling\data\labeled\irrelevant\frames_744256c45a0b_img2.jpg,..\image_labeling\data\labeled\irrelevant\frames_744256c45a0b_img3.jpg,2
..\image_labeling\data\labeled\irrelevant\frames_7486c7f1ec45_img1.jpg,..\image_labeling\data\labeled\irrelevant\frames_f49ef3ccfd50_img2.jpg,6
..\image_labeling\data\labeled\irrelevant\frames_7486c7f1ec45_img2.jpg,..\image_labeling\data\labeled\irrelevant\frames_f49ef3ccfd50_img3.jpg,6
..\image_labeling\data\labeled\irrelevant\frames_763f03506096_img1.jpg,..\image_labeling\data\labeled\irrelevant\frames_763f03506096_img2.jpg,4
..\image_labeling\data\labeled\irrelevant\frames_763f03506096_img1.jpg,..\image_labeling\data\labeled\irrelevant\frames_763f03506096_img3.jpg,8
..\image_labeling\data\labeled\irrelevant\frames_763f03506096_img2.jpg,..\image_labeling\data\labeled\irrelevant\frames_763f03506096_img3.jpg,6
..\image_labeling\data\labeled\irrelevant\frames_773041b37f64_img1.jpg,..\image_labeling\data\labeled\irrelevant\frames_773041b37f64_img2.jpg,0
..\image_labeling\data\labeled\irrelevant\frames_773041b37f64_img1.jpg,..\image_labeling\data\labeled\irrelevant\frames_773041b37f64_img3.jpg,2
..\image_labeling\data\labeled\irrelevant\frames_773041b37f64_img2.jpg,..\image_labeling\data\labeled\irrelevant\frames_773041b37f64_img3.jpg,2
..\image_labeling\data\labeled\irrelevant\frames_774e56970c3e_img1.jpg,..\image_labeling\data\labeled\irrelevant\frames_774e56970c3e_img2.jpg,2
..\image_labeling\data\labeled\irrelevant\frames_774e56970c3e_img1.jpg,..\image_labeling\data\labeled\irrelevant\frames_774e56970c3e_img3.jpg,6
..\image_labeling\data\labeled\irrelevant\frames_774e56970c3e_img2.jpg,..\image_labeling\data\labeled\irrelevant\frames_774e56970c3e_img3.jpg,4
..\image_labeling\data\labeled\irrelevant\frames_77b8b17a0d42_img1.jpg,..\image_labeling\data\labeled\irrelevant\frames_77b8b17a0d42_img2.jpg,2
..\image_labeling\data\labeled\irrelevant\frames_787e967be249_img2.jpg,..\image_labeling\data\labeled\irrelevant\frames_787e967be249_img3.jpg,4
..\image_labeling\data\labeled\irrelevant\frames_78e1cd802f2d_img2.jpg,..\image_labeling\data\labeled\irrelevant\frames_e44a09459048_img2.jpg,4
..\image_labeling\data\labeled\irrelevant\frames_78f5b72282ac_img1.jpg,..\image_labeling\data\labeled\irrelevant\frames_78f5b72282ac_img2.jpg,4
..\image_labeling\data\labeled\irrelevant\frames_795e15e08a48_img1.jpg,..\image_labeling\data\labeled\irrelevant\frames_795e15e08a48_img2.jpg,6
..\image_labeling\data\labeled\irrelevant\frames_795e15e08a48_img1.jpg,..\image_labeling\data\labeled\irrelevant\frames_795e15e08a48_img3.jpg,8
..\image_labeling\data\labeled\irrelevant\frames_795e15e08a48_img2.jpg,..\image_labeling\data\labeled\irrelevant\frames_795e15e08a48_img3.jpg,6
..\image_labeling\data\labeled\irrelevant\frames_7991e3bcabd7_img1.jpg,..\image_labeling\data\labeled\irrelevant\frames_7991e3bcabd7_img2.jpg,2
..\image_labeling\data\labeled\irrelevant\frames_7991e3bcabd7_img1.jpg,..\image_labeling\data\labeled\irrelevant\frames_7991e3bcabd7_img3.jpg,8
..\image_labeling\data\labeled\irrelevant\frames_7991e3bcabd7_img2.jpg,..\image_labeling\data\labeled\irrelevant\frames_7991e3bcabd7_img3.jpg,8
..\image_labeling\data\labeled\irrelevant\frames_79de88bd827d_img2.jpg,..\image_labeling\data\labeled\irrelevant\frames_79de88bd827d_img3.jpg,2
..\image_labeling\data\labeled\irrelevant\frames_7c3a300dbbd5_img2.jpg,..\image_labeling\data\labeled\irrelevant\frames_7c3a300dbbd5_img3.jpg,8
..\image_labeling\data\labeled\irrelevant\frames_7c3a300dbbd5_img2.jpg,..\image_labeling\data\labeled\irrelevant\frames_81a64746be1f_img1.jpg,4
..\image_labeling\data\labeled\irrelevant\frames_7c3a300dbbd5_img2.jpg,..\image_labeling\data\labeled\irrelevant\frames_81a64746be1f_img2.jpg,0
..\image_labeling\data\labeled\irrelevant\frames_7c3a300dbbd5_img2.jpg,..\image_labeling\data\labeled\irrelevant\frames_81a64746be1f_img3.jpg,0
..\image_labeling\data\labeled\irrelevant\frames_7c3a300dbbd5_img3.jpg,..\image_labeling\data\labeled\irrelevant\frames_81a64746be1f_img1.jpg,10
..\image_labeling\data\labeled\irrelevant\frames_7c3a300dbbd5_img3.jpg,..\image_labeling\data\labeled\irrelevant\frames_81a64746be1f_img2.jpg,8
..\image_labeling\data\labeled\irrelevant\frames_7c3a300dbbd5_img3.jpg,..\image_labeling\data\labeled\irrelevant\frames_81a64746be1f_img3.jpg,8
..\image_labeling\data\labeled\irrelevant\frames_80de6ca97fee_img1.jpg,..\image_labeling\data\labeled\irrelevant\frames_e0b54b6b11b7_img2.jpg,10
..\image_labeling\data\labeled\irrelevant\frames_80de6ca97fee_img3.jpg,..\image_labeling\data\labeled\irrelevant\frames_e0b54b6b11b7_img2.jpg,6
..\image_labeling\data\labeled\irrelevant\frames_817485046267_img1.jpg,..\image_labeling\data\labeled\irrelevant\frames_817485046267_img2.jpg,4
..\image_labeling\data\labeled\irrelevant\frames_81a64746be1f_img1.jpg,..\image_labeling\data\labeled\irrelevant\frames_81a64746be1f_img2.jpg,4
..\image_labeling\data\labeled\irrelevant\frames_81a64746be1f_img1.jpg,..\image_labeling\data\labeled\irrelevant\frames_81a64746be1f_img3.jpg,4
..\image_labeling\data\labeled\irrelevant\frames_81a64746be1f_img2.jpg,..\image_labeling\data\labeled\irrelevant\frames_81a64746be1f_img3.jpg,0
..\image_labeling\data\labeled\irrelevant\frames_81fb2c32a73b_img1.jpg,..\image_labeling\data\labeled\irrelevant\frames_81fb2c32a73b_img2.jpg,10
..\image_labeling\data\labeled\irrelevant\frames_8223e3dd6458_img2.jpg,..\image_labeling\data\labeled\irrelevant\frames_8223e3dd6458_img3.jpg,4
..\image_labeling\data\labeled\irrelevant\frames_82b62d3c9548_img1.jpg,..\image_labeling\data\labeled\irrelevant\frames_82b62d3c9548_img2.jpg,4
..\image_labeling\data\labeled\irrelevant\frames_86734ed1383d_img1.jpg,..\image_labeling\data\labeled\irrelevant\frames_86734ed1383d_img2.jpg,10
..\image_labeling\data\labeled\irrelevant\frames_86734ed1383d_img2.jpg,..\image_labeling\data\labeled\irrelevant\frames_86734ed1383d_img3.jpg,10
..\image_labeling\data\labeled\irrelevant\frames_87c99bd3e991_img2.jpg,..\image_labeling\data\labeled\irrelevant\frames_87c99bd3e991_img3.jpg,2
..\image_labeling\data\labeled\irrelevant\frames_87d02aa8d1ba_img1.jpg,..\image_labeling\data\labeled\irrelevant\frames_87d02aa8d1ba_img2.jpg,8
..\image_labeling\data\labeled\irrelevant\frames_87d02aa8d1ba_img1.jpg,..\image_labeling\data\labeled\irrelevant\frames_87d02aa8d1ba_img3.jpg,8
..\image_labeling\data\labeled\irrelevant\frames_87d02aa8d1ba_img2.jpg,..\image_labeling\data\labeled\irrelevant\frames_87d02aa8d1ba_img3.jpg,0
..\image_labeling\data\labeled\irrelevant\frames_88b1ad14909f_img2.jpg,..\image_labeling\data\labeled\irrelevant\frames_88b1ad14909f_img3.jpg,0
..\image_labeling\data\labeled\irrelevant\frames_89c1dcb96a60_img1.jpg,..\image_labeling\data\labeled\irrelevant\frames_89c1dcb96a60_img3.jpg,10
..\image_labeling\data\labeled\irrelevant\frames_89c1dcb96a60_img2.jpg,..\image_labeling\data\labeled\irrelevant\frames_89c1dcb96a60_img3.jpg,6
..\image_labeling\data\labeled\irrelevant\frames_8bcfe5d1a568_img1.jpg,..\image_labeling\data\labeled\irrelevant\frames_8bcfe5d1a568_img2.jpg,0
..\image_labeling\data\labeled\irrelevant\frames_8bcfe5d1a568_img1.jpg,..\image_labeling\data\labeled\irrelevant\frames_8bcfe5d1a568_img3.jpg,4
..\image_labeling\data\labeled\irrelevant\frames_8bcfe5d1a568_img2.jpg,..\image_labeling\data\labeled\irrelevant\frames_8bcfe5d1a568_img3.jpg,4
..\image_labeling\data\labeled\irrelevant\frames_8d0e67cfede5_img2.jpg,..\image_labeling\data\labeled\irrelevant\frames_8d0e67cfede5_img3.jpg,6
..\image_labeling\data\labeled\irrelevant\frames_8ddfbfa95aa6_img2.jpg,..\image_labeling\data\labeled\irrelevant\frames_8ddfbfa95aa6_img3.jpg,10
..\image_labeling\data\labeled\irrelevant\frames_8ec535eada4b_img1.jpg,..\image_labeling\data\labeled\irrelevant\frames_8ec535eada4b_img2.jpg,0
..\image_labeling\data\labeled\irrelevant\frames_8ec535eada4b_img1.jpg,..\image_labeling\data\labeled\irrelevant\frames_8ec535eada4b_img3.jpg,0
..\image_labeling\data\labeled\irrelevant\frames_8ec535eada4b_img2.jpg,..\image_labeling\data\labeled\irrelevant\frames_8ec535eada4b_img3.jpg,0
..\image_labeling\data\labeled\irrelevant\frames_904bb4f22128_img1.jpg,..\image_labeling\data\labeled\irrelevant\frames_904bb4f22128_img2.jpg,2
..\image_labeling\data\labeled\irrelevant\frames_904bb4f22128_img1.jpg,..\image_labeling\data\labeled\irrelevant\frames_904bb4f22128_img3.jpg,6
..\image_labeling\data\labeled\irrelevant\frames_904bb4f22128_img2.jpg,..\image_labeling\data\labeled\irrelevant\frames_904bb4f22128_img3.jpg,4
..\image_labeling\data\labeled\irrelevant\frames_91d287190d4d_img1.jpg,..\image_labeling\data\labeled\irrelevant\frames_91d287190d4d_img2.jpg,4
..\image_labeling\data\labeled\irrelevant\frames_91d287190d4d_img1.jpg,..\image_labeling\data\labeled\irrelevant\frames_91d287190d4d_img3.jpg,8
..\image_labeling\data\labeled\irrelevant\frames_91d287190d4d_img2.jpg,..\image_labeling\data\labeled\irrelevant\frames_91d287190d4d_img3.jpg,6
..\image_labeling\data\labeled\irrelevant\frames_9358856cde13_img1.jpg,..\image_labeling\data\labeled\irrelevant\frames_9358856cde13_img2.jpg,2
..\image_labeling\data\labeled\irrelevant\frames_9358856cde13_img1.jpg,..\image_labeling\data\labeled\irrelevant\frames_9358856cde13_img3.jpg,2
..\image_labeling\data\labeled\irrelevant\frames_9358856cde13_img2.jpg,..\image_labeling\data\labeled\irrelevant\frames_9358856cde13_img3.jpg,0
..\image_labeling\data\labeled\irrelevant\frames_945c60f25b2c_img2.jpg,..\image_labeling\data\labeled\irrelevant\frames_945c60f25b2c_img3.jpg,0
..\image_labeling\data\labeled\irrelevant\frames_9595ba6b8c25_img1.jpg,..\image_labeling\data\labeled\irrelevant\frames_9595ba6b8c25_img2.jpg,6
..\image_labeling\data\labeled\irrelevant\frames_9595ba6b8c25_img1.jpg,..\image_labeling\data\labeled\irrelevant\frames_9595ba6b8c25_img3.jpg,8
..\image_labeling\data\labeled\irrelevant\frames_9595ba6b8c25_img2.jpg,..\image_labeling\data\labeled\irrelevant\frames_9595ba6b8c25_img3.jpg,4
..\image_labeling\data\labeled\irrelevant\frames_96f136a60edf_img2.jpg,..\image_labeling\data\labeled\irrelevant\frames_96f136a60edf_img3.jpg,2
..\image_labeling\data\labeled\irrelevant\frames_971fcd056504_img3.jpg,..\image_labeling\data\labeled\irrelevant\frames_c9245871bac7_img2.jpg,10
..\image_labeling\data\labeled\irrelevant\frames_98d9b7eadfc3_img1.jpg,..\image_labeling\data\labeled\irrelevant\frames_98d9b7eadfc3_img2.jpg,2
..\image_labeling\data\labeled\irrelevant\frames_98d9b7eadfc3_img1.jpg,..\image_labeling\data\labeled\irrelevant\frames_98d9b7eadfc3_img3.jpg,2
..\image_labeling\data\labeled\irrelevant\frames_98d9b7eadfc3_img2.jpg,..\image_labeling\data\labeled\irrelevant\frames_98d9b7eadfc3_img3.jpg,0
..\image_labeling\data\labeled\irrelevant\frames_9a0beb49688c_img2.jpg,..\image_labeling\data\labeled\irrelevant\frames_9a0beb49688c_img3.jpg,8
..\image_labeling\data\labeled\irrelevant\frames_9a3887445dee_img1.jpg,..\image_labeling\data\labeled\irrelevant\frames_9a3887445dee_img2.jpg,2
..\image_labeling\data\labeled\irrelevant\frames_9a3887445dee_img3.jpg,..\image_labeling\data\labeled\irrelevant\frames_9c4a8b5291c0_img3.jpg,0
..\image_labeling\data\labeled\irrelevant\frames_9adf54670b32_img2.jpg,..\image_labeling\data\labeled\irrelevant\frames_9adf54670b32_img3.jpg,4
..\image_labeling\data\labeled\irrelevant\frames_9afd5926530a_img1.jpg,..\image_labeling\data\labeled\irrelevant\frames_9afd5926530a_img3.jpg,4
..\image_labeling\data\labeled\irrelevant\frames_9c4a8b5291c0_img1.jpg,..\image_labeling\data\labeled\irrelevant\frames_9c4a8b5291c0_img2.jpg,0
..\image_labeling\data\labeled\irrelevant\frames_9c5b2391483c_img1.jpg,..\image_labeling\data\labeled\irrelevant\frames_9c5b2391483c_img2.jpg,2
..\image_labeling\data\labeled\irrelevant\frames_9c5b2391483c_img1.jpg,..\image_labeling\data\labeled\irrelevant\frames_9c5b2391483c_img3.jpg,2
..\image_labeling\data\labeled\irrelevant\frames_9c5b2391483c_img2.jpg,..\image_labeling\data\labeled\irrelevant\frames_9c5b2391483c_img3.jpg,2
..\image_labeling\data\labeled\irrelevant\frames_9ca1c2c705b6_img1.jpg,..\image_labeling\data\labeled\irrelevant\frames_9ca1c2c705b6_img3.jpg,6
..\image_labeling\data\labeled\irrelevant\frames_9ca1c2c705b6_img1.jpg,..\image_labeling\data\labeled\irrelevant\frames_f133b86ddbb3_img3.jpg,6
..\image_labeling\data\labeled\irrelevant\frames_9ca1c2c705b6_img1.jpg,..\image_labeling\data\labeled\irrelevant\raw_media_9ca1c2c705b6_img3.jpg,10
..\image_labeling\data\labeled\irrelevant\frames_9ca1c2c705b6_img1.jpg,..\image_labeling\data\labeled\irrelevant\raw_media_f133b86ddbb3_img3.jpg,10
..\image_labeling\data\labeled\irrelevant\frames_9ca1c2c705b6_img2.jpg,..\image_labeling\data\labeled\irrelevant\frames_9ca1c2c705b6_img3.jpg,10
..\image_labeling\data\labeled\irrelevant\frames_9ca1c2c705b6_img2.jpg,..\image_labeling\data\labeled\irrelevant\frames_f133b86ddbb3_img1.jpg,4
..\image_labeling\data\labeled\irrelevant\frames_9ca1c2c705b6_img2.jpg,..\image_labeling\data\labeled\irrelevant\frames_f133b86ddbb3_img3.jpg,6
..\image_labeling\data\labeled\irrelevant\frames_9ca1c2c705b6_img3.jpg,..\image_labeling\data\labeled\irrelevant\frames_f133b86ddbb3_img1.jpg,8
..\image_labeling\data\labeled\irrelevant\frames_9ca1c2c705b6_img3.jpg,..\image_labeling\data\labeled\irrelevant\frames_f133b86ddbb3_img3.jpg,6
..\image_labeling\data\labeled\irrelevant\frames_9ca1c2c705b6_img3.jpg,..\image_labeling\data\labeled\irrelevant\raw_media_9ca1c2c705b6_img3.jpg,6
..\image_labeling\data\labeled\irrelevant\frames_9ca1c2c705b6_img3.jpg,..\image_labeling\data\labeled\irrelevant\raw_media_f133b86ddbb3_img3.jpg,6
..\image_labeling\data\labeled\irrelevant\frames_9d230f35cae4_img1.jpg,..\image_labeling\data\labeled\irrelevant\frames_9d230f35cae4_img2.jpg,10
..\image_labeling\data\labeled\irrelevant\frames_9e20e77a0a26_img1.jpg,..\image_labeling\data\labeled\irrelevant\frames_9e20e77a0a26_img2.jpg,8
..\image_labeling\data\labeled\irrelevant\frames_a03ce854beda_img1.jpg,..\image_labeling\data\labeled\irrelevant\frames_a03ce854beda_img2.jpg,2
..\image_labeling\data\labeled\irrelevant\frames_a0820cfdc136_img1.jpg,..\image_labeling\data\labeled\irrelevant\frames_a0820cfdc136_img2.jpg,6
..\image_labeling\data\labeled\irrelevant\frames_a2081f4b78d8_img1.jpg,..\image_labeling\data\labeled\irrelevant\frames_a2081f4b78d8_img2.jpg,0
..\image_labeling\data\labeled\irrelevant\frames_a2081f4b78d8_img1.jpg,..\image_labeling\data\labeled\irrelevant\frames_a2081f4b78d8_img3.jpg,0
..\image_labeling\data\labeled\irrelevant\frames_a2081f4b78d8_img2.jpg,..\image_labeling\data\labeled\irrelevant\frames_a2081f4b78d8_img3.jpg,0
..\image_labeling\data\labeled\irrelevant\frames_a2f0f2d0d895_img1.jpg,..\image_labeling\data\labeled\irrelevant\frames_a2f0f2d0d895_img2.jpg,4
..\image_labeling\data\labeled\irrelevant\frames_a2f0f2d0d895_img1.jpg,..\image_labeling\data\labeled\irrelevant\frames_a2f0f2d0d895_img3.jpg,10
..\image_labeling\data\labeled\irrelevant\frames_a3c65523d01c_img1.jpg,..\image_labeling\data\labeled\irrelevant\frames_a3c65523d01c_img2.jpg,4
..\image_labeling\data\labeled\irrelevant\frames_a3c65523d01c_img1.jpg,..\image_labeling\data\labeled\irrelevant\frames_a3c65523d01c_img3.jpg,6
..\image_labeling\data\labeled\irrelevant\frames_a3c65523d01c_img2.jpg,..\image_labeling\data\labeled\irrelevant\frames_a3c65523d01c_img3.jpg,2
..\image_labeling\data\labeled\irrelevant\frames_a4b41ccb4597_img1.jpg,..\image_labeling\data\labeled\irrelevant\frames_a4b41ccb4597_img2.jpg,6
..\image_labeling\data\labeled\irrelevant\frames_a4b41ccb4597_img1.jpg,..\image_labeling\data\labeled\irrelevant\frames_a4b41ccb4597_img3.jpg,4
..\image_labeling\data\labeled\irrelevant\frames_a4b41ccb4597_img2.jpg,..\image_labeling\data\labeled\irrelevant\frames_a4b41ccb4597_img3.jpg,10
..\image_labeling\data\labeled\irrelevant\frames_a76d46fe8543_img1.jpg,..\image_labeling\data\labeled\irrelevant\frames_a76d46fe8543_img2.jpg,2
..\image_labeling\data\labeled\irrelevant\frames_a76d46fe8543_img1.jpg,..\image_labeling\data\labeled\irrelevant\frames_a76d46fe8543_img3.jpg,4
..\image_labeling\data\labeled\irrelevant\frames_a76d46fe8543_img2.jpg,..\image_labeling\data\labeled\irrelevant\frames_a76d46fe8543_img3.jpg,2
..\image_labeling\data\labeled\irrelevant\frames_a7dd5992df05_img1.jpg,..\image_labeling\data\labeled\irrelevant\frames_a7dd5992df05_img3.jpg,10
..\image_labeling\data\labeled\irrelevant\frames_a7dd5992df05_img1.jpg,..\image_labeling\data\labeled\irrelevant\frames_fe8d23cd19fe_img2.jpg,2
..\image_labeling\data\labeled\irrelevant\frames_a7dd5992df05_img1.jpg,..\image_labeling\data\labeled\irrelevant\frames_fe8d23cd19fe_img3.jpg,10
..\image_labeling\data\labeled\irrelevant\frames_a7dd5992df05_img2.jpg,..\image_labeling\data\labeled\irrelevant\frames_a7dd5992df05_img3.jpg,8
..\image_labeling\data\labeled\irrelevant\frames_a7dd5992df05_img2.jpg,..\image_labeling\data\labeled\irrelevant\frames_fe8d23cd19fe_img3.jpg,8
..\image_labeling\data\labeled\irrelevant\frames_a7dd5992df05_img3.jpg,..\image_labeling\data\labeled\irrelevant\frames_fe8d23cd19fe_img2.jpg,10
..\image_labeling\data\labeled\irrelevant\frames_a7dd5992df05_img3.jpg,..\image_labeling\data\labeled\irrelevant\frames_fe8d23cd19fe_img3.jpg,4
..\image_labeling\data\labeled\irrelevant\frames_a824fe736340_img1.jpg,..\image_labeling\data\labeled\irrelevant\frames_f4b330a8133f_img1.jpg,10
..\image_labeling\data\labeled\irrelevant\frames_a824fe736340_img1.jpg,..\image_labeling\data\labeled\irrelevant\frames_f4b330a8133f_img2.jpg,10
..\image_labeling\data\labeled\irrelevant\frames_a824fe736340_img2.jpg,..\image_labeling\data\labeled\irrelevant\frames_a824fe736340_img3.jpg,2
..\image_labeling\data\labeled\irrelevant\frames_a8311b0749cd_img1.jpg,..\image_labeling\data\labeled\irrelevant\frames_a8311b0749cd_img2.jpg,2
..\image_labeling\data\labeled\irrelevant\frames_a8311b0749cd_img1.jpg,..\image_labeling\data\labeled\irrelevant\frames_a8311b0749cd_img3.jpg,2
..\image_labeling\data\labeled\irrelevant\frames_a8311b0749cd_img2.jpg,..\image_labeling\data\labeled\irrelevant\frames_a8311b0749cd_img3.jpg,0
..\image_labeling\data\labeled\irrelevant\frames_a937658f61bd_img1.jpg,..\image_labeling\data\labeled\irrelevant\frames_a937658f61bd_img2.jpg,4
..\image_labeling\data\labeled\irrelevant\frames_a97e87582dbb_img1.jpg,..\image_labeling\data\labeled\irrelevant\frames_a97e87582dbb_img2.jpg,2
..\image_labeling\data\labeled\irrelevant\frames_a97e87582dbb_img1.jpg,..\image_labeling\data\labeled\irrelevant\frames_a97e87582dbb_img3.jpg,8
..\image_labeling\data\labeled\irrelevant\frames_a97e87582dbb_img2.jpg,..\image_labeling\data\labeled\irrelevant\frames_a97e87582dbb_img3.jpg,10
..\image_labeling\data\labeled\irrelevant\frames_aa424a0c03dd_img2.jpg,..\image_labeling\data\labeled\irrelevant\frames_aa424a0c03dd_img3.jpg,4
..\image_labeling\data\labeled\irrelevant\frames_aac17cf6fb8d_img1.jpg,..\image_labeling\data\labeled\irrelevant\frames_aac17cf6fb8d_img2.jpg,2
..\image_labeling\data\labeled\irrelevant\frames_aac17cf6fb8d_img1.jpg,..\image_labeling\data\labeled\irrelevant\frames_aac17cf6fb8d_img3.jpg,2
..\image_labeling\data\labeled\irrelevant\frames_aac17cf6fb8d_img2.jpg,..\image_labeling\data\labeled\irrelevant\frames_aac17cf6fb8d_img3.jpg,2
..\image_labeling\data\labeled\irrelevant\frames_ac501a5949e6_img1.jpg,..\image_labeling\data\labeled\irrelevant\frames_ac501a5949e6_img2.jpg,4
..\image_labeling\data\labeled\irrelevant\frames_ad7ae1b9e8a6_img1.jpg,..\image_labeling\data\labeled\irrelevant\frames_ad7ae1b9e8a6_img2.jpg,6
..\image_labeling\data\labeled\irrelevant\frames_ad7ae1b9e8a6_img1.jpg,..\image_labeling\data\labeled\irrelevant\frames_ad7ae1b9e8a6_img3.jpg,2
..\image_labeling\data\labeled\irrelevant\frames_ad7ae1b9e8a6_img2.jpg,..\image_labeling\data\labeled\irrelevant\frames_ad7ae1b9e8a6_img3.jpg,4
..\image_labeling\data\labeled\irrelevant\frames_ae4c13c211fc_img1.jpg,..\image_labeling\data\labeled\irrelevant\frames_ae4c13c211fc_img2.jpg,2
..\image_labeling\data\labeled\irrelevant\frames_ae4c13c211fc_img1.jpg,..\image_labeling\data\labeled\irrelevant\frames_ae4c13c211fc_img3.jpg,6
..\image_labeling\data\labeled\irrelevant\frames_ae4c13c211fc_img2.jpg,..\image_labeling\data\labeled\irrelevant\frames_ae4c13c211fc_img3.jpg,6
..\image_labeling\data\labeled\irrelevant\frames_ae6051f16d3a_img1.jpg,..\image_labeling\data\labeled\irrelevant\frames_ae6051f16d3a_img2.jpg,0
..\image_labeling\data\labeled\irrelevant\frames_ae63aa982cb5_img1.jpg,..\image_labeling\data\labeled\irrelevant\frames_ae63aa982cb5_img2.jpg,2
..\image_labeling\data\labeled\irrelevant\frames_afbef2dfaf9d_img1.jpg,..\image_labeling\data\labeled\irrelevant\frames_afbef2dfaf9d_img3.jpg,10
..\image_labeling\data\labeled\irrelevant\frames_afbef2dfaf9d_img2.jpg,..\image_labeling\data\labeled\irrelevant\frames_afbef2dfaf9d_img3.jpg,2
..\image_labeling\data\labeled\irrelevant\frames_afee714ad9bd_img1.jpg,..\image_labeling\data\labeled\irrelevant\frames_afee714ad9bd_img2.jpg,6
..\image_labeling\data\labeled\irrelevant\frames_afee714ad9bd_img1.jpg,..\image_labeling\data\labeled\irrelevant\frames_afee714ad9bd_img3.jpg,4
..\image_labeling\data\labeled\irrelevant\frames_afee714ad9bd_img2.jpg,..\image_labeling\data\labeled\irrelevant\frames_afee714ad9bd_img3.jpg,2
..\image_labeling\data\labeled\irrelevant\frames_b01152ef526d_img1.jpg,..\image_labeling\data\labeled\irrelevant\frames_b01152ef526d_img2.jpg,6
..\image_labeling\data\labeled\irrelevant\frames_b01152ef526d_img1.jpg,..\image_labeling\data\labeled\irrelevant\frames_b01152ef526d_img3.jpg,6
..\image_labeling\data\labeled\irrelevant\frames_b01152ef526d_img2.jpg,..\image_labeling\data\labeled\irrelevant\frames_b01152ef526d_img3.jpg,0
..\image_labeling\data\labeled\irrelevant\frames_b09d31690972_img1.jpg,..\image_labeling\data\labeled\irrelevant\frames_b09d31690972_img2.jpg,2
..\image_labeling\data\labeled\irrelevant\frames_b09d31690972_img1.jpg,..\image_labeling\data\labeled\irrelevant\frames_b09d31690972_img3.jpg,4
..\image_labeling\data\labeled\irrelevant\frames_b09d31690972_img2.jpg,..\image_labeling\data\labeled\irrelevant\frames_b09d31690972_img3.jpg,2
..\image_labeling\data\labeled\irrelevant\frames_b119ba8785b4_img1.jpg,..\image_labeling\data\labeled\irrelevant\frames_b119ba8785b4_img2.jpg,4
..\image_labeling\data\labeled\irrelevant\frames_b16870827ff3_img1.jpg,..\image_labeling\data\labeled\irrelevant\frames_b16870827ff3_img3.jpg,10
..\image_labeling\data\labeled\irrelevant\frames_b16870827ff3_img2.jpg,..\image_labeling\data\labeled\irrelevant\frames_b16870827ff3_img3.jpg,4
..\image_labeling\data\labeled\irrelevant\frames_b24bb09cd718_img1.jpg,..\image_labeling\data\labeled\irrelevant\frames_b24bb09cd718_img2.jpg,6
..\image_labeling\data\labeled\irrelevant\frames_b24bb09cd718_img1.jpg,..\image_labeling\data\labeled\irrelevant\frames_b24bb09cd718_img3.jpg,10
..\image_labeling\data\labeled\irrelevant\frames_b24bb09cd718_img2.jpg,..\image_labeling\data\labeled\irrelevant\frames_b24bb09cd718_img3.jpg,4
..\image_labeling\data\labeled\irrelevant\frames_b255019e42c9_img1.jpg,..\image_labeling\data\labeled\irrelevant\frames_b255019e42c9_img2.jpg,2
..\image_labeling\data\labeled\irrelevant\frames_b255019e42c9_img1.jpg,..\image_labeling\data\labeled\irrelevant\frames_b255019e42c9_img3.jpg,8
..\image_labeling\data\labeled\irrelevant\frames_b255019e42c9_img2.jpg,..\image_labeling\data\labeled\irrelevant\frames_b255019e42c9_img3.jpg,6
..\image_labeling\data\labeled\irrelevant\frames_b4acda626568_img1.jpg,..\image_labeling\data\labeled\irrelevant\frames_b4acda626568_img2.jpg,6
..\image_labeling\data\labeled\irrelevant\frames_b4acda626568_img1.jpg,..\image_labeling\data\labeled\irrelevant\frames_b4acda626568_img3.jpg,4
..\image_labeling\data\labeled\irrelevant\frames_b4acda626568_img2.jpg,..\image_labeling\data\labeled\irrelevant\frames_b4acda626568_img3.jpg,8
..\image_labeling\data\labeled\irrelevant\frames_b4f829d2a201_img1.jpg,..\image_labeling\data\labeled\irrelevant\frames_b4f829d2a201_img2.jpg,8
..\image_labeling\data\labeled\irrelevant\frames_b654a2a1a1a8_img1.jpg,..\image_labeling\data\labeled\irrelevant\frames_b654a2a1a1a8_img2.jpg,0
..\image_labeling\data\labeled\irrelevant\frames_b654a2a1a1a8_img1.jpg,..\image_labeling\data\labeled\irrelevant\frames_b654a2a1a1a8_img3.jpg,10
..\image_labeling\data\labeled\irrelevant\frames_b654a2a1a1a8_img2.jpg,..\image_labeling\data\labeled\irrelevant\frames_b654a2a1a1a8_img3.jpg,10
..\image_labeling\data\labeled\irrelevant\frames_b7dc80b54e33_img2.jpg,..\image_labeling\data\labeled\irrelevant\frames_b7dc80b54e33_img3.jpg,4
..\image_labeling\data\labeled\irrelevant\frames_b9f9c7c55a79_img1.jpg,..\image_labeling\data\labeled\irrelevant\frames_b9f9c7c55a79_img2.jpg,8
..\image_labeling\data\labeled\irrelevant\frames_ba101b483b13_img1.jpg,..\image_labeling\data\labeled\irrelevant\frames_ba101b483b13_img2.jpg,10
..\image_labeling\data\labeled\irrelevant\frames_ba101b483b13_img2.jpg,..\image_labeling\data\labeled\irrelevant\frames_ba101b483b13_img3.jpg,2
..\image_labeling\data\labeled\irrelevant\frames_bd2518755f3a_img1.jpg,..\image_labeling\data\labeled\irrelevant\frames_bd2518755f3a_img2.jpg,4
..\image_labeling\data\labeled\irrelevant\frames_bd2518755f3a_img1.jpg,..\image_labeling\data\labeled\irrelevant\frames_bd2518755f3a_img3.jpg,8
..\image_labeling\data\labeled\irrelevant\frames_bd2518755f3a_img2.jpg,..\image_labeling\data\labeled\irrelevant\frames_bd2518755f3a_img3.jpg,4
..\image_labeling\data\labeled\irrelevant\frames_be7b85850d66_img2.jpg,..\image_labeling\data\labeled\irrelevant\frames_be7b85850d66_img3.jpg,10
..\image_labeling\data\labeled\irrelevant\frames_bf2769bcb8c0_img2.jpg,..\image_labeling\data\labeled\irrelevant\frames_bf2769bcb8c0_img3.jpg,10
..\image_labeling\data\labeled\irrelevant\frames_c05a32c7490a_img1.jpg,..\image_labeling\data\labeled\irrelevant\frames_c05a32c7490a_img2.jpg,8
..\image_labeling\data\labeled\irrelevant\frames_c05a32c7490a_img1.jpg,..\image_labeling\data\labeled\irrelevant\frames_c05a32c7490a_img3.jpg,6
..\image_labeling\data\labeled\irrelevant\frames_c05a32c7490a_img1.jpg,..\image_labeling\data\labeled\irrelevant\frames_e0e913304a42_img1.jpg,2
..\image_labeling\data\labeled\irrelevant\frames_c05a32c7490a_img1.jpg,..\image_labeling\data\labeled\irrelevant\frames_e0e913304a42_img2.jpg,6
..\image_labeling\data\labeled\irrelevant\frames_c05a32c7490a_img1.jpg,..\image_labeling\data\labeled\irrelevant\frames_e0e913304a42_img3.jpg,2
..\image_labeling\data\labeled\irrelevant\frames_c05a32c7490a_img2.jpg,..\image_labeling\data\labeled\irrelevant\frames_c05a32c7490a_img3.jpg,4
..\image_labeling\data\labeled\irrelevant\frames_c05a32c7490a_img2.jpg,..\image_labeling\data\labeled\irrelevant\frames_e0e913304a42_img1.jpg,10
..\image_labeling\data\labeled\irrelevant\frames_c05a32c7490a_img2.jpg,..\image_labeling\data\labeled\irrelevant\frames_e0e913304a42_img2.jpg,2
..\image_labeling\data\labeled\irrelevant\frames_c05a32c7490a_img2.jpg,..\image_labeling\data\labeled\irrelevant\frames_e0e913304a42_img3.jpg,8
..\image_labeling\data\labeled\irrelevant\frames_c05a32c7490a_img3.jpg,..\image_labeling\data\labeled\irrelevant\frames_e0e913304a42_img1.jpg,8
..\image_labeling\data\labeled\irrelevant\frames_c05a32c7490a_img3.jpg,..\image_labeling\data\labeled\irrelevant\frames_e0e913304a42_img2.jpg,2
..\image_labeling\data\labeled\irrelevant\frames_c05a32c7490a_img3.jpg,..\image_labeling\data\labeled\irrelevant\frames_e0e913304a42_img3.jpg,6
..\image_labeling\data\labeled\irrelevant\frames_c098bc439774_img1.jpg,..\image_labeling\data\labeled\irrelevant\frames_ee5ac0f491c5_img1.jpg,6
..\image_labeling\data\labeled\irrelevant\frames_c098bc439774_img1.jpg,..\image_labeling\data\labeled\irrelevant\frames_ee5ac0f491c5_img2.jpg,10
..\image_labeling\data\labeled\irrelevant\frames_c098bc439774_img2.jpg,..\image_labeling\data\labeled\irrelevant\frames_c098bc439774_img3.jpg,4
..\image_labeling\data\labeled\irrelevant\frames_c17d60b4cbba_img1.jpg,..\image_labeling\data\labeled\irrelevant\frames_c17d60b4cbba_img2.jpg,4
..\image_labeling\data\labeled\irrelevant\frames_c17d60b4cbba_img1.jpg,..\image_labeling\data\labeled\irrelevant\frames_c17d60b4cbba_img3.jpg,10
..\image_labeling\data\labeled\irrelevant\frames_c17d60b4cbba_img2.jpg,..\image_labeling\data\labeled\irrelevant\frames_c17d60b4cbba_img3.jpg,6
..\image_labeling\data\labeled\irrelevant\frames_c1ac7b23a11f_img1.jpg,..\image_labeling\data\labeled\irrelevant\frames_c1ac7b23a11f_img2.jpg,4
..\image_labeling\data\labeled\irrelevant\frames_c29bb71e42be_img1.jpg,..\image_labeling\data\labeled\irrelevant\frames_c29bb71e42be_img2.jpg,2
..\image_labeling\data\labeled\irrelevant\frames_c29bb71e42be_img1.jpg,..\image_labeling\data\labeled\irrelevant\frames_c29bb71e42be_img3.jpg,8
..\image_labeling\data\labeled\irrelevant\frames_c29bb71e42be_img2.jpg,..\image_labeling\data\labeled\irrelevant\frames_c29bb71e42be_img3.jpg,6
..\image_labeling\data\labeled\irrelevant\frames_c56a03fc4e6e_img1.jpg,..\image_labeling\data\labeled\irrelevant\frames_c56a03fc4e6e_img2.jpg,10
..\image_labeling\data\labeled\irrelevant\frames_c56a03fc4e6e_img2.jpg,..\image_labeling\data\labeled\irrelevant\frames_c56a03fc4e6e_img3.jpg,4
..\image_labeling\data\labeled\irrelevant\frames_c72c11ffc71e_img2.jpg,..\image_labeling\data\labeled\irrelevant\frames_c72c11ffc71e_img3.jpg,6
..\image_labeling\data\labeled\irrelevant\frames_c7dbe9c64fe7_img1.jpg,..\image_labeling\data\labeled\irrelevant\frames_c7dbe9c64fe7_img2.jpg,2
..\image_labeling\data\labeled\irrelevant\frames_c7dbe9c64fe7_img1.jpg,..\image_labeling\data\labeled\irrelevant\frames_c7dbe9c64fe7_img3.jpg,10
..\image_labeling\data\labeled\irrelevant\frames_c7dbe9c64fe7_img2.jpg,..\image_labeling\data\labeled\irrelevant\frames_c7dbe9c64fe7_img3.jpg,10
..\image_labeling\data\labeled\irrelevant\frames_c8350785a7ca_img1.jpg,..\image_labeling\data\labeled\irrelevant\frames_c8350785a7ca_img2.jpg,0
..\image_labeling\data\labeled\irrelevant\frames_c8350785a7ca_img1.jpg,..\image_labeling\data\labeled\irrelevant\frames_c8350785a7ca_img3.jpg,0
..\image_labeling\data\labeled\irrelevant\frames_c8350785a7ca_img1.jpg,..\image_labeling\data\labeled\irrelevant\raw_media_c8350785a7ca_img2.jpg,0
..\image_labeling\data\labeled\irrelevant\frames_c8350785a7ca_img2.jpg,..\image_labeling\data\labeled\irrelevant\frames_c8350785a7ca_img3.jpg,0
..\image_labeling\data\labeled\irrelevant\frames_c8350785a7ca_img2.jpg,..\image_labeling\data\labeled\irrelevant\raw_media_c8350785a7ca_img2.jpg,0
..\image_labeling\data\labeled\irrelevant\frames_c8350785a7ca_img3.jpg,..\image_labeling\data\labeled\irrelevant\raw_media_c8350785a7ca_img2.jpg,0
..\image_labeling\data\labeled\irrelevant\frames_c9478c40c9a3_img2.jpg,..\image_labeling\data\labeled\irrelevant\frames_c9478c40c9a3_img3.jpg,2
..\image_labeling\data\labeled\irrelevant\frames_c970213cd18d_img2.jpg,..\image_labeling\data\labeled\irrelevant\frames_c970213cd18d_img3.jpg,6
..\image_labeling\data\labeled\irrelevant\frames_ca93ccb2f7fd_img1.jpg,..\image_labeling\data\labeled\irrelevant\frames_ca93ccb2f7fd_img2.jpg,8
..\image_labeling\data\labeled\irrelevant\frames_cc1bd068a81b_img2.jpg,..\image_labeling\data\labeled\irrelevant\frames_cc1bd068a81b_img3.jpg,6
..\image_labeling\data\labeled\irrelevant\frames_cc4ea7e733af_img1.jpg,..\image_labeling\data\labeled\irrelevant\frames_cc4ea7e733af_img2.jpg,4
..\image_labeling\data\labeled\irrelevant\frames_cc4ea7e733af_img1.jpg,..\image_labeling\data\labeled\irrelevant\frames_cc4ea7e733af_img3.jpg,4
..\image_labeling\data\labeled\irrelevant\frames_cc4ea7e733af_img2.jpg,..\image_labeling\data\labeled\irrelevant\frames_cc4ea7e733af_img3.jpg,2
..\image_labeling\data\labeled\irrelevant\frames_ccd5dbc96a2e_img1.jpg,..\image_labeling\data\labeled\irrelevant\frames_ccd5dbc96a2e_img2.jpg,0
..\image_labeling\data\labeled\irrelevant\frames_ccd5dbc96a2e_img1.jpg,..\image_labeling\data\labeled\irrelevant\frames_ccd5dbc96a2e_img3.jpg,8
..\image_labeling\data\labeled\irrelevant\frames_ccd5dbc96a2e_img2.jpg,..\image_labeling\data\labeled\irrelevant\frames_ccd5dbc96a2e_img3.jpg,8
..\image_labeling\data\labeled\irrelevant\frames_cd80830f88c0_img1.jpg,..\image_labeling\data\labeled\irrelevant\frames_cd80830f88c0_img2.jpg,2
..\image_labeling\data\labeled\irrelevant\frames_cd80830f88c0_img1.jpg,..\image_labeling\data\labeled\irrelevant\frames_feca96b7aafa_img1.jpg,2
..\image_labeling\data\labeled\irrelevant\frames_cd80830f88c0_img2.jpg,..\image_labeling\data\labeled\irrelevant\frames_feca96b7aafa_img1.jpg,4
..\image_labeling\data\labeled\irrelevant\frames_cd80830f88c0_img3.jpg,..\image_labeling\data\labeled\irrelevant\frames_feca96b7aafa_img3.jpg,2
..\image_labeling\data\labeled\irrelevant\frames_cefc53b3e4f0_img2.jpg,..\image_labeling\data\labeled\irrelevant\frames_cefc53b3e4f0_img3.jpg,0
..\image_labeling\data\labeled\irrelevant\frames_cff1767ae991_img1.jpg,..\image_labeling\data\labeled\irrelevant\frames_cff1767ae991_img2.jpg,6
..\image_labeling\data\labeled\irrelevant\frames_cff1767ae991_img2.jpg,..\image_labeling\data\labeled\irrelevant\frames_cff1767ae991_img3.jpg,10
..\image_labeling\data\labeled\irrelevant\frames_d111fe24c431_img1.jpg,..\image_labeling\data\labeled\irrelevant\frames_d111fe24c431_img2.jpg,10
..\image_labeling\data\labeled\irrelevant\frames_d111fe24c431_img2.jpg,..\image_labeling\data\labeled\irrelevant\frames_d111fe24c431_img3.jpg,4
..\image_labeling\data\labeled\irrelevant\frames_d23e71091d78_img1.jpg,..\image_labeling\data\labeled\irrelevant\frames_d23e71091d78_img2.jpg,4
..\image_labeling\data\labeled\irrelevant\frames_d327b54be708_img2.jpg,..\image_labeling\data\labeled\irrelevant\frames_d327b54be708_img3.jpg,10
..\image_labeling\data\labeled\irrelevant\frames_d3c694e6d26d_img1.jpg,..\image_labeling\data\labeled\irrelevant\frames_d3c694e6d26d_img2.jpg,0
..\image_labeling\data\labeled\irrelevant\frames_d3c694e6d26d_img1.jpg,..\image_labeling\data\labeled\irrelevant\frames_d3c694e6d26d_img3.jpg,2
..\image_labeling\data\labeled\irrelevant\frames_d3c694e6d26d_img2.jpg,..\image_labeling\data\labeled\irrelevant\frames_d3c694e6d26d_img3.jpg,2
..\image_labeling\data\labeled\irrelevant\frames_d52aa48d4188_img2.jpg,..\image_labeling\data\labeled\irrelevant\frames_d52aa48d4188_img3.jpg,8
..\image_labeling\data\labeled\irrelevant\frames_d5efc3140d7a_img2.jpg,..\image_labeling\data\labeled\irrelevant\frames_d5efc3140d7a_img3.jpg,4
..\image_labeling\data\labeled\irrelevant\frames_d5f2e70618b1_img1.jpg,..\image_labeling\data\labeled\irrelevant\frames_d5f2e70618b1_img2.jpg,0
..\image_labeling\data\labeled\irrelevant\frames_d5f2e70618b1_img1.jpg,..\image_labeling\data\labeled\irrelevant\frames_d5f2e70618b1_img3.jpg,8
..\image_labeling\data\labeled\irrelevant\frames_d5f2e70618b1_img2.jpg,..\image_labeling\data\labeled\irrelevant\frames_d5f2e70618b1_img3.jpg,8
..\image_labeling\data\labeled\irrelevant\frames_d632d8c75756_img1.jpg,..\image_labeling\data\labeled\irrelevant\frames_d632d8c75756_img2.jpg,2
..\image_labeling\data\labeled\irrelevant\frames_d632d8c75756_img1.jpg,..\image_labeling\data\labeled\irrelevant\frames_d632d8c75756_img3.jpg,6
..\image_labeling\data\labeled\irrelevant\frames_d632d8c75756_img2.jpg,..\image_labeling\data\labeled\irrelevant\frames_d632d8c75756_img3.jpg,4
..\image_labeling\data\labeled\irrelevant\frames_d68358bdbcc9_img3.jpg,..\image_labeling\data\labeled\irrelevant\frames_fa8e1d1a2277_img3.jpg,2
..\image_labeling\data\labeled\irrelevant\frames_d6916f8ee521_img1.jpg,..\image_labeling\data\labeled\irrelevant\frames_d6916f8ee521_img2.jpg,2
..\image_labeling\data\labeled\irrelevant\frames_d6916f8ee521_img1.jpg,..\image_labeling\data\labeled\irrelevant\frames_d6916f8ee521_img3.jpg,8
..\image_labeling\data\labeled\irrelevant\frames_d6916f8ee521_img2.jpg,..\image_labeling\data\labeled\irrelevant\frames_d6916f8ee521_img3.jpg,8
..\image_labeling\data\labeled\irrelevant\frames_d75bdd4e88a9_img1.jpg,..\image_labeling\data\labeled\irrelevant\frames_e0b54b6b11b7_img1.jpg,4
..\image_labeling\data\labeled\irrelevant\frames_d7e35312dd4c_img1.jpg,..\image_labeling\data\labeled\irrelevant\frames_d7e35312dd4c_img2.jpg,4
..\image_labeling\data\labeled\irrelevant\frames_d7e35312dd4c_img1.jpg,..\image_labeling\data\labeled\irrelevant\frames_d7e35312dd4c_img3.jpg,4
..\image_labeling\data\labeled\irrelevant\frames_d7e35312dd4c_img2.jpg,..\image_labeling\data\labeled\irrelevant\frames_d7e35312dd4c_img3.jpg,2
..\image_labeling\data\labeled\irrelevant\frames_dad6b13412e4_img1.jpg,..\image_labeling\data\labeled\irrelevant\frames_dad6b13412e4_img2.jpg,4
..\image_labeling\data\labeled\irrelevant\frames_dad6b13412e4_img1.jpg,..\image_labeling\data\labeled\irrelevant\frames_dad6b13412e4_img3.jpg,6
..\image_labeling\data\labeled\irrelevant\frames_dad6b13412e4_img2.jpg,..\image_labeling\data\labeled\irrelevant\frames_dad6b13412e4_img3.jpg,6
..\image_labeling\data\labeled\irrelevant\frames_dc06a0997f95_img1.jpg,..\image_labeling\data\labeled\irrelevant\frames_dc06a0997f95_img2.jpg,0
..\image_labeling\data\labeled\irrelevant\frames_dc06a0997f95_img1.jpg,..\image_labeling\data\labeled\irrelevant\frames_dc06a0997f95_img3.jpg,0
..\image_labeling\data\labeled\irrelevant\frames_dc06a0997f95_img2.jpg,..\image_labeling\data\labeled\irrelevant\frames_dc06a0997f95_img3.jpg,0
..\image_labeling\data\labeled\irrelevant\frames_ddeabd90bd9e_img1.jpg,..\image_labeling\data\labeled\irrelevant\frames_ddeabd90bd9e_img2.jpg,4
..\image_labeling\data\labeled\irrelevant\frames_de031797d8dd_img1.jpg,..\image_labeling\data\labeled\irrelevant\frames_de031797d8dd_img2.jpg,10
..\image_labeling\data\labeled\irrelevant\frames_de031797d8dd_img1.jpg,..\image_labeling\data\labeled\irrelevant\frames_e1072b158baa_img1.jpg,4
..\image_labeling\data\labeled\irrelevant\frames_de031797d8dd_img1.jpg,..\image_labeling\data\labeled\irrelevant\frames_e1072b158baa_img2.jpg,0
..\image_labeling\data\labeled\irrelevant\frames_de031797d8dd_img2.jpg,..\image_labeling\data\labeled\irrelevant\frames_e1072b158baa_img1.jpg,10
..\image_labeling\data\labeled\irrelevant\frames_de031797d8dd_img2.jpg,..\image_labeling\data\labeled\irrelevant\frames_e1072b158baa_img2.jpg,10
..\image_labeling\data\labeled\irrelevant\frames_dff767c53a0d_img1.jpg,..\image_labeling\data\labeled\irrelevant\frames_dff767c53a0d_img2.jpg,2
..\image_labeling\data\labeled\irrelevant\frames_dff767c53a0d_img1.jpg,..\image_labeling\data\labeled\irrelevant\frames_dff767c53a0d_img3.jpg,4
..\image_labeling\data\labeled\irrelevant\frames_dff767c53a0d_img1.jpg,..\image_labeling\data\labeled\irrelevant\frames_e8bc7fc15eab_img1.jpg,2
..\image_labeling\data\labeled\irrelevant\frames_dff767c53a0d_img1.jpg,..\image_labeling\data\labeled\irrelevant\frames_e8bc7fc15eab_img2.jpg,4
..\image_labeling\data\labeled\irrelevant\frames_dff767c53a0d_img1.jpg,..\image_labeling\data\labeled\irrelevant\frames_e8bc7fc15eab_img3.jpg,4
..\image_labeling\data\labeled\irrelevant\frames_dff767c53a0d_img2.jpg,..\image_labeling\data\labeled\irrelevant\frames_dff767c53a0d_img3.jpg,2
..\image_labeling\data\labeled\irrelevant\frames_dff767c53a0d_img2.jpg,..\image_labeling\data\labeled\irrelevant\frames_e8bc7fc15eab_img1.jpg,2
..\image_labeling\data\labeled\irrelevant\frames_dff767c53a0d_img2.jpg,..\image_labeling\data\labeled\irrelevant\frames_e8bc7fc15eab_img2.jpg,2
..\image_labeling\data\labeled\irrelevant\frames_dff767c53a0d_img2.jpg,..\image_labeling\data\labeled\irrelevant\frames_e8bc7fc15eab_img3.jpg,2
..\image_labeling\data\labeled\irrelevant\frames_dff767c53a0d_img3.jpg,..\image_labeling\data\labeled\irrelevant\frames_e8bc7fc15eab_img1.jpg,4
..\image_labeling\data\labeled\irrelevant\frames_dff767c53a0d_img3.jpg,..\image_labeling\data\labeled\irrelevant\frames_e8bc7fc15eab_img2.jpg,2
..\image_labeling\data\labeled\irrelevant\frames_dff767c53a0d_img3.jpg,..\image_labeling\data\labeled\irrelevant\frames_e8bc7fc15eab_img3.jpg,0
..\image_labeling\data\labeled\irrelevant\frames_e06b047752a8_img1.jpg,..\image_labeling\data\labeled\irrelevant\frames_e06b047752a8_img2.jpg,10
..\image_labeling\data\labeled\irrelevant\frames_e0d7cbacc599_img2.jpg,..\image_labeling\data\labeled\irrelevant\frames_e0d7cbacc599_img3.jpg,0
..\image_labeling\data\labeled\irrelevant\frames_e0d7cbacc599_img2.jpg,..\image_labeling\data\labeled\irrelevant\frames_eee869eb1595_img3.jpg,8
..\image_labeling\data\labeled\irrelevant\frames_e0d7cbacc599_img3.jpg,..\image_labeling\data\labeled\irrelevant\frames_eee869eb1595_img3.jpg,8
..\image_labeling\data\labeled\irrelevant\frames_e0e913304a42_img1.jpg,..\image_labeling\data\labeled\irrelevant\frames_e0e913304a42_img2.jpg,8
..\image_labeling\data\labeled\irrelevant\frames_e0e913304a42_img1.jpg,..\image_labeling\data\labeled\irrelevant\frames_e0e913304a42_img3.jpg,2
..\image_labeling\data\labeled\irrelevant\frames_e0e913304a42_img2.jpg,..\image_labeling\data\labeled\irrelevant\frames_e0e913304a42_img3.jpg,6
..\image_labeling\data\labeled\irrelevant\frames_e1072b158baa_img1.jpg,..\image_labeling\data\labeled\irrelevant\frames_e1072b158baa_img2.jpg,4
..\image_labeling\data\labeled\irrelevant\frames_e250165ff58e_img1.jpg,..\image_labeling\data\labeled\irrelevant\frames_e250165ff58e_img2.jpg,10
..\image_labeling\data\labeled\irrelevant\frames_e250165ff58e_img1.jpg,..\image_labeling\data\labeled\irrelevant\frames_e250165ff58e_img3.jpg,2
..\image_labeling\data\labeled\irrelevant\frames_e250165ff58e_img2.jpg,..\image_labeling\data\labeled\irrelevant\frames_e250165ff58e_img3.jpg,8
..\image_labeling\data\labeled\irrelevant\frames_e2ee59af0af9_img1.jpg,..\image_labeling\data\labeled\irrelevant\frames_e2ee59af0af9_img2.jpg,6
..\image_labeling\data\labeled\irrelevant\frames_e2ee59af0af9_img1.jpg,..\image_labeling\data\labeled\irrelevant\frames_e2ee59af0af9_img3.jpg,4
..\image_labeling\data\labeled\irrelevant\frames_e2ee59af0af9_img2.jpg,..\image_labeling\data\labeled\irrelevant\frames_e2ee59af0af9_img3.jpg,6
..\image_labeling\data\labeled\irrelevant\frames_e3443d2ecd0a_img1.jpg,..\image_labeling\data\labeled\irrelevant\frames_e3443d2ecd0a_img2.jpg,0
..\image_labeling\data\labeled\irrelevant\frames_e3443d2ecd0a_img1.jpg,..\image_labeling\data\labeled\irrelevant\frames_e3443d2ecd0a_img3.jpg,0
..\image_labeling\data\labeled\irrelevant\frames_e3443d2ecd0a_img2.jpg,..\image_labeling\data\labeled\irrelevant\frames_e3443d2ecd0a_img3.jpg,0
..\image_labeling\data\labeled\irrelevant\frames_e3bf5a38dd68_img2.jpg,..\image_labeling\data\labeled\irrelevant\frames_e3bf5a38dd68_img3.jpg,0
..\image_labeling\data\labeled\irrelevant\frames_e4aa39059f66_img1.jpg,..\image_labeling\data\labeled\irrelevant\frames_e4aa39059f66_img2.jpg,4
..\image_labeling\data\labeled\irrelevant\frames_e4aa39059f66_img1.jpg,..\image_labeling\data\labeled\irrelevant\frames_e4aa39059f66_img3.jpg,6
..\image_labeling\data\labeled\irrelevant\frames_e4aa39059f66_img2.jpg,..\image_labeling\data\labeled\irrelevant\frames_e4aa39059f66_img3.jpg,4
..\image_labeling\data\labeled\irrelevant\frames_e4b689dc23c1_img1.jpg,..\image_labeling\data\labeled\irrelevant\frames_e4b689dc23c1_img2.jpg,4
..\image_labeling\data\labeled\irrelevant\frames_e4b689dc23c1_img1.jpg,..\image_labeling\data\labeled\irrelevant\frames_e4b689dc23c1_img3.jpg,4
..\image_labeling\data\labeled\irrelevant\frames_e4b689dc23c1_img2.jpg,..\image_labeling\data\labeled\irrelevant\frames_e4b689dc23c1_img3.jpg,0
..\image_labeling\data\labeled\irrelevant\frames_e5213d79fcd1_img1.jpg,..\image_labeling\data\labeled\irrelevant\frames_e5213d79fcd1_img2.jpg,0
..\image_labeling\data\labeled\irrelevant\frames_e5213d79fcd1_img1.jpg,..\image_labeling\data\labeled\irrelevant\frames_e5213d79fcd1_img3.jpg,2
..\image_labeling\data\labeled\irrelevant\frames_e5213d79fcd1_img2.jpg,..\image_labeling\data\labeled\irrelevant\frames_e5213d79fcd1_img3.jpg,2
..\image_labeling\data\labeled\irrelevant\frames_e7a30741fdd1_img2.jpg,..\image_labeling\data\labeled\irrelevant\frames_e7a30741fdd1_img3.jpg,4
..\image_labeling\data\labeled\irrelevant\frames_e8bc7fc15eab_img1.jpg,..\image_labeling\data\labeled\irrelevant\frames_e8bc7fc15eab_img2.jpg,4
..\image_labeling\data\labeled\irrelevant\frames_e8bc7fc15eab_img1.jpg,..\image_labeling\data\labeled\irrelevant\frames_e8bc7fc15eab_img3.jpg,4
..\image_labeling\data\labeled\irrelevant\frames_e8bc7fc15eab_img2.jpg,..\image_labeling\data\labeled\irrelevant\frames_e8bc7fc15eab_img3.jpg,2
..\image_labeling\data\labeled\irrelevant\frames_ec7cba07bc3d_img1.jpg,..\image_labeling\data\labeled\irrelevant\frames_ec7cba07bc3d_img2.jpg,10
..\image_labeling\data\labeled\irrelevant\frames_ec7cba07bc3d_img2.jpg,..\image_labeling\data\labeled\irrelevant\frames_ec7cba07bc3d_img3.jpg,4
..\image_labeling\data\labeled\irrelevant\frames_ed846e23e18e_img1.jpg,..\image_labeling\data\labeled\irrelevant\frames_ed846e23e18e_img2.jpg,0
..\image_labeling\data\labeled\irrelevant\frames_ed846e23e18e_img1.jpg,..\image_labeling\data\labeled\irrelevant\frames_ed846e23e18e_img3.jpg,0
..\image_labeling\data\labeled\irrelevant\frames_ed846e23e18e_img1.jpg,..\image_labeling\data\labeled\irrelevant\frames_f33ce530c835_img1.jpg,0
..\image_labeling\data\labeled\irrelevant\frames_ed846e23e18e_img1.jpg,..\image_labeling\data\labeled\irrelevant\frames_f33ce530c835_img2.jpg,0
..\image_labeling\data\labeled\irrelevant\frames_ed846e23e18e_img1.jpg,..\image_labeling\data\labeled\irrelevant\frames_f33ce530c835_img3.jpg,0
..\image_labeling\data\labeled\irrelevant\frames_ed846e23e18e_img2.jpg,..\image_labeling\data\labeled\irrelevant\frames_ed846e23e18e_img3.jpg,0
..\image_labeling\data\labeled\irrelevant\frames_ed846e23e18e_img2.jpg,..\image_labeling\data\labeled\irrelevant\frames_f33ce530c835_img1.jpg,0
..\image_labeling\data\labeled\irrelevant\frames_ed846e23e18e_img2.jpg,..\image_labeling\data\labeled\irrelevant\frames_f33ce530c835_img2.jpg,0
..\image_labeling\data\labeled\irrelevant\frames_ed846e23e18e_img2.jpg,..\image_labeling\data\labeled\irrelevant\frames_f33ce530c835_img3.jpg,0
..\image_labeling\data\labeled\irrelevant\frames_ed846e23e18e_img3.jpg,..\image_labeling\data\labeled\irrelevant\frames_f33ce530c835_img1.jpg,0
..\image_labeling\data\labeled\irrelevant\frames_ed846e23e18e_img3.jpg,..\image_labeling\data\labeled\irrelevant\frames_f33ce530c835_img2.jpg,0
..\image_labeling\data\labeled\irrelevant\frames_ed846e23e18e_img3.jpg,..\image_labeling\data\labeled\irrelevant\frames_f33ce530c835_img3.jpg,0
..\image_labeling\data\labeled\irrelevant\frames_ee4a2fca11be_img1.jpg,..\image_labeling\data\labeled\irrelevant\frames_ee4a2fca11be_img2.jpg,4
..\image_labeling\data\labeled\irrelevant\frames_ee4a2fca11be_img1.jpg,..\image_labeling\data\labeled\irrelevant\frames_ee4a2fca11be_img3.jpg,4
..\image_labeling\data\labeled\irrelevant\frames_ee4a2fca11be_img2.jpg,..\image_labeling\data\labeled\irrelevant\frames_ee4a2fca11be_img3.jpg,2
..\image_labeling\data\labeled\irrelevant\frames_ee5ac0f491c5_img1.jpg,..\image_labeling\data\labeled\irrelevant\frames_ee5ac0f491c5_img2.jpg,8
..\image_labeling\data\labeled\irrelevant\frames_ef1104605f6b_img1.jpg,..\image_labeling\data\labeled\irrelevant\frames_ef1104605f6b_img2.jpg,0
..\image_labeling\data\labeled\irrelevant\frames_ef1104605f6b_img1.jpg,..\image_labeling\data\labeled\irrelevant\frames_ef1104605f6b_img3.jpg,0
..\image_labeling\data\labeled\irrelevant\frames_ef1104605f6b_img1.jpg,..\image_labeling\data\labeled\irrelevant\raw_media_00022f250a49_img1.jpg,0
..\image_labeling\data\labeled\irrelevant\frames_ef1104605f6b_img1.jpg,..\image_labeling\data\labeled\irrelevant\raw_media_01ace9a3b617_img1.jpg,0
..\image_labeling\data\labeled\irrelevant\frames_ef1104605f6b_img1.jpg,..\image_labeling\data\labeled\irrelevant\raw_media_12067c07c0f8_img1.jpg,0
..\image_labeling\data\labeled\irrelevant\frames_ef1104605f6b_img1.jpg,..\image_labeling\data\labeled\irrelevant\raw_media_15fc4e2bb1f1_img1.jpg,0
..\image_labeling\data\labeled\irrelevant\frames_ef1104605f6b_img1.jpg,..\image_labeling\data\labeled\irrelevant\raw_media_16a98a186702_img1.jpg,0
..\image_labeling\data\labeled\irrelevant\frames_ef1104605f6b_img1.jpg,..\image_labeling\data\labeled\irrelevant\raw_media_1fe59b7201d1_img1.jpg,0
..\image_labeling\data\labeled\irrelevant\frames_ef1104605f6b_img1.jpg,..\image_labeling\data\labeled\irrelevant\raw_media_3b57cce419ed_img1.jpg,0
..\image_labeling\data\labeled\irrelevant\frames_ef1104605f6b_img1.jpg,..\image_labeling\data\labeled\irrelevant\raw_media_4f9d09e97768_img1.jpg,1
..\image_labeling\data\labeled\irrelevant\frames_ef1104605f6b_img1.jpg,..\image_labeling\data\labeled\irrelevant\raw_media_523d91148995_img1.jpg,1
..\image_labeling\data\labeled\irrelevant\frames_ef1104605f6b_img1.jpg,..\image_labeling\data\labeled\irrelevant\raw_media_68c68902ae27_img1.jpg,0
..\image_labeling\data\labeled\irrelevant\frames_ef1104605f6b_img1.jpg,..\image_labeling\data\labeled\irrelevant\raw_media_765a59fd2d30_img1.jpg,0
..\image_labeling\data\labeled\irrelevant\frames_ef1104605f6b_img1.jpg,..\image_labeling\data\labeled\irrelevant\raw_media_81bd4787d77c_img1.jpg,0
..\image_labeling\data\labeled\irrelevant\frames_ef1104605f6b_img1.jpg,..\image_labeling\data\labeled\irrelevant\raw_media_8e8ce353e705_img1.jpg,0
..\image_labeling\data\labeled\irrelevant\frames_ef1104605f6b_img1.jpg,..\image_labeling\data\labeled\irrelevant\raw_media_9deea004dca2_img1.jpg,0
..\image_labeling\data\labeled\irrelevant\frames_ef1104605f6b_img1.jpg,..\image_labeling\data\labeled\irrelevant\raw_media_a0653efeb054_img1.jpg,1
..\image_labeling\data\labeled\irrelevant\frames_ef1104605f6b_img1.jpg,..\image_labeling\data\labeled\irrelevant\raw_media_c1081bb8a810_img1.jpg,1
..\image_labeling\data\labeled\irrelevant\frames_ef1104605f6b_img1.jpg,..\image_labeling\data\labeled\irrelevant\raw_media_ed34b8f73263_img2.jpg,1
..\image_labeling\data\labeled\irrelevant\frames_ef1104605f6b_img1.jpg,..\image_labeling\data\labeled\irrelevant\raw_media_efb24e6ebf70_img1.jpg,1
..\image_labeling\data\labeled\irrelevant\frames_ef1104605f6b_img1.jpg,..\image_labeling\data\labeled\irrelevant\raw_media_f4121baab593_img1.jpg,1
..\image_labeling\data\labeled\irrelevant\frames_ef1104605f6b_img1.jpg,..\image_labeling\data\labeled\irrelevant\raw_media_fd8facbdb5da_img1.jpg,1
..\image_labeling\data\labeled\irrelevant\frames_ef1104605f6b_img2.jpg,..\image_labeling\data\labeled\irrelevant\frames_ef1104605f6b_img3.jpg,0
..\image_labeling\data\labeled\irrelevant\frames_ef1104605f6b_img2.jpg,..\image_labeling\data\labeled\irrelevant\raw_media_00022f250a49_img1.jpg,0
..\image_labeling\data\labeled\irrelevant\frames_ef1104605f6b_img2.jpg,..\image_labeling\data\labeled\irrelevant\raw_media_01ace9a3b617_img1.jpg,0
..\image_labeling\data\labeled\irrelevant\frames_ef1104605f6b_img2.jpg,..\image_labeling\data\labeled\irrelevant\raw_media_12067c07c0f8_img1.jpg,0
..\image_labeling\data\labeled\irrelevant\frames_ef1104605f6b_img2.jpg,..\image_labeling\data\labeled\irrelevant\raw_media_15fc4e2bb1f1_img1.jpg,0
..\image_labeling\data\labeled\irrelevant\frames_ef1104605f6b_img2.jpg,..\image_labeling\data\labeled\irrelevant\raw_media_16a98a186702_img1.jpg,0
..\image_labeling\data\labeled\irrelevant\frames_ef1104605f6b_img2.jpg,..\image_labeling\data\labeled\irrelevant\raw_media_1fe59b7201d1_img1.jpg,0
..\image_labeling\data\labeled\irrelevant\frames_ef1104605f6b_img2.jpg,..\image_labeling\data\labeled\irrelevant\raw_media_3b57cce419ed_img1.jpg,0
..\image_labeling\data\labeled\irrelevant\frames_ef1104605f6b_img2.jpg,..\image_labeling\data\labeled\irrelevant\raw_media_4f9d09e97768_img1.jpg,1
..\image_labeling\data\labeled\irrelevant\frames_ef1104605f6b_img2.jpg,..\image_labeling\data\labeled\irrelevant\raw_media_523d91148995_img1.jpg,1
..\image_labeling\data\labeled\irrelevant\frames_ef1104605f6b_img2.jpg,..\image_labeling\data\labeled\irrelevant\raw_media_68c68902ae27_img1.jpg,0
..\image_labeling\data\labeled\irrelevant\frames_ef1104605f6b_img2.jpg,..\image_labeling\data\labeled\irrelevant\raw_media_765a59fd2d30_img1.jpg,0
..\image_labeling\data\labeled\irrelevant\frames_ef1104605f6b_img2.jpg,..\image_labeling\data\labeled\irrelevant\raw_media_81bd4787d77c_img1.jpg,0
..\image_labeling\data\labeled\irrelevant\frames_ef1104605f6b_img2.jpg,..\image_labeling\data\labeled\irrelevant\raw_media_8e8ce353e705_img1.jpg,0
..\image_labeling\data\labeled\irrelevant\frames_ef1104605f6b_img2.jpg,..\image_labeling\data\labeled\irrelevant\raw_media_9deea004dca2_img1.jpg,0
..\image_labeling\data\labeled\irrelevant\frames_ef1104605f6b_img2.jpg,..\image_labeling\data\labeled\irrelevant\raw_media_a0653efeb054_img1.jpg,1
..\image_labeling\data\labeled\irrelevant\frames_ef1104605f6b_img2.jpg,..\image_labeling\data\labeled\irrelevant\raw_media_c1081bb8a810_img1.jpg,1
..\image_labeling\data\labeled\irrelevant\frames_ef1104605f6b_img2.jpg,..\image_labeling\data\labeled\irrelevant\raw_media_ed34b8f73263_img2.jpg,1
..\image_labeling\data\labeled\irrelevant\frames_ef1104605f6b_img2.jpg,..\image_labeling\data\labeled\irrelevant\raw_media_efb24e6ebf70_img1.jpg,1
..\image_labeling\data\labeled\irrelevant\frames_ef1104605f6b_img2.jpg,..\image_labeling\data\labeled\irrelevant\raw_media_f4121baab593_img1.jpg,1
..\image_labeling\data\labeled\irrelevant\frames_ef1104605f6b_img2.jpg,..\image_labeling\data\labeled\irrelevant\raw_media_fd8facbdb5da_img1.jpg,1
..\image_labeling\data\labeled\irrelevant\frames_ef1104605f6b_img3.jpg,..\image_labeling\data\labeled\irrelevant\raw_media_00022f250a49_img1.jpg,0
..\image_labeling\data\labeled\irrelevant\frames_ef1104605f6b_img3.jpg,..\image_labeling\data\labeled\irrelevant\raw_media_01ace9a3b617_img1.jpg,0
..\image_labeling\data\labeled\irrelevant\frames_ef1104605f6b_img3.jpg,..\image_labeling\data\labeled\irrelevant\raw_media_12067c07c0f8_img1.jpg,0
..\image_labeling\data\labeled\irrelevant\frames_ef1104605f6b_img3.jpg,..\image_labeling\data\labeled\irrelevant\raw_media_15fc4e2bb1f1_img1.jpg,0
..\image_labeling\data\labeled\irrelevant\frames_ef1104605f6b_img3.jpg,..\image_labeling\data\labeled\irrelevant\raw_media_16a98a186702_img1.jpg,0
..\image_labeling\data\labeled\irrelevant\frames_ef1104605f6b_img3.jpg,..\image_labeling\data\labeled\irrelevant\raw_media_1fe59b7201d1_img1.jpg,0
..\image_labeling\data\labeled\irrelevant\frames_ef1104605f6b_img3.jpg,..\image_labeling\data\labeled\irrelevant\raw_media_3b57cce419ed_img1.jpg,0
..\image_labeling\data\labeled\irrelevant\frames_ef1104605f6b_img3.jpg,..\image_labeling\data\labeled\irrelevant\raw_media_4f9d09e97768_img1.jpg,1
..\image_labeling\data\labeled\irrelevant\frames_ef1104605f6b_img3.jpg,..\image_labeling\data\labeled\irrelevant\raw_media_523d91148995_img1.jpg,1
..\image_labeling\data\labeled\irrelevant\frames_ef1104605f6b_img3.jpg,..\image_labeling\data\labeled\irrelevant\raw_media_68c68902ae27_img1.jpg,0
..\image_labeling\data\labeled\irrelevant\frames_ef1104605f6b_img3.jpg,..\image_labeling\data\labeled\irrelevant\raw_media_765a59fd2d30_img1.jpg,0
..\image_labeling\data\labeled\irrelevant\frames_ef1104605f6b_img3.jpg,..\image_labeling\data\labeled\irrelevant\raw_media_81bd4787d77c_img1.jpg,0
..\image_labeling\data\labeled\irrelevant\frames_ef1104605f6b_img3.jpg,..\image_labeling\data\labeled\irrelevant\raw_media_8e8ce353e705_img1.jpg,0
..\image_labeling\data\labeled\irrelevant\frames_ef1104605f6b_img3.jpg,..\image_labeling\data\labeled\irrelevant\raw_media_9deea004dca2_img1.jpg,0
..\image_labeling\data\labeled\irrelevant\frames_ef1104605f6b_img3.jpg,..\image_labeling\data\labeled\irrelevant\raw_media_a0653efeb054_img1.jpg,1
..\image_labeling\data\labeled\irrelevant\frames_ef1104605f6b_img3.jpg,..\image_labeling\data\labeled\irrelevant\raw_media_c1081bb8a810_img1.jpg,1
..\image_labeling\data\labeled\irrelevant\frames_ef1104605f6b_img3.jpg,..\image_labeling\data\labeled\irrelevant\raw_media_ed34b8f73263_img2.jpg,1
..\image_labeling\data\labeled\irrelevant\frames_ef1104605f6b_img3.jpg,..\image_labeling\data\labeled\irrelevant\raw_media_efb24e6ebf70_img1.jpg,1
..\image_labeling\data\labeled\irrelevant\frames_ef1104605f6b_img3.jpg,..\image_labeling\data\labeled\irrelevant\raw_media_f4121baab593_img1.jpg,1
..\image_labeling\data\labeled\irrelevant\frames_ef1104605f6b_img3.jpg,..\image_labeling\data\labeled\irrelevant\raw_media_fd8facbdb5da_img1.jpg,1
..\image_labeling\data\labeled\irrelevant\frames_ef1d2001a8ff_img2.jpg,..\image_labeling\data\labeled\irrelevant\frames_ef1d2001a8ff_img3.jpg,0
..\image_labeling\data\labeled\irrelevant\frames_efbf2badd1cb_img1.jpg,..\image_labeling\data\labeled\irrelevant\frames_efbf2badd1cb_img2.jpg,6
..\image_labeling\data\labeled\irrelevant\frames_f083afff8671_img1.jpg,..\image_labeling\data\labeled\irrelevant\frames_f083afff8671_img2.jpg,0
..\image_labeling\data\labeled\irrelevant\frames_f083afff8671_img1.jpg,..\image_labeling\data\labeled\irrelevant\frames_f083afff8671_img3.jpg,8
..\image_labeling\data\labeled\irrelevant\frames_f083afff8671_img2.jpg,..\image_labeling\data\labeled\irrelevant\frames_f083afff8671_img3.jpg,8
..\image_labeling\data\labeled\irrelevant\frames_f0fe7e591f89_img1.jpg,..\image_labeling\data\labeled\irrelevant\frames_f0fe7e591f89_img2.jpg,2
..\image_labeling\data\labeled\irrelevant\frames_f0fe7e591f89_img1.jpg,..\image_labeling\data\labeled\irrelevant\frames_f0fe7e591f89_img3.jpg,4
..\image_labeling\data\labeled\irrelevant\frames_f0fe7e591f89_img2.jpg,..\image_labeling\data\labeled\irrelevant\frames_f0fe7e591f89_img3.jpg,4
..\image_labeling\data\labeled\irrelevant\frames_f1113b61e0c6_img1.jpg,..\image_labeling\data\labeled\irrelevant\frames_f1113b61e0c6_img2.jpg,2
..\image_labeling\data\labeled\irrelevant\frames_f1113b61e0c6_img1.jpg,..\image_labeling\data\labeled\irrelevant\frames_f1113b61e0c6_img3.jpg,2
..\image_labeling\data\labeled\irrelevant\frames_f1113b61e0c6_img2.jpg,..\image_labeling\data\labeled\irrelevant\frames_f1113b61e0c6_img3.jpg,2
..\image_labeling\data\labeled\irrelevant\frames_f133b86ddbb3_img1.jpg,..\image_labeling\data\labeled\irrelevant\frames_f133b86ddbb3_img3.jpg,8
..\image_labeling\data\labeled\irrelevant\frames_f198c8f56efe_img1.jpg,..\image_labeling\data\labeled\irrelevant\frames_f198c8f56efe_img2.jpg,2
..\image_labeling\data\labeled\irrelevant\frames_f198c8f56efe_img1.jpg,..\image_labeling\data\labeled\irrelevant\frames_f198c8f56efe_img3.jpg,4
..\image_labeling\data\labeled\irrelevant\frames_f198c8f56efe_img2.jpg,..\image_labeling\data\labeled\irrelevant\frames_f198c8f56efe_img3.jpg,2
..\image_labeling\data\labeled\irrelevant\frames_f27a46f5eab4_img1.jpg,..\image_labeling\data\labeled\irrelevant\frames_f27a46f5eab4_img2.jpg,0
..\image_labeling\data\labeled\irrelevant\frames_f27a46f5eab4_img1.jpg,..\image_labeling\data\labeled\irrelevant\frames_f27a46f5eab4_img3.jpg,10
..\image_labeling\data\labeled\irrelevant\frames_f27a46f5eab4_img2.jpg,..\image_labeling\data\labeled\irrelevant\frames_f27a46f5eab4_img3.jpg,10
..\image_labeling\data\labeled\irrelevant\frames_f33ce530c835_img1.jpg,..\image_labeling\data\labeled\irrelevant\frames_f33ce530c835_img2.jpg,0
..\image_labeling\data\labeled\irrelevant\frames_f33ce530c835_img1.jpg,..\image_labeling\data\labeled\irrelevant\frames_f33ce530c835_img3.jpg,0
..\image_labeling\data\labeled\irrelevant\frames_f33ce530c835_img2.jpg,..\image_labeling\data\labeled\irrelevant\frames_f33ce530c835_img3.jpg,0
..\image_labeling\data\labeled\irrelevant\frames_f497f7731862_img1.jpg,..\image_labeling\data\labeled\irrelevant\frames_f497f7731862_img2.jpg,6
..\image_labeling\data\labeled\irrelevant\frames_f497f7731862_img1.jpg,..\image_labeling\data\labeled\irrelevant\frames_f497f7731862_img3.jpg,6
..\image_labeling\data\labeled\irrelevant\frames_f497f7731862_img2.jpg,..\image_labeling\data\labeled\irrelevant\frames_f497f7731862_img3.jpg,0
..\image_labeling\data\labeled\irrelevant\frames_f4b330a8133f_img1.jpg,..\image_labeling\data\labeled\irrelevant\frames_f4b330a8133f_img2.jpg,2
..\image_labeling\data\labeled\irrelevant\frames_f6ed045c05cc_img1.jpg,..\image_labeling\data\labeled\irrelevant\frames_f6ed045c05cc_img2.jpg,6
..\image_labeling\data\labeled\irrelevant\frames_f7f3faf60727_img1.jpg,..\image_labeling\data\labeled\irrelevant\frames_f7f3faf60727_img2.jpg,4
..\image_labeling\data\labeled\irrelevant\frames_f928b11506c6_img1.jpg,..\image_labeling\data\labeled\irrelevant\frames_f928b11506c6_img2.jpg,8
..\image_labeling\data\labeled\irrelevant\frames_f93edc95b4e3_img1.jpg,..\image_labeling\data\labeled\irrelevant\frames_f93edc95b4e3_img2.jpg,0
..\image_labeling\data\labeled\irrelevant\frames_f93edc95b4e3_img1.jpg,..\image_labeling\data\labeled\irrelevant\frames_f93edc95b4e3_img3.jpg,0
..\image_labeling\data\labeled\irrelevant\frames_f93edc95b4e3_img2.jpg,..\image_labeling\data\labeled\irrelevant\frames_f93edc95b4e3_img3.jpg,0
..\image_labeling\data\labeled\irrelevant\frames_f9492e8ecf70_img1.jpg,..\image_labeling\data\labeled\irrelevant\frames_f9492e8ecf70_img2.jpg,4
..\image_labeling\data\labeled\irrelevant\frames_f9492e8ecf70_img1.jpg,..\image_labeling\data\labeled\irrelevant\frames_f9492e8ecf70_img3.jpg,4
..\image_labeling\data\labeled\irrelevant\frames_f9492e8ecf70_img2.jpg,..\image_labeling\data\labeled\irrelevant\frames_f9492e8ecf70_img3.jpg,0
..\image_labeling\data\labeled\irrelevant\frames_fafdd0d766f1_img2.jpg,..\image_labeling\data\labeled\irrelevant\frames_fafdd0d766f1_img3.jpg,6
..\image_labeling\data\labeled\irrelevant\frames_fb091e01fc59_img2.jpg,..\image_labeling\data\labeled\irrelevant\frames_fb091e01fc59_img3.jpg,2
..\image_labeling\data\labeled\irrelevant\frames_fb71eae8bacd_img2.jpg,..\image_labeling\data\labeled\irrelevant\frames_fb71eae8bacd_img3.jpg,6
..\image_labeling\data\labeled\irrelevant\frames_fb71eae8bacd_img2.jpg,..\image_labeling\data\labeled\irrelevant\frames_fcc8cbbee72a_img1.jpg,2
..\image_labeling\data\labeled\irrelevant\frames_fb71eae8bacd_img2.jpg,..\image_labeling\data\labeled\irrelevant\frames_fcc8cbbee72a_img2.jpg,2
..\image_labeling\data\labeled\irrelevant\frames_fb71eae8bacd_img2.jpg,..\image_labeling\data\labeled\irrelevant\frames_fcc8cbbee72a_img3.jpg,2
..\image_labeling\data\labeled\irrelevant\frames_fb71eae8bacd_img3.jpg,..\image_labeling\data\labeled\irrelevant\frames_fcc8cbbee72a_img1.jpg,8
..\image_labeling\data\labeled\irrelevant\frames_fb71eae8bacd_img3.jpg,..\image_labeling\data\labeled\irrelevant\frames_fcc8cbbee72a_img2.jpg,4
..\image_labeling\data\labeled\irrelevant\frames_fb71eae8bacd_img3.jpg,..\image_labeling\data\labeled\irrelevant\frames_fcc8cbbee72a_img3.jpg,4
..\image_labeling\data\labeled\irrelevant\frames_fcc8cbbee72a_img1.jpg,..\image_labeling\data\labeled\irrelevant\frames_fcc8cbbee72a_img2.jpg,4
..\image_labeling\data\labeled\irrelevant\frames_fcc8cbbee72a_img1.jpg,..\image_labeling\data\labeled\irrelevant\frames_fcc8cbbee72a_img3.jpg,4
..\image_labeling\data\labeled\irrelevant\frames_fcc8cbbee72a_img2.jpg,..\image_labeling\data\labeled\irrelevant\frames_fcc8cbbee72a_img3.jpg,0
..\image_labeling\data\labeled\irrelevant\frames_fce48e03fd29_img1.jpg,..\image_labeling\data\labeled\irrelevant\frames_fce48e03fd29_img2.jpg,6
..\image_labeling\data\labeled\irrelevant\frames_fce48e03fd29_img1.jpg,..\image_labeling\data\labeled\irrelevant\frames_fce48e03fd29_img3.jpg,8
..\image_labeling\data\labeled\irrelevant\frames_fce48e03fd29_img2.jpg,..\image_labeling\data\labeled\irrelevant\frames_fce48e03fd29_img3.jpg,2
..\image_labeling\data\labeled\irrelevant\frames_fd39156fea69_img1.jpg,..\image_labeling\data\labeled\irrelevant\frames_fd39156fea69_img2.jpg,4
..\image_labeling\data\labeled\irrelevant\frames_fd39156fea69_img1.jpg,..\image_labeling\data\labeled\irrelevant\frames_fd39156fea69_img3.jpg,8
..\image_labeling\data\labeled\irrelevant\frames_fd39156fea69_img2.jpg,..\image_labeling\data\labeled\irrelevant\frames_fd39156fea69_img3.jpg,8
..\image_labeling\data\labeled\irrelevant\frames_fe8d23cd19fe_img2.jpg,..\image_labeling\data\labeled\irrelevant\frames_fe8d23cd19fe_img3.jpg,10
..\image_labeling\data\labeled\irrelevant\frames_fec52ba0e4a7_img1.jpg,..\image_labeling\data\labeled\irrelevant\frames_fec52ba0e4a7_img2.jpg,2
..\image_labeling\data\labeled\irrelevant\frames_fec52ba0e4a7_img1.jpg,..\image_labeling\data\labeled\irrelevant\frames_fec52ba0e4a7_img3.jpg,2
..\image_labeling\data\labeled\irrelevant\frames_fec52ba0e4a7_img2.jpg,..\image_labeling\data\labeled\irrelevant\frames_fec52ba0e4a7_img3.jpg,0
..\image_labeling\data\labeled\irrelevant\raw_media_00022f250a49_img1.jpg,..\image_labeling\data\labeled\irrelevant\raw_media_01ace9a3b617_img1.jpg,0
..\image_labeling\data\labeled\irrelevant\raw_media_00022f250a49_img1.jpg,..\image_labeling\data\labeled\irrelevant\raw_media_12067c07c0f8_img1.jpg,0
..\image_labeling\data\labeled\irrelevant\raw_media_00022f250a49_img1.jpg,..\image_labeling\data\labeled\irrelevant\raw_media_15fc4e2bb1f1_img1.jpg,0
..\image_labeling\data\labeled\irrelevant\raw_media_00022f250a49_img1.jpg,..\image_labeling\data\labeled\irrelevant\raw_media_16a98a186702_img1.jpg,0
..\image_labeling\data\labeled\irrelevant\raw_media_00022f250a49_img1.jpg,..\image_labeling\data\labeled\irrelevant\raw_media_1fe59b7201d1_img1.jpg,0
..\image_labeling\data\labeled\irrelevant\raw_media_00022f250a49_img1.jpg,..\image_labeling\data\labeled\irrelevant\raw_media_3b57cce419ed_img1.jpg,0
..\image_labeling\data\labeled\irrelevant\raw_media_00022f250a49_img1.jpg,..\image_labeling\data\labeled\irrelevant\raw_media_4f9d09e97768_img1.jpg,1
..\image_labeling\data\labeled\irrelevant\raw_media_00022f250a49_img1.jpg,..\image_labeling\data\labeled\irrelevant\raw_media_523d91148995_img1.jpg,1
..\image_labeling\data\labeled\irrelevant\raw_media_00022f250a49_img1.jpg,..\image_labeling\data\labeled\irrelevant\raw_media_68c68902ae27_img1.jpg,0
..\image_labeling\data\labeled\irrelevant\raw_media_00022f250a49_img1.jpg,..\image_labeling\data\labeled\irrelevant\raw_media_765a59fd2d30_img1.jpg,0
..\image_labeling\data\labeled\irrelevant\raw_media_00022f250a49_img1.jpg,..\image_labeling\data\labeled\irrelevant\raw_media_81bd4787d77c_img1.jpg,0
..\image_labeling\data\labeled\irrelevant\raw_media_00022f250a49_img1.jpg,..\image_labeling\data\labeled\irrelevant\raw_media_8e8ce353e705_img1.jpg,0
..\image_labeling\data\labeled\irrelevant\raw_media_00022f250a49_img1.jpg,..\image_labeling\data\labeled\irrelevant\raw_media_9deea004dca2_img1.jpg,0
..\image_labeling\data\labeled\irrelevant\raw_media_00022f250a49_img1.jpg,..\image_labeling\data\labeled\irrelevant\raw_media_a0653efeb054_img1.jpg,1
..\image_labeling\data\labeled\irrelevant\raw_media_00022f250a49_img1.jpg,..\image_labeling\data\labeled\irrelevant\raw_media_c1081bb8a810_img1.jpg,1
..\image_labeling\data\labeled\irrelevant\raw_media_00022f250a49_img1.jpg,..\image_labeling\data\labeled\irrelevant\raw_media_ed34b8f73263_img2.jpg,1
..\image_labeling\data\labeled\irrelevant\raw_media_00022f250a49_img1.jpg,..\image_labeling\data\labeled\irrelevant\raw_media_efb24e6ebf70_img1.jpg,1
..\image_labeling\data\labeled\irrelevant\raw_media_00022f250a49_img1.jpg,..\image_labeling\data\labeled\irrelevant\raw_media_f4121baab593_img1.jpg,1
..\image_labeling\data\labeled\irrelevant\raw_media_00022f250a49_img1.jpg,..\image_labeling\data\labeled\irrelevant\raw_media_fd8facbdb5da_img1.jpg,1
..\image_labeling\data\labeled\irrelevant\raw_media_0003882fb44d_img1.jpg,..\image_labeling\data\labeled\irrelevant\raw_media_26a46b73206b_img1.jpg,0
..\image_labeling\data\labeled\irrelevant\raw_media_00b77e18820e_img1.jpg,..\image_labeling\data\labeled\irrelevant\raw_media_ff8f386bd545_img1.jpg,0
..\image_labeling\data\labeled\irrelevant\raw_media_00f135277b32_img1.jpg,..\image_labeling\data\labeled\irrelevant\raw_media_00f135277b32_img2.jpg,0
..\image_labeling\data\labeled\irrelevant\raw_media_01467847dcaf_img1.jpg,..\image_labeling\data\labeled\irrelevant\raw_media_7f707c6817b6_img1.jpg,0
..\image_labeling\data\labeled\irrelevant\raw_media_01467847dcaf_img1.jpg,..\image_labeling\data\labeled\irrelevant\raw_media_85b4742ab109_img1.jpg,0
..\image_labeling\data\labeled\irrelevant\raw_media_014f1f389692_img1.jpg,..\image_labeling\data\labeled\irrelevant\raw_media_c860b2a7fc10_img1.jpg,0
..\image_labeling\data\labeled\irrelevant\raw_media_01ace9a3b617_img1.jpg,..\image_labeling\data\labeled\irrelevant\raw_media_12067c07c0f8_img1.jpg,0
..\image_labeling\data\labeled\irrelevant\raw_media_01ace9a3b617_img1.jpg,..\image_labeling\data\labeled\irrelevant\raw_media_15fc4e2bb1f1_img1.jpg,0
..\image_labeling\data\labeled\irrelevant\raw_media_01ace9a3b617_img1.jpg,..\image_labeling\data\labeled\irrelevant\raw_media_16a98a186702_img1.jpg,0
..\image_labeling\data\labeled\irrelevant\raw_media_01ace9a3b617_img1.jpg,..\image_labeling\data\labeled\irrelevant\raw_media_1fe59b7201d1_img1.jpg,0
..\image_labeling\data\labeled\irrelevant\raw_media_01ace9a3b617_img1.jpg,..\image_labeling\data\labeled\irrelevant\raw_media_3b57cce419ed_img1.jpg,0
..\image_labeling\data\labeled\irrelevant\raw_media_01ace9a3b617_img1.jpg,..\image_labeling\data\labeled\irrelevant\raw_media_4f9d09e97768_img1.jpg,1
..\image_labeling\data\labeled\irrelevant\raw_media_01ace9a3b617_img1.jpg,..\image_labeling\data\labeled\irrelevant\raw_media_523d91148995_img1.jpg,1
..\image_labeling\data\labeled\irrelevant\raw_media_01ace9a3b617_img1.jpg,..\image_labeling\data\labeled\irrelevant\raw_media_68c68902ae27_img1.jpg,0
..\image_labeling\data\labeled\irrelevant\raw_media_01ace9a3b617_img1.jpg,..\image_labeling\data\labeled\irrelevant\raw_media_765a59fd2d30_img1.jpg,0
..\image_labeling\data\labeled\irrelevant\raw_media_01ace9a3b617_img1.jpg,..\image_labeling\data\labeled\irrelevant\raw_media_81bd4787d77c_img1.jpg,0
..\image_labeling\data\labeled\irrelevant\raw_media_01ace9a3b617_img1.jpg,..\image_labeling\data\labeled\irrelevant\raw_media_8e8ce353e705_img1.jpg,0
..\image_labeling\data\labeled\irrelevant\raw_media_01ace9a3b617_img1.jpg,..\image_labeling\data\labeled\irrelevant\raw_media_9deea004dca2_img1.jpg,0
..\image_labeling\data\labeled\irrelevant\raw_media_01ace9a3b617_img1.jpg,..\image_labeling\data\labeled\irrelevant\raw_media_a0653efeb054_img1.jpg,1
..\image_labeling\data\labeled\irrelevant\raw_media_01ace9a3b617_img1.jpg,..\image_labeling\data\labeled\irrelevant\raw_media_c1081bb8a810_img1.jpg,1
..\image_labeling\data\labeled\irrelevant\raw_media_01ace9a3b617_img1.jpg,..\image_labeling\data\labeled\irrelevant\raw_media_ed34b8f73263_img2.jpg,1
..\image_labeling\data\labeled\irrelevant\raw_media_01ace9a3b617_img1.jpg,..\image_labeling\data\labeled\irrelevant\raw_media_efb24e6ebf70_img1.jpg,1
..\image_labeling\data\labeled\irrelevant\raw_media_01ace9a3b617_img1.jpg,..\image_labeling\data\labeled\irrelevant\raw_media_f4121baab593_img1.jpg,1
..\image_labeling\data\labeled\irrelevant\raw_media_01ace9a3b617_img1.jpg,..\image_labeling\data\labeled\irrelevant\raw_media_fd8facbdb5da_img1.jpg,1
..\image_labeling\data\labeled\irrelevant\raw_media_0271c7df75a7_img2.jpg,..\image_labeling\data\labeled\irrelevant\raw_media_6c971dc35b29_img2.jpg,0
..\image_labeling\data\labeled\irrelevant\raw_media_031a4506ca73_img1.jpg,..\image_labeling\data\labeled\irrelevant\raw_media_3ccf20dec016_img1.jpg,10
..\image_labeling\data\labeled\irrelevant\raw_media_031a4506ca73_img1.jpg,..\image_labeling\data\labeled\irrelevant\raw_media_51820abd9530_img1.jpg,0
..\image_labeling\data\labeled\irrelevant\raw_media_031a4506ca73_img1.jpg,..\image_labeling\data\labeled\irrelevant\raw_media_8dcaca09741d_img1.jpg,10
..\image_labeling\data\labeled\irrelevant\raw_media_034f5531e4a7_img1.jpg,..\image_labeling\data\labeled\irrelevant\raw_media_e0f4a2998585_img1.jpg,0
..\image_labeling\data\labeled\irrelevant\raw_media_037987dbfa81_img1.jpg,..\image_labeling\data\labeled\irrelevant\raw_media_d129280831b3_img1.jpg,0
..\image_labeling\data\labeled\irrelevant\raw_media_0398a25bce42_img2.jpg,..\image_labeling\data\labeled\irrelevant\raw_media_72cec0ff0a0a_img2.jpg,0
..\image_labeling\data\labeled\irrelevant\raw_media_04706efd3ca9_img1.jpg,..\image_labeling\data\labeled\irrelevant\raw_media_90ef3e2a722f_img1.jpg,0
..\image_labeling\data\labeled\irrelevant\raw_media_0495a73c7949_img1.jpg,..\image_labeling\data\labeled\irrelevant\raw_media_de350bcfd481_img1.jpg,0
..\image_labeling\data\labeled\irrelevant\raw_media_04cc3ffc2397_img1.jpg,..\image_labeling\data\labeled\irrelevant\raw_media_710d96b49ce4_img1.jpg,0
..\image_labeling\data\labeled\irrelevant\raw_media_05243e1047f2_img1.jpg,..\image_labeling\data\labeled\irrelevant\raw_media_c49afff17a06_img1.jpg,0
..\image_labeling\data\labeled\irrelevant\raw_media_058503012ee4_img1.jpg,..\image_labeling\data\labeled\irrelevant\raw_media_73e20a764114_img1.jpg,0
..\image_labeling\data\labeled\irrelevant\raw_media_05c042c369bb_img1.jpg,..\image_labeling\data\labeled\irrelevant\raw_media_84ce2e3865cf_img1.jpg,0
..\image_labeling\data\labeled\irrelevant\raw_media_05fdeb9c84f1_img1.jpg,..\image_labeling\data\labeled\irrelevant\raw_media_dcd6ea369860_img1.jpg,0
..\image_labeling\data\labeled\irrelevant\raw_media_06afa021c256_img1.jpg,..\image_labeling\data\labeled\irrelevant\raw_media_a60fca48c7b2_img1.jpg,0
..\image_labeling\data\labeled\irrelevant\raw_media_075e2698c913_img1.jpg,..\image_labeling\data\labeled\irrelevant\raw_media_7de94147e892_img1.jpg,0
..\image_labeling\data\labeled\irrelevant\raw_media_076443edc361_img1.jpg,..\image_labeling\data\labeled\irrelevant\raw_media_999b3a3296fb_img1.jpg,0
..\image_labeling\data\labeled\irrelevant\raw_media_07747f742742_img2.jpg,..\image_labeling\data\labeled\irrelevant\raw_media_6450a6a94c9b_img2.jpg,0
..\image_labeling\data\labeled\irrelevant\raw_media_07747f742742_img3.jpg,..\image_labeling\data\labeled\irrelevant\raw_media_6450a6a94c9b_img3.jpg,0
..\image_labeling\data\labeled\irrelevant\raw_media_07747f742742_img4.jpg,..\image_labeling\data\labeled\irrelevant\raw_media_6450a6a94c9b_img4.jpg,0
..\image_labeling\data\labeled\irrelevant\raw_media_089e32910393_img1.jpg,..\image_labeling\data\labeled\irrelevant\raw_media_8dcc7ca2325f_img1.jpg,0
..\image_labeling\data\labeled\irrelevant\raw_media_089e32910393_img2.jpg,..\image_labeling\data\labeled\irrelevant\raw_media_8dcc7ca2325f_img2.jpg,0
..\image_labeling\data\labeled\irrelevant\raw_media_089e32910393_img3.jpg,..\image_labeling\data\labeled\irrelevant\raw_media_8dcc7ca2325f_img3.jpg,0
..\image_labeling\data\labeled\irrelevant\raw_media_089e32910393_img4.jpg,..\image_labeling\data\labeled\irrelevant\raw_media_8dcc7ca2325f_img4.jpg,0
..\image_labeling\data\labeled\irrelevant\raw_media_089e32910393_img5.jpg,..\image_labeling\data\labeled\irrelevant\raw_media_8dcc7ca2325f_img5.jpg,0
..\image_labeling\data\labeled\irrelevant\raw_media_08a88c046506_img2.jpg,..\image_labeling\data\labeled\irrelevant\raw_media_fd0f3c8d5761_img2.jpg,0
..\image_labeling\data\labeled\irrelevant\raw_media_08b29b3724db_img1.jpg,..\image_labeling\data\labeled\irrelevant\raw_media_4bf3c81fb910_img1.jpg,0
..\image_labeling\data\labeled\irrelevant\raw_media_09299c22d4f0_img1.jpg,..\image_labeling\data\labeled\irrelevant\raw_media_99df1ffef0dd_img1.jpg,0
..\image_labeling\data\labeled\irrelevant\raw_media_096c71e70ae6_img2.jpg,..\image_labeling\data\labeled\irrelevant\raw_media_e250165ff58e_img2.jpg,0
..\image_labeling\data\labeled\irrelevant\raw_media_09790a670de4_img1.jpg,..\image_labeling\data\labeled\irrelevant\raw_media_7a04963e94d2_img1.jpg,0
..\image_labeling\data\labeled\irrelevant\raw_media_09c28816b8fd_img2.jpg,..\image_labeling\data\labeled\irrelevant\raw_media_0f57b4654858_img2.jpg,0
..\image_labeling\data\labeled\irrelevant\raw_media_0a4b25a9654c_img1.jpg,..\image_labeling\data\labeled\irrelevant\raw_media_7a34ef14e7d4_img1.jpg,0
..\image_labeling\data\labeled\irrelevant\raw_media_0a4ba5481b4e_img1.jpg,..\image_labeling\data\labeled\irrelevant\raw_media_ad86546ee671_img1.jpg,0
..\image_labeling\data\labeled\irrelevant\raw_media_0a85be1d351c_img1.jpg,..\image_labeling\data\labeled\irrelevant\raw_media_d40eb9c43076_img1.jpg,0
..\image_labeling\data\labeled\irrelevant\raw_media_0aa8e9640ac9_img2.jpg,..\image_labeling\data\labeled\irrelevant\raw_media_f27a46f5eab4_img2.jpg,0
..\image_labeling\data\labeled\irrelevant\raw_media_0abf81094d19_img1.jpg,..\image_labeling\data\labeled\irrelevant\raw_media_5a5865759ecd_img1.jpg,0
..\image_labeling\data\labeled\irrelevant\raw_media_0bc5fe9e1571_img1.jpg,..\image_labeling\data\labeled\irrelevant\raw_media_70188033939d_img1.jpg,0
..\image_labeling\data\labeled\irrelevant\raw_media_0c120ef954ac_img2.jpg,..\image_labeling\data\labeled\irrelevant\raw_media_2cb3f5fe3faa_img2.jpg,0
..\image_labeling\data\labeled\irrelevant\raw_media_0c120ef954ac_img2.jpg,..\image_labeling\data\labeled\irrelevant\raw_media_8ec535eada4b_img2.jpg,0
..\image_labeling\data\labeled\irrelevant\raw_media_0c120ef954ac_img2.jpg,..\image_labeling\data\labeled\irrelevant\raw_media_f0fe7e591f89_img2.jpg,0
..\image_labeling\data\labeled\irrelevant\raw_media_0c5166b61e57_img1.jpg,..\image_labeling\data\labeled\irrelevant\raw_media_ae80f9bb33ad_img1.jpg,0
..\image_labeling\data\labeled\irrelevant\raw_media_0c9aca1ea7eb_img1.jpg,..\image_labeling\data\labeled\irrelevant\raw_media_40cbe86c02a0_img1.jpg,0
..\image_labeling\data\labeled\irrelevant\raw_media_0cf708e3d0c0_img1.jpg,..\image_labeling\data\labeled\irrelevant\raw_media_4ac7d66a5ba7_img1.jpg,0
..\image_labeling\data\labeled\irrelevant\raw_media_0cf708e3d0c0_img2.jpg,..\image_labeling\data\labeled\irrelevant\raw_media_4ac7d66a5ba7_img2.jpg,0
..\image_labeling\data\labeled\irrelevant\raw_media_0cf708e3d0c0_img3.jpg,..\image_labeling\data\labeled\irrelevant\raw_media_4ac7d66a5ba7_img3.jpg,0
..\image_labeling\data\labeled\irrelevant\raw_media_0cf708e3d0c0_img4.jpg,..\image_labeling\data\labeled\irrelevant\raw_media_4ac7d66a5ba7_img4.jpg,0
..\image_labeling\data\labeled\irrelevant\raw_media_0cf708e3d0c0_img5.jpg,..\image_labeling\data\labeled\irrelevant\raw_media_4ac7d66a5ba7_img5.jpg,0
..\image_labeling\data\labeled\irrelevant\raw_media_0cfe874dd2aa_img1.jpg,..\image_labeling\data\labeled\irrelevant\raw_media_cecd2b28fd5f_img1.jpg,0
..\image_labeling\data\labeled\irrelevant\raw_media_0d4746f22624_img1.jpg,..\image_labeling\data\labeled\irrelevant\raw_media_a78ed8047d4c_img1.jpg,0
..\image_labeling\data\labeled\irrelevant\raw_media_0d70d792961f_img1.jpg,..\image_labeling\data\labeled\irrelevant\raw_media_c44506cfd9f9_img1.jpg,0
..\image_labeling\data\labeled\irrelevant\raw_media_0d79c03d1681_img1.jpg,..\image_labeling\data\labeled\irrelevant\raw_media_d6da17f56f0f_img1.jpg,0
..\image_labeling\data\labeled\irrelevant\raw_media_0e456962157d_img1.jpg,..\image_labeling\data\labeled\irrelevant\raw_media_b35e813f7d9b_img1.jpg,0
..\image_labeling\data\labeled\irrelevant\raw_media_0e4f135a9944_img1.jpg,..\image_labeling\data\labeled\irrelevant\raw_media_af4f41bf0d86_img1.jpg,0
..\image_labeling\data\labeled\irrelevant\raw_media_0e5e58dfbeb6_img1.jpg,..\image_labeling\data\labeled\irrelevant\raw_media_8b321f0610ee_img1.jpg,0
..\image_labeling\data\labeled\irrelevant\raw_media_0e6dcaf644fc_img1.jpg,..\image_labeling\data\labeled\irrelevant\raw_media_2405df8b42ff_img1.jpg,0
..\image_labeling\data\labeled\irrelevant\raw_media_0f147f877a50_img1.jpg,..\image_labeling\data\labeled\irrelevant\raw_media_3dbfa72b0157_img1.jpg,0
..\image_labeling\data\labeled\irrelevant\raw_media_0f36b86dc992_img1.jpg,..\image_labeling\data\labeled\irrelevant\raw_media_0f36b86dc992_img2.jpg,0
..\image_labeling\data\labeled\irrelevant\raw_media_0f36b86dc992_img1.jpg,..\image_labeling\data\labeled\irrelevant\raw_media_0f36b86dc992_img3.jpg,0
..\image_labeling\data\labeled\irrelevant\raw_media_0f36b86dc992_img2.jpg,..\image_labeling\data\labeled\irrelevant\raw_media_0f36b86dc992_img3.jpg,0
..\image_labeling\data\labeled\irrelevant\raw_media_0f4ca5f65763_img1.jpg,..\image_labeling\data\labeled\irrelevant\raw_media_9948ccb05fac_img1.jpg,0
..\image_labeling\data\labeled\irrelevant\raw_media_1022c37e6d94_img1.jpg,..\image_labeling\data\labeled\irrelevant\raw_media_d2fc35de9031_img1.jpg,0
..\image_labeling\data\labeled\irrelevant\raw_media_109cedd28e20_img2.jpg,..\image_labeling\data\labeled\irrelevant\raw_media_2546ad28e83b_img2.jpg,0
..\image_labeling\data\labeled\irrelevant\raw_media_10cc72e60eda_img1.jpg,..\image_labeling\data\labeled\irrelevant\raw_media_dcb8e7291223_img1.jpg,0
..\image_labeling\data\labeled\irrelevant\raw_media_10cc83869339_img1.jpg,..\image_labeling\data\labeled\irrelevant\raw_media_f5dc73946bff_img1.jpg,0
..\image_labeling\data\labeled\irrelevant\raw_media_114d53f8642c_img1.jpg,..\image_labeling\data\labeled\irrelevant\raw_media_afcb6f8df09b_img1.jpg,0
..\image_labeling\data\labeled\irrelevant\raw_media_11626ee771f0_img1.jpg,..\image_labeling\data\labeled\irrelevant\raw_media_d2db63685120_img1.jpg,0
..\image_labeling\data\labeled\irrelevant\raw_media_1190380d039e_img1.jpg,..\image_labeling\data\labeled\irrelevant\raw_media_a78b74210361_img1.jpg,0
..\image_labeling\data\labeled\irrelevant\raw_media_1190380d039e_img1.jpg,..\image_labeling\data\labeled\irrelevant\raw_media_ab61dda0d501_img1.jpg,0
..\image_labeling\data\labeled\irrelevant\raw_media_1190380d039e_img1.jpg,..\image_labeling\data\labeled\irrelevant\raw_media_e6c8ff73333e_img1.jpg,0
..\image_labeling\data\labeled\irrelevant\raw_media_11a37a004746_img1.jpg,..\image_labeling\data\labeled\irrelevant\raw_media_7b03be5d28cc_img1.jpg,0
..\image_labeling\data\labeled\irrelevant\raw_media_11f8297be686_img1.jpg,..\image_labeling\data\labeled\irrelevant\raw_media_340337f55e19_img1.jpg,0
..\image_labeling\data\labeled\irrelevant\raw_media_12067c07c0f8_img1.jpg,..\image_labeling\data\labeled\irrelevant\raw_media_15fc4e2bb1f1_img1.jpg,0
..\image_labeling\data\labeled\irrelevant\raw_media_12067c07c0f8_img1.jpg,..\image_labeling\data\labeled\irrelevant\raw_media_16a98a186702_img1.jpg,0
..\image_labeling\data\labeled\irrelevant\raw_media_12067c07c0f8_img1.jpg,..\image_labeling\data\labeled\irrelevant\raw_media_1fe59b7201d1_img1.jpg,0
..\image_labeling\data\labeled\irrelevant\raw_media_12067c07c0f8_img1.jpg,..\image_labeling\data\labeled\irrelevant\raw_media_3b57cce419ed_img1.jpg,0
..\image_labeling\data\labeled\irrelevant\raw_media_12067c07c0f8_img1.jpg,..\image_labeling\data\labeled\irrelevant\raw_media_4f9d09e97768_img1.jpg,1
..\image_labeling\data\labeled\irrelevant\raw_media_12067c07c0f8_img1.jpg,..\image_labeling\data\labeled\irrelevant\raw_media_523d91148995_img1.jpg,1
..\image_labeling\data\labeled\irrelevant\raw_media_12067c07c0f8_img1.jpg,..\image_labeling\data\labeled\irrelevant\raw_media_68c68902ae27_img1.jpg,0
..\image_labeling\data\labeled\irrelevant\raw_media_12067c07c0f8_img1.jpg,..\image_labeling\data\labeled\irrelevant\raw_media_765a59fd2d30_img1.jpg,0
..\image_labeling\data\labeled\irrelevant\raw_media_12067c07c0f8_img1.jpg,..\image_labeling\data\labeled\irrelevant\raw_media_81bd4787d77c_img1.jpg,0
..\image_labeling\data\labeled\irrelevant\raw_media_12067c07c0f8_img1.jpg,..\image_labeling\data\labeled\irrelevant\raw_media_8e8ce353e705_img1.jpg,0
..\image_labeling\data\labeled\irrelevant\raw_media_12067c07c0f8_img1.jpg,..\image_labeling\data\labeled\irrelevant\raw_media_9deea004dca2_img1.jpg,0
..\image_labeling\data\labeled\irrelevant\raw_media_12067c07c0f8_img1.jpg,..\image_labeling\data\labeled\irrelevant\raw_media_a0653efeb054_img1.jpg,1
..\image_labeling\data\labeled\irrelevant\raw_media_12067c07c0f8_img1.jpg,..\image_labeling\data\labeled\irrelevant\raw_media_c1081bb8a810_img1.jpg,1
..\image_labeling\data\labeled\irrelevant\raw_media_12067c07c0f8_img1.jpg,..\image_labeling\data\labeled\irrelevant\raw_media_ed34b8f73263_img2.jpg,1
..\image_labeling\data\labeled\irrelevant\raw_media_12067c07c0f8_img1.jpg,..\image_labeling\data\labeled\irrelevant\raw_media_efb24e6ebf70_img1.jpg,1
..\image_labeling\data\labeled\irrelevant\raw_media_12067c07c0f8_img1.jpg,..\image_labeling\data\labeled\irrelevant\raw_media_f4121baab593_img1.jpg,1
..\image_labeling\data\labeled\irrelevant\raw_media_12067c07c0f8_img1.jpg,..\image_labeling\data\labeled\irrelevant\raw_media_fd8facbdb5da_img1.jpg,1
..\image_labeling\data\labeled\irrelevant\raw_media_127683f7944a_img1.jpg,..\image_labeling\data\labeled\irrelevant\raw_media_1d595be1e324_img1.jpg,0
..\image_labeling\data\labeled\irrelevant\raw_media_1286fce2a02c_img2.jpg,..\image_labeling\data\labeled\irrelevant\raw_media_f9d1ef8471c9_img2.jpg,0
..\image_labeling\data\labeled\irrelevant\raw_media_13072dfc14f6_img1.jpg,..\image_labeling\data\labeled\irrelevant\raw_media_f8d3fc32b22a_img1.jpg,0
..\image_labeling\data\labeled\irrelevant\raw_media_14305f9dd826_img1.jpg,..\image_labeling\data\labeled\irrelevant\raw_media_f5e4e89ebec7_img1.jpg,0
..\image_labeling\data\labeled\irrelevant\raw_media_1472a81cd847_img1.jpg,..\image_labeling\data\labeled\irrelevant\raw_media_41885b526452_img1.jpg,0
..\image_labeling\data\labeled\irrelevant\raw_media_14dbafaa3eaf_img1.jpg,..\image_labeling\data\labeled\irrelevant\raw_media_741424c87463_img1.jpg,0
..\image_labeling\data\labeled\irrelevant\raw_media_14dbafaa3eaf_img2.jpg,..\image_labeling\data\labeled\irrelevant\raw_media_741424c87463_img2.jpg,0
..\image_labeling\data\labeled\irrelevant\raw_media_14dbafaa3eaf_img3.jpg,..\image_labeling\data\labeled\irrelevant\raw_media_741424c87463_img3.jpg,0
..\image_labeling\data\labeled\irrelevant\raw_media_14dbafaa3eaf_img4.jpg,..\image_labeling\data\labeled\irrelevant\raw_media_741424c87463_img4.jpg,0
..\image_labeling\data\labeled\irrelevant\raw_media_14dbafaa3eaf_img5.jpg,..\image_labeling\data\labeled\irrelevant\raw_media_741424c87463_img5.jpg,0
..\image_labeling\data\labeled\irrelevant\raw_media_14dbafaa3eaf_img6.jpg,..\image_labeling\data\labeled\irrelevant\raw_media_741424c87463_img6.jpg,0
..\image_labeling\data\labeled\irrelevant\raw_media_14de93d3d202_img1.jpg,..\image_labeling\data\labeled\irrelevant\raw_media_310f743d6358_img1.jpg,0
..\image_labeling\data\labeled\irrelevant\raw_media_14df9033579b_img1.jpg,..\image_labeling\data\labeled\irrelevant\raw_media_308185cf2268_img1.jpg,0
..\image_labeling\data\labeled\irrelevant\raw_media_14ff81258f1d_img2.jpg,..\image_labeling\data\labeled\irrelevant\raw_media_bd1b3b484bb6_img2.jpg,0
..\image_labeling\data\labeled\irrelevant\raw_media_14ff81258f1d_img2.jpg,..\image_labeling\data\labeled\irrelevant\raw_media_e1487d03e18d_img2.jpg,0
..\image_labeling\data\labeled\irrelevant\raw_media_1579ef958515_img1.jpg,..\image_labeling\data\labeled\irrelevant\raw_media_4f9a3247694b_img1.jpg,0
..\image_labeling\data\labeled\irrelevant\raw_media_15a476f1c91f_img1.jpg,..\image_labeling\data\labeled\irrelevant\raw_media_c135cba43480_img1.jpg,0
..\image_labeling\data\labeled\irrelevant\raw_media_15f638639be2_img1.jpg,..\image_labeling\data\labeled\irrelevant\raw_media_a8c2452406b7_img1.jpg,0
..\image_labeling\data\labeled\irrelevant\raw_media_15fc4e2bb1f1_img1.jpg,..\image_labeling\data\labeled\irrelevant\raw_media_16a98a186702_img1.jpg,0
..\image_labeling\data\labeled\irrelevant\raw_media_15fc4e2bb1f1_img1.jpg,..\image_labeling\data\labeled\irrelevant\raw_media_1fe59b7201d1_img1.jpg,0
..\image_labeling\data\labeled\irrelevant\raw_media_15fc4e2bb1f1_img1.jpg,..\image_labeling\data\labeled\irrelevant\raw_media_3b57cce419ed_img1.jpg,0
..\image_labeling\data\labeled\irrelevant\raw_media_15fc4e2bb1f1_img1.jpg,..\image_labeling\data\labeled\irrelevant\raw_media_4f9d09e97768_img1.jpg,1
..\image_labeling\data\labeled\irrelevant\raw_media_15fc4e2bb1f1_img1.jpg,..\image_labeling\data\labeled\irrelevant\raw_media_523d91148995_img1.jpg,1
..\image_labeling\data\labeled\irrelevant\raw_media_15fc4e2bb1f1_img1.jpg,..\image_labeling\data\labeled\irrelevant\raw_media_68c68902ae27_img1.jpg,0
..\image_labeling\data\labeled\irrelevant\raw_media_15fc4e2bb1f1_img1.jpg,..\image_labeling\data\labeled\irrelevant\raw_media_765a59fd2d30_img1.jpg,0
..\image_labeling\data\labeled\irrelevant\raw_media_15fc4e2bb1f1_img1.jpg,..\image_labeling\data\labeled\irrelevant\raw_media_81bd4787d77c_img1.jpg,0
..\image_labeling\data\labeled\irrelevant\raw_media_15fc4e2bb1f1_img1.jpg,..\image_labeling\data\labeled\irrelevant\raw_media_8e8ce353e705_img1.jpg,0
..\image_labeling\data\labeled\irrelevant\raw_media_15fc4e2bb1f1_img1.jpg,..\image_labeling\data\labeled\irrelevant\raw_media_9deea004dca2_img1.jpg,0
..\image_labeling\data\labeled\irrelevant\raw_media_15fc4e2bb1f1_img1.jpg,..\image_labeling\data\labeled\irrelevant\raw_media_a0653efeb054_img1.jpg,1
..\image_labeling\data\labeled\irrelevant\raw_media_15fc4e2bb1f1_img1.jpg,..\image_labeling\data\labeled\irrelevant\raw_media_c1081bb8a810_img1.jpg,1
..\image_labeling\data\labeled\irrelevant\raw_media_15fc4e2bb1f1_img1.jpg,..\image_labeling\data\labeled\irrelevant\raw_media_ed34b8f73263_img2.jpg,1
..\image_labeling\data\labeled\irrelevant\raw_media_15fc4e2bb1f1_img1.jpg,..\image_labeling\data\labeled\irrelevant\raw_media_efb24e6ebf70_img1.jpg,1
..\image_labeling\data\labeled\irrelevant\raw_media_15fc4e2bb1f1_img1.jpg,..\image_labeling\data\labeled\irrelevant\raw_media_f4121baab593_img1.jpg,1
..\image_labeling\data\labeled\irrelevant\raw_media_15fc4e2bb1f1_img1.jpg,..\image_labeling\data\labeled\irrelevant\raw_media_fd8facbdb5da_img1.jpg,1
..\image_labeling\data\labeled\irrelevant\raw_media_1635c5e3d578_img1.jpg,..\image_labeling\data\labeled\irrelevant\raw_media_c5aaf3709a7f_img1.jpg,0
..\image_labeling\data\labeled\irrelevant\raw_media_164751bd6552_img1.jpg,..\image_labeling\data\labeled\irrelevant\raw_media_472380abb67d_img1.jpg,0
..\image_labeling\data\labeled\irrelevant\raw_media_16a199633d42_img1.jpg,..\image_labeling\data\labeled\irrelevant\raw_media_a09e4be14123_img1.jpg,10
..\image_labeling\data\labeled\irrelevant\raw_media_16a199633d42_img1.jpg,..\image_labeling\data\labeled\irrelevant\raw_media_e7a30741fdd1_img2.jpg,4
..\image_labeling\data\labeled\irrelevant\raw_media_16a98a186702_img1.jpg,..\image_labeling\data\labeled\irrelevant\raw_media_1fe59b7201d1_img1.jpg,0
..\image_labeling\data\labeled\irrelevant\raw_media_16a98a186702_img1.jpg,..\image_labeling\data\labeled\irrelevant\raw_media_3b57cce419ed_img1.jpg,0
..\image_labeling\data\labeled\irrelevant\raw_media_16a98a186702_img1.jpg,..\image_labeling\data\labeled\irrelevant\raw_media_4f9d09e97768_img1.jpg,1
..\image_labeling\data\labeled\irrelevant\raw_media_16a98a186702_img1.jpg,..\image_labeling\data\labeled\irrelevant\raw_media_523d91148995_img1.jpg,1
..\image_labeling\data\labeled\irrelevant\raw_media_16a98a186702_img1.jpg,..\image_labeling\data\labeled\irrelevant\raw_media_68c68902ae27_img1.jpg,0
..\image_labeling\data\labeled\irrelevant\raw_media_16a98a186702_img1.jpg,..\image_labeling\data\labeled\irrelevant\raw_media_765a59fd2d30_img1.jpg,0
..\image_labeling\data\labeled\irrelevant\raw_media_16a98a186702_img1.jpg,..\image_labeling\data\labeled\irrelevant\raw_media_81bd4787d77c_img1.jpg,0
..\image_labeling\data\labeled\irrelevant\raw_media_16a98a186702_img1.jpg,..\image_labeling\data\labeled\irrelevant\raw_media_8e8ce353e705_img1.jpg,0
..\image_labeling\data\labeled\irrelevant\raw_media_16a98a186702_img1.jpg,..\image_labeling\data\labeled\irrelevant\raw_media_9deea004dca2_img1.jpg,0
..\image_labeling\data\labeled\irrelevant\raw_media_16a98a186702_img1.jpg,..\image_labeling\data\labeled\irrelevant\raw_media_a0653efeb054_img1.jpg,1
..\image_labeling\data\labeled\irrelevant\raw_media_16a98a186702_img1.jpg,..\image_labeling\data\labeled\irrelevant\raw_media_c1081bb8a810_img1.jpg,1
..\image_labeling\data\labeled\irrelevant\raw_media_16a98a186702_img1.jpg,..\image_labeling\data\labeled\irrelevant\raw_media_ed34b8f73263_img2.jpg,1
..\image_labeling\data\labeled\irrelevant\raw_media_16a98a186702_img1.jpg,..\image_labeling\data\labeled\irrelevant\raw_media_efb24e6ebf70_img1.jpg,1
..\image_labeling\data\labeled\irrelevant\raw_media_16a98a186702_img1.jpg,..\image_labeling\data\labeled\irrelevant\raw_media_f4121baab593_img1.jpg,1
..\image_labeling\data\labeled\irrelevant\raw_media_16a98a186702_img1.jpg,..\image_labeling\data\labeled\irrelevant\raw_media_fd8facbdb5da_img1.jpg,1
..\image_labeling\data\labeled\irrelevant\raw_media_1715aecc011e_img1.jpg,..\image_labeling\data\labeled\irrelevant\raw_media_d3b913a24d4e_img1.jpg,0
..\image_labeling\data\labeled\irrelevant\raw_media_176c3c7ff518_img1.jpg,..\image_labeling\data\labeled\irrelevant\raw_media_8afb1dc8230d_img1.jpg,0
..\image_labeling\data\labeled\irrelevant\raw_media_1790b61d3ab4_img1.jpg,..\image_labeling\data\labeled\irrelevant\raw_media_f4e242697d6f_img1.jpg,0
..\image_labeling\data\labeled\irrelevant\raw_media_180db2bf1f11_img1.jpg,..\image_labeling\data\labeled\irrelevant\raw_media_79e4826f7b47_img1.jpg,0
..\image_labeling\data\labeled\irrelevant\raw_media_1819be812170_img1.jpg,..\image_labeling\data\labeled\irrelevant\raw_media_5d6db1bb12a1_img1.jpg,0
..\image_labeling\data\labeled\irrelevant\raw_media_1838cac66b1f_img1.jpg,..\image_labeling\data\labeled\irrelevant\raw_media_f6186e54d83b_img1.jpg,0
..\image_labeling\data\labeled\irrelevant\raw_media_18d0955893c0_img1.jpg,..\image_labeling\data\labeled\irrelevant\raw_media_7ccbcfc9ca77_img1.jpg,0
..\image_labeling\data\labeled\irrelevant\raw_media_18f168dcbbb2_img1.jpg,..\image_labeling\data\labeled\irrelevant\raw_media_2e95f7578c82_img1.jpg,0
..\image_labeling\data\labeled\irrelevant\raw_media_19029f36c2ba_img1.jpg,..\image_labeling\data\labeled\irrelevant\raw_media_79ef09222563_img1.jpg,0
..\image_labeling\data\labeled\irrelevant\raw_media_192d4bf9f234_img1.jpg,..\image_labeling\data\labeled\irrelevant\raw_media_ab1c9905bb73_img1.jpg,0
..\image_labeling\data\labeled\irrelevant\raw_media_19804b3056d5_img1.jpg,..\image_labeling\data\labeled\irrelevant\raw_media_2d7c81d1cda1_img1.jpg,0
..\image_labeling\data\labeled\irrelevant\raw_media_19b91b64cef9_img1.jpg,..\image_labeling\data\labeled\irrelevant\raw_media_c29d765471e4_img1.jpg,0
..\image_labeling\data\labeled\irrelevant\raw_media_19b91b64cef9_img3.jpg,..\image_labeling\data\labeled\irrelevant\raw_media_c29d765471e4_img2.jpg,0
..\image_labeling\data\labeled\irrelevant\raw_media_19b91b64cef9_img4.jpg,..\image_labeling\data\labeled\irrelevant\raw_media_c29d765471e4_img3.jpg,0
..\image_labeling\data\labeled\irrelevant\raw_media_19dcb621f38c_img1.jpg,..\image_labeling\data\labeled\irrelevant\raw_media_23325b281403_img1.jpg,0
..\image_labeling\data\labeled\irrelevant\raw_media_19dcb621f38c_img1.jpg,..\image_labeling\data\labeled\irrelevant\raw_media_40b9f12b41c8_img1.jpg,0
..\image_labeling\data\labeled\irrelevant\raw_media_19dcb621f38c_img1.jpg,..\image_labeling\data\labeled\irrelevant\raw_media_6a9ad84447bb_img1.jpg,0
..\image_labeling\data\labeled\irrelevant\raw_media_19e4c0b0c0e7_img1.jpg,..\image_labeling\data\labeled\irrelevant\raw_media_b47b6fd59132_img1.jpg,0
..\image_labeling\data\labeled\irrelevant\raw_media_19eedfdc964b_img1.jpg,..\image_labeling\data\labeled\irrelevant\raw_media_94f7bb82d5f9_img1.jpg,0
..\image_labeling\data\labeled\irrelevant\raw_media_1ade3cbf2895_img1.jpg,..\image_labeling\data\labeled\irrelevant\raw_media_3f58aef790ec_img1.jpg,0
..\image_labeling\data\labeled\irrelevant\raw_media_1b00ff59e7de_img1.jpg,..\image_labeling\data\labeled\irrelevant\raw_media_338febd72823_img1.jpg,0
..\image_labeling\data\labeled\irrelevant\raw_media_1b0424ffffd2_img1.jpg,..\image_labeling\data\labeled\irrelevant\raw_media_edd22ec900c1_img1.jpg,0
..\image_labeling\data\labeled\irrelevant\raw_media_1b923264b1e5_img1.jpg,..\image_labeling\data\labeled\irrelevant\raw_media_3dddb52d3faa_img1.jpg,0
..\image_labeling\data\labeled\irrelevant\raw_media_1bce6f15bf3d_img1.jpg,..\image_labeling\data\labeled\irrelevant\raw_media_fd10a41cf381_img1.jpg,0
..\image_labeling\data\labeled\irrelevant\raw_media_1c1a3b0ae601_img1.jpg,..\image_labeling\data\labeled\irrelevant\raw_media_f357766e1475_img1.jpg,0
..\image_labeling\data\labeled\irrelevant\raw_media_1c9b3c96a5c5_img1.jpg,..\image_labeling\data\labeled\irrelevant\raw_media_e5c855efdcf1_img1.jpg,0
..\image_labeling\data\labeled\irrelevant\raw_media_1d487d9f2a11_img1.jpg,..\image_labeling\data\labeled\irrelevant\raw_media_7306bbb00b5e_img1.jpg,0
..\image_labeling\data\labeled\irrelevant\raw_media_1e8afe5813f1_img1.jpg,..\image_labeling\data\labeled\irrelevant\raw_media_ce5d160d4f98_img1.jpg,0
..\image_labeling\data\labeled\irrelevant\raw_media_1eb49a426719_img1.jpg,..\image_labeling\data\labeled\irrelevant\raw_media_65961efc0069_img1.jpg,8
..\image_labeling\data\labeled\irrelevant\raw_media_1eb49a426719_img1.jpg,..\image_labeling\data\labeled\irrelevant\raw_media_ce576360df85_img1.jpg,0
..\image_labeling\data\labeled\irrelevant\raw_media_1eb49a426719_img1.jpg,..\image_labeling\data\labeled\irrelevant\raw_media_fe7ca318ce0e_img1.jpg,8
..\image_labeling\data\labeled\irrelevant\raw_media_1eb885733b1a_img1.jpg,..\image_labeling\data\labeled\irrelevant\raw_media_9774b6202d9e_img1.jpg,0
..\image_labeling\data\labeled\irrelevant\raw_media_1eb885733b1a_img1.jpg,..\image_labeling\data\labeled\irrelevant\raw_media_bb2790aeab98_img1.jpg,0
..\image_labeling\data\labeled\irrelevant\raw_media_1eb885733b1a_img1.jpg,..\image_labeling\data\labeled\irrelevant\raw_media_bfc146f8d01b_img1.jpg,0
..\image_labeling\data\labeled\irrelevant\raw_media_1ef65165daf1_img1.jpg,..\image_labeling\data\labeled\irrelevant\raw_media_c176eb995305_img1.jpg,0
..\image_labeling\data\labeled\irrelevant\raw_media_1f0a55fdebe9_img1.jpg,..\image_labeling\data\labeled\irrelevant\raw_media_a4ea3a1678cf_img1.jpg,0
..\image_labeling\data\labeled\irrelevant\raw_media_1f3be2903757_img1.jpg,..\image_labeling\data\labeled\irrelevant\raw_media_844911c7af94_img1.jpg,0
..\image_labeling\data\labeled\irrelevant\raw_media_1f97584f0e1f_img1.jpg,..\image_labeling\data\labeled\irrelevant\raw_media_eefe1e2547f7_img1.jpg,0
..\image_labeling\data\labeled\irrelevant\raw_media_1fe59b7201d1_img1.jpg,..\image_labeling\data\labeled\irrelevant\raw_media_3b57cce419ed_img1.jpg,0
..\image_labeling\data\labeled\irrelevant\raw_media_1fe59b7201d1_img1.jpg,..\image_labeling\data\labeled\irrelevant\raw_media_4f9d09e97768_img1.jpg,1
..\image_labeling\data\labeled\irrelevant\raw_media_1fe59b7201d1_img1.jpg,..\image_labeling\data\labeled\irrelevant\raw_media_523d91148995_img1.jpg,1
..\image_labeling\data\labeled\irrelevant\raw_media_1fe59b7201d1_img1.jpg,..\image_labeling\data\labeled\irrelevant\raw_media_68c68902ae27_img1.jpg,0
..\image_labeling\data\labeled\irrelevant\raw_media_1fe59b7201d1_img1.jpg,..\image_labeling\data\labeled\irrelevant\raw_media_765a59fd2d30_img1.jpg,0
..\image_labeling\data\labeled\irrelevant\raw_media_1fe59b7201d1_img1.jpg,..\image_labeling\data\labeled\irrelevant\raw_media_81bd4787d77c_img1.jpg,0
..\image_labeling\data\labeled\irrelevant\raw_media_1fe59b7201d1_img1.jpg,..\image_labeling\data\labeled\irrelevant\raw_media_8e8ce353e705_img1.jpg,0
..\image_labeling\data\labeled\irrelevant\raw_media_1fe59b7201d1_img1.jpg,..\image_labeling\data\labeled\irrelevant\raw_media_9deea004dca2_img1.jpg,0
..\image_labeling\data\labeled\irrelevant\raw_media_1fe59b7201d1_img1.jpg,..\image_labeling\data\labeled\irrelevant\raw_media_a0653efeb054_img1.jpg,1
..\image_labeling\data\labeled\irrelevant\raw_media_1fe59b7201d1_img1.jpg,..\image_labeling\data\labeled\irrelevant\raw_media_c1081bb8a810_img1.jpg,1
..\image_labeling\data\labeled\irrelevant\raw_media_1fe59b7201d1_img1.jpg,..\image_labeling\data\labeled\irrelevant\raw_media_ed34b8f73263_img2.jpg,1
..\image_labeling\data\labeled\irrelevant\raw_media_1fe59b7201d1_img1.jpg,..\image_labeling\data\labeled\irrelevant\raw_media_efb24e6ebf70_img1.jpg,1
..\image_labeling\data\labeled\irrelevant\raw_media_1fe59b7201d1_img1.jpg,..\image_labeling\data\labeled\irrelevant\raw_media_f4121baab593_img1.jpg,1
..\image_labeling\data\labeled\irrelevant\raw_media_1fe59b7201d1_img1.jpg,..\image_labeling\data\labeled\irrelevant\raw_media_fd8facbdb5da_img1.jpg,1
..\image_labeling\data\labeled\irrelevant\raw_media_1ffe66eb006e_img1.jpg,..\image_labeling\data\labeled\irrelevant\raw_media_d4efde43ee42_img1.jpg,10
..\image_labeling\data\labeled\irrelevant\raw_media_201bb1bfab50_img1.jpg,..\image_labeling\data\labeled\irrelevant\raw_media_9bf0afc5e73d_img1.jpg,0
..\image_labeling\data\labeled\irrelevant\raw_media_206b5905af03_img1.jpg,..\image_labeling\data\labeled\irrelevant\raw_media_749dfe3703c0_img1.jpg,0
..\image_labeling\data\labeled\irrelevant\raw_media_210b81cedaa7_img1.jpg,..\image_labeling\data\labeled\irrelevant\raw_media_99b5424df806_img1.jpg,0
..\image_labeling\data\labeled\irrelevant\raw_media_215626a5d23e_img1.jpg,..\image_labeling\data\labeled\irrelevant\raw_media_540bc5c6230d_img1.jpg,0
..\image_labeling\data\labeled\irrelevant\raw_media_218b3c87e3fd_img1.jpg,..\image_labeling\data\labeled\irrelevant\raw_media_96ca39c889ba_img1.jpg,0
..\image_labeling\data\labeled\irrelevant\raw_media_21d01256a2bf_img1.jpg,..\image_labeling\data\labeled\irrelevant\raw_media_2cb42c92039b_img1.jpg,0
..\image_labeling\data\labeled\irrelevant\raw_media_21e6307d929c_img2.jpg,..\image_labeling\data\labeled\irrelevant\raw_media_ef1104605f6b_img2.jpg,0
..\image_labeling\data\labeled\irrelevant\raw_media_21e9142facf5_img1.jpg,..\image_labeling\data\labeled\irrelevant\raw_media_6cfb833eb6f9_img1.jpg,0
..\image_labeling\data\labeled\irrelevant\raw_media_220be7471325_img1.jpg,..\image_labeling\data\labeled\irrelevant\raw_media_8e3eb17bbbb6_img1.jpg,0
..\image_labeling\data\labeled\irrelevant\raw_media_221800b89b61_img1.jpg,..\image_labeling\data\labeled\irrelevant\raw_media_f59a48b571e8_img1.jpg,0
..\image_labeling\data\labeled\irrelevant\raw_media_2275f074c85f_img1.jpg,..\image_labeling\data\labeled\irrelevant\raw_media_59d046f82037_img1.jpg,0
..\image_labeling\data\labeled\irrelevant\raw_media_2287734bec9f_img1.jpg,..\image_labeling\data\labeled\irrelevant\raw_media_664b9d0aeea1_img1.jpg,0
..\image_labeling\data\labeled\irrelevant\raw_media_2287734bec9f_img1.jpg,..\image_labeling\data\labeled\irrelevant\raw_media_b8039fb1a187_img1.jpg,0
..\image_labeling\data\labeled\irrelevant\raw_media_2287734bec9f_img1.jpg,..\image_labeling\data\labeled\irrelevant\raw_media_f85cbf5e017d_img1.jpg,0
..\image_labeling\data\labeled\irrelevant\raw_media_228bf1582987_img2.jpg,..\image_labeling\data\labeled\irrelevant\raw_media_c0bc57c7d577_img2.jpg,0
..\image_labeling\data\labeled\irrelevant\raw_media_22fd9bf2ba18_img1.jpg,..\image_labeling\data\labeled\irrelevant\raw_media_98976369cd37_img1.jpg,0
..\image_labeling\data\labeled\irrelevant\raw_media_230c41f3e5d2_img1.jpg,..\image_labeling\data\labeled\irrelevant\raw_media_df2b16a08bdd_img1.jpg,0
..\image_labeling\data\labeled\irrelevant\raw_media_23325b281403_img1.jpg,..\image_labeling\data\labeled\irrelevant\raw_media_40b9f12b41c8_img1.jpg,0
..\image_labeling\data\labeled\irrelevant\raw_media_23325b281403_img1.jpg,..\image_labeling\data\labeled\irrelevant\raw_media_6a9ad84447bb_img1.jpg,0
..\image_labeling\data\labeled\irrelevant\raw_media_234df42ba26f_img1.jpg,..\image_labeling\data\labeled\irrelevant\raw_media_61cad7b372cf_img1.jpg,0
..\image_labeling\data\labeled\irrelevant\raw_media_23991a60d7e0_img1.jpg,..\image_labeling\data\labeled\irrelevant\raw_media_84633fcec604_img1.jpg,0
..\image_labeling\data\labeled\irrelevant\raw_media_2401adf3dc50_img1.jpg,..\image_labeling\data\labeled\irrelevant\raw_media_26dd3a5eb982_img1.jpg,0
..\image_labeling\data\labeled\irrelevant\raw_media_2401adf3dc50_img1.jpg,..\image_labeling\data\labeled\irrelevant\raw_media_5be1e6a94182_img1.jpg,0
..\image_labeling\data\labeled\irrelevant\raw_media_2401adf3dc50_img1.jpg,..\image_labeling\data\labeled\irrelevant\raw_media_aa4031c57c09_img1.jpg,0
..\image_labeling\data\labeled\irrelevant\raw_media_2401adf3dc50_img1.jpg,..\image_labeling\data\labeled\irrelevant\raw_media_e70ed0a3efdd_img1.jpg,0
..\image_labeling\data\labeled\irrelevant\raw_media_24724fbeef76_img1.jpg,..\image_labeling\data\labeled\irrelevant\raw_media_c780f44c92cf_img1.jpg,0
..\image_labeling\data\labeled\irrelevant\raw_media_255f4d42d0b0_img1.jpg,..\image_labeling\data\labeled\irrelevant\raw_media_eb30fcad2f2f_img1.jpg,0
..\image_labeling\data\labeled\irrelevant\raw_media_255f4d42d0b0_img2.jpg,..\image_labeling\data\labeled\irrelevant\raw_media_eb30fcad2f2f_img2.jpg,0
..\image_labeling\data\labeled\irrelevant\raw_media_25a2f99fbd29_img1.jpg,..\image_labeling\data\labeled\irrelevant\raw_media_39df446c5450_img1.jpg,0
..\image_labeling\data\labeled\irrelevant\raw_media_266eee361329_img1.jpg,..\image_labeling\data\labeled\irrelevant\raw_media_452ed5547dc2_img1.jpg,0
..\image_labeling\data\labeled\irrelevant\raw_media_266eee361329_img1.jpg,..\image_labeling\data\labeled\irrelevant\raw_media_4b16f4f59098_img1.jpg,0
..\image_labeling\data\labeled\irrelevant\raw_media_266eee361329_img1.jpg,..\image_labeling\data\labeled\irrelevant\raw_media_58d00742835d_img1.jpg,0
..\image_labeling\data\labeled\irrelevant\raw_media_268094e8954c_img1.jpg,..\image_labeling\data\labeled\irrelevant\raw_media_39b6741ccefc_img1.jpg,2
..\image_labeling\data\labeled\irrelevant\raw_media_268094e8954c_img1.jpg,..\image_labeling\data\labeled\irrelevant\raw_media_490ac17e20dd_img1.jpg,0
..\image_labeling\data\labeled\irrelevant\raw_media_268094e8954c_img1.jpg,..\image_labeling\data\labeled\irrelevant\raw_media_986eebc950bb_img1.jpg,2
..\image_labeling\data\labeled\irrelevant\raw_media_26dd3a5eb982_img1.jpg,..\image_labeling\data\labeled\irrelevant\raw_media_5be1e6a94182_img1.jpg,0
..\image_labeling\data\labeled\irrelevant\raw_media_26dd3a5eb982_img1.jpg,..\image_labeling\data\labeled\irrelevant\raw_media_aa4031c57c09_img1.jpg,0
..\image_labeling\data\labeled\irrelevant\raw_media_26dd3a5eb982_img1.jpg,..\image_labeling\data\labeled\irrelevant\raw_media_e70ed0a3efdd_img1.jpg,0
..\image_labeling\data\labeled\irrelevant\raw_media_272c78b8d629_img1.jpg,..\image_labeling\data\labeled\irrelevant\raw_media_9400d47cd6ea_img1.jpg,0
..\image_labeling\data\labeled\irrelevant\raw_media_2821608d9ed0_img1.jpg,..\image_labeling\data\labeled\irrelevant\raw_media_c9befb5d7284_img1.jpg,0
..\image_labeling\data\labeled\irrelevant\raw_media_28962ab65749_img1.jpg,..\image_labeling\data\labeled\irrelevant\raw_media_8930f6555807_img1.jpg,0
..\image_labeling\data\labeled\irrelevant\raw_media_28f7262e0d36_img1.jpg,..\image_labeling\data\labeled\irrelevant\raw_media_6cbe0b6c06cc_img1.jpg,0
..\image_labeling\data\labeled\irrelevant\raw_media_28f7262e0d36_img1.jpg,..\image_labeling\data\labeled\irrelevant\raw_media_92d3c7af1a59_img1.jpg,0
..\image_labeling\data\labeled\irrelevant\raw_media_28f7262e0d36_img1.jpg,..\image_labeling\data\labeled\irrelevant\raw_media_aad5c5010319_img1.jpg,0
..\image_labeling\data\labeled\irrelevant\raw_media_28f7262e0d36_img1.jpg,..\image_labeling\data\labeled\irrelevant\raw_media_b7197b4288fb_img1.jpg,0
..\image_labeling\data\labeled\irrelevant\raw_media_28f7262e0d36_img1.jpg,..\image_labeling\data\labeled\irrelevant\raw_media_e5a7b9a97baf_img1.jpg,0
..\image_labeling\data\labeled\irrelevant\raw_media_2943b8004ae3_img1.jpg,..\image_labeling\data\labeled\irrelevant\raw_media_a91375cabe9f_img1.jpg,0
..\image_labeling\data\labeled\irrelevant\raw_media_2944e03a1e09_img1.jpg,..\image_labeling\data\labeled\irrelevant\raw_media_679815821159_img1.jpg,0
..\image_labeling\data\labeled\irrelevant\raw_media_298c0ac6aa23_img1.jpg,..\image_labeling\data\labeled\irrelevant\raw_media_7fea0eaa5ef6_img1.jpg,0
..\image_labeling\data\labeled\irrelevant\raw_media_2afb8e75a04c_img1.jpg,..\image_labeling\data\labeled\irrelevant\raw_media_4c1b516d5f8f_img1.jpg,0
..\image_labeling\data\labeled\irrelevant\raw_media_2b9ced40e810_img2.jpg,..\image_labeling\data\labeled\irrelevant\raw_media_86bef96f7acd_img2.jpg,0
..\image_labeling\data\labeled\irrelevant\raw_media_2bb4e430d4ea_img1.jpg,..\image_labeling\data\labeled\irrelevant\raw_media_a4b9d1392d3e_img1.jpg,0
..\image_labeling\data\labeled\irrelevant\raw_media_2bc51f00f62f_img1.jpg,..\image_labeling\data\labeled\irrelevant\raw_media_2e129d0a46d2_img1.jpg,0
..\image_labeling\data\labeled\irrelevant\raw_media_2bc51f00f62f_img1.jpg,..\image_labeling\data\labeled\irrelevant\raw_media_b496e44a9a8d_img1.jpg,0
..\image_labeling\data\labeled\irrelevant\raw_media_2bc51f00f62f_img1.jpg,..\image_labeling\data\labeled\irrelevant\raw_media_e5e50ee44191_img1.jpg,0
..\image_labeling\data\labeled\irrelevant\raw_media_2c2fa8993c5a_img1.jpg,..\image_labeling\data\labeled\irrelevant\raw_media_2c2fa8993c5a_img2.jpg,6
..\image_labeling\data\labeled\irrelevant\raw_media_2c61af905281_img1.jpg,..\image_labeling\data\labeled\irrelevant\raw_media_90b76883f083_img1.jpg,0
..\image_labeling\data\labeled\irrelevant\raw_media_2cb3f5fe3faa_img2.jpg,..\image_labeling\data\labeled\irrelevant\raw_media_8ec535eada4b_img2.jpg,0
..\image_labeling\data\labeled\irrelevant\raw_media_2cb3f5fe3faa_img2.jpg,..\image_labeling\data\labeled\irrelevant\raw_media_f0fe7e591f89_img2.jpg,0
..\image_labeling\data\labeled\irrelevant\raw_media_2d1476562792_img1.jpg,..\image_labeling\data\labeled\irrelevant\raw_media_f99f051d8b42_img1.jpg,0
..\image_labeling\data\labeled\irrelevant\raw_media_2d6652ddc071_img2.jpg,..\image_labeling\data\labeled\irrelevant\raw_media_3d43ef01f2c8_img2.jpg,0
..\image_labeling\data\labeled\irrelevant\raw_media_2d691b8961b6_img1.jpg,..\image_labeling\data\labeled\irrelevant\raw_media_3d13fe66bae9_img1.jpg,0
..\image_labeling\data\labeled\irrelevant\raw_media_2d71c65d0127_img1.jpg,..\image_labeling\data\labeled\irrelevant\raw_media_d857d8333dfd_img1.jpg,0
..\image_labeling\data\labeled\irrelevant\raw_media_2d71c65d0127_img2.jpg,..\image_labeling\data\labeled\irrelevant\raw_media_d857d8333dfd_img2.jpg,0
..\image_labeling\data\labeled\irrelevant\raw_media_2d71c65d0127_img2.jpg,..\image_labeling\data\labeled\irrelevant\raw_media_df0a14b369b6_img1.jpg,0
..\image_labeling\data\labeled\irrelevant\raw_media_2d71c65d0127_img3.jpg,..\image_labeling\data\labeled\irrelevant\raw_media_d857d8333dfd_img3.jpg,0
..\image_labeling\data\labeled\irrelevant\raw_media_2d71c65d0127_img3.jpg,..\image_labeling\data\labeled\irrelevant\raw_media_df0a14b369b6_img2.jpg,0
..\image_labeling\data\labeled\irrelevant\raw_media_2d71c65d0127_img4.jpg,..\image_labeling\data\labeled\irrelevant\raw_media_d857d8333dfd_img4.jpg,0
..\image_labeling\data\labeled\irrelevant\raw_media_2d71c65d0127_img4.jpg,..\image_labeling\data\labeled\irrelevant\raw_media_df0a14b369b6_img3.jpg,0
..\image_labeling\data\labeled\irrelevant\raw_media_2d71c65d0127_img5.jpg,..\image_labeling\data\labeled\irrelevant\raw_media_d857d8333dfd_img5.jpg,0
..\image_labeling\data\labeled\irrelevant\raw_media_2d71c65d0127_img5.jpg,..\image_labeling\data\labeled\irrelevant\raw_media_df0a14b369b6_img4.jpg,0
..\image_labeling\data\labeled\irrelevant\raw_media_2d98d22572b4_img1.jpg,..\image_labeling\data\labeled\irrelevant\raw_media_41369f90261f_img1.jpg,10
..\image_labeling\data\labeled\irrelevant\raw_media_2d9fb18a52bf_img1.jpg,..\image_labeling\data\labeled\irrelevant\raw_media_afc9f3f3cfd7_img1.jpg,0
..\image_labeling\data\labeled\irrelevant\raw_media_2dafbbde49a9_img1.jpg,..\image_labeling\data\labeled\irrelevant\raw_media_ae403ed0584c_img1.jpg,0
..\image_labeling\data\labeled\irrelevant\raw_media_2db6d7e6c0ee_img2.jpg,..\image_labeling\data\labeled\irrelevant\raw_media_858ea925f21a_img2.jpg,0
..\image_labeling\data\labeled\irrelevant\raw_media_2dd6aa86ffd7_img1.jpg,..\image_labeling\data\labeled\irrelevant\raw_media_d5c9cdeb9f5e_img1.jpg,0
..\image_labeling\data\labeled\irrelevant\raw_media_2e0f9e614cba_img1.jpg,..\image_labeling\data\labeled\irrelevant\raw_media_8f3b3933b5b5_img1.jpg,0
..\image_labeling\data\labeled\irrelevant\raw_media_2e129d0a46d2_img1.jpg,..\image_labeling\data\labeled\irrelevant\raw_media_b496e44a9a8d_img1.jpg,0
..\image_labeling\data\labeled\irrelevant\raw_media_2e129d0a46d2_img1.jpg,..\image_labeling\data\labeled\irrelevant\raw_media_e5e50ee44191_img1.jpg,0
..\image_labeling\data\labeled\irrelevant\raw_media_2e5a6c764037_img1.jpg,..\image_labeling\data\labeled\irrelevant\raw_media_765d591c01b3_img1.jpg,0
..\image_labeling\data\labeled\irrelevant\raw_media_2e81f0577a38_img1.jpg,..\image_labeling\data\labeled\irrelevant\raw_media_f9de7818712b_img1.jpg,0
..\image_labeling\data\labeled\irrelevant\raw_media_2f481f52600b_img1.jpg,..\image_labeling\data\labeled\irrelevant\raw_media_60cf6afcda7b_img1.jpg,0
..\image_labeling\data\labeled\irrelevant\raw_media_2f8d480832c8_img1.jpg,..\image_labeling\data\labeled\irrelevant\raw_media_851539b71c6d_img1.jpg,0
..\image_labeling\data\labeled\irrelevant\raw_media_302962a896dd_img2.jpg,..\image_labeling\data\labeled\irrelevant\raw_media_c970213cd18d_img2.jpg,0
..\image_labeling\data\labeled\irrelevant\raw_media_30b23539b850_img1.jpg,..\image_labeling\data\labeled\irrelevant\raw_media_bf37069ab38b_img1.jpg,0
..\image_labeling\data\labeled\irrelevant\raw_media_30c25bad2307_img1.jpg,..\image_labeling\data\labeled\irrelevant\raw_media_9e22afafe25a_img1.jpg,0
..\image_labeling\data\labeled\irrelevant\raw_media_310ad4c22ebe_img1.jpg,..\image_labeling\data\labeled\irrelevant\raw_media_7395dc265ea6_img1.jpg,0
..\image_labeling\data\labeled\irrelevant\raw_media_310ad4c22ebe_img1.jpg,..\image_labeling\data\labeled\irrelevant\raw_media_901436578087_img2.jpg,0
..\image_labeling\data\labeled\irrelevant\raw_media_310ad4c22ebe_img2.jpg,..\image_labeling\data\labeled\irrelevant\raw_media_7395dc265ea6_img2.jpg,0
..\image_labeling\data\labeled\irrelevant\raw_media_310ad4c22ebe_img2.jpg,..\image_labeling\data\labeled\irrelevant\raw_media_901436578087_img1.jpg,0
..\image_labeling\data\labeled\irrelevant\raw_media_313787c5b9aa_img1.jpg,..\image_labeling\data\labeled\irrelevant\raw_media_50df99120124_img1.jpg,0
..\image_labeling\data\labeled\irrelevant\raw_media_31fbaadf0065_img1.jpg,..\image_labeling\data\labeled\irrelevant\raw_media_9d431952180f_img1.jpg,0
..\image_labeling\data\labeled\irrelevant\raw_media_322c1e612a97_img1.jpg,..\image_labeling\data\labeled\irrelevant\raw_media_72c53b904b2c_img1.jpg,0
..\image_labeling\data\labeled\irrelevant\raw_media_325353f1a1c9_img1.jpg,..\image_labeling\data\labeled\irrelevant\raw_media_aff4502ffeec_img1.jpg,0
..\image_labeling\data\labeled\irrelevant\raw_media_3263111c9b99_img1.jpg,..\image_labeling\data\labeled\irrelevant\raw_media_ce09d2f9a2c3_img1.jpg,0
..\image_labeling\data\labeled\irrelevant\raw_media_32ad6b8644a7_img2.jpg,..\image_labeling\data\labeled\irrelevant\raw_media_8e3745f0c58a_img2.jpg,0
..\image_labeling\data\labeled\irrelevant\raw_media_32bce63046dc_img1.jpg,..\image_labeling\data\labeled\irrelevant\raw_media_d7cec51feabe_img1.jpg,8
..\image_labeling\data\labeled\irrelevant\raw_media_333639679f96_img1.jpg,..\image_labeling\data\labeled\irrelevant\raw_media_fb4f3e344b22_img1.jpg,0
..\image_labeling\data\labeled\irrelevant\raw_media_336c81c9dd0f_img2.jpg,..\image_labeling\data\labeled\irrelevant\raw_media_809a4ad050f0_img2.jpg,0
..\image_labeling\data\labeled\irrelevant\raw_media_339bcd38df00_img1.jpg,..\image_labeling\data\labeled\irrelevant\raw_media_3eaa1bef2a14_img1.jpg,0
..\image_labeling\data\labeled\irrelevant\raw_media_339bcd38df00_img1.jpg,..\image_labeling\data\labeled\irrelevant\raw_media_7653d7dcbf98_img1.jpg,0
..\image_labeling\data\labeled\irrelevant\raw_media_339bcd38df00_img1.jpg,..\image_labeling\data\labeled\irrelevant\raw_media_f56a81c50c11_img1.jpg,0
..\image_labeling\data\labeled\irrelevant\raw_media_339bcd38df00_img1.jpg,..\image_labeling\data\labeled\irrelevant\raw_media_fc63b22da38e_img1.jpg,10
..\image_labeling\data\labeled\irrelevant\raw_media_358cb338766d_img1.jpg,..\image_labeling\data\labeled\irrelevant\raw_media_ea62aca7767b_img1.jpg,0
..\image_labeling\data\labeled\irrelevant\raw_media_35d2a926d17f_img1.jpg,..\image_labeling\data\labeled\irrelevant\raw_media_8b654bf34da5_img1.jpg,0
..\image_labeling\data\labeled\irrelevant\raw_media_3758f4467391_img1.jpg,..\image_labeling\data\labeled\irrelevant\raw_media_4d3a8e34f08b_img1.jpg,0
..\image_labeling\data\labeled\irrelevant\raw_media_37737dfbeb7c_img1.jpg,..\image_labeling\data\labeled\irrelevant\raw_media_7857446a5916_img1.jpg,0
..\image_labeling\data\labeled\irrelevant\raw_media_380bf9f85933_img2.jpg,..\image_labeling\data\labeled\irrelevant\raw_media_b16870827ff3_img2.jpg,0
..\image_labeling\data\labeled\irrelevant\raw_media_3852c3f12f45_img1.jpg,..\image_labeling\data\labeled\irrelevant\raw_media_3852c3f12f45_img2.jpg,2
..\image_labeling\data\labeled\irrelevant\raw_media_3852c3f12f45_img3.jpg,..\image_labeling\data\labeled\irrelevant\raw_media_3852c3f12f45_img6.jpg,2
..\image_labeling\data\labeled\irrelevant\raw_media_3852c3f12f45_img4.jpg,..\image_labeling\data\labeled\irrelevant\raw_media_3852c3f12f45_img5.jpg,0
..\image_labeling\data\labeled\irrelevant\raw_media_386dbb6bdd8f_img1.jpg,..\image_labeling\data\labeled\irrelevant\raw_media_749a4e9419ab_img1.jpg,0
..\image_labeling\data\labeled\irrelevant\raw_media_388cad2c212a_img1.jpg,..\image_labeling\data\labeled\irrelevant\raw_media_a99a6641634b_img1.jpg,0
..\image_labeling\data\labeled\irrelevant\raw_media_38b9a665ed61_img1.jpg,..\image_labeling\data\labeled\irrelevant\raw_media_a88c45c74330_img1.jpg,0
..\image_labeling\data\labeled\irrelevant\raw_media_38f144a1048d_img1.jpg,..\image_labeling\data\labeled\irrelevant\raw_media_5fff2b5a8f34_img1.jpg,0
..\image_labeling\data\labeled\irrelevant\raw_media_39b6741ccefc_img1.jpg,..\image_labeling\data\labeled\irrelevant\raw_media_490ac17e20dd_img1.jpg,2
..\image_labeling\data\labeled\irrelevant\raw_media_39b6741ccefc_img1.jpg,..\image_labeling\data\labeled\irrelevant\raw_media_986eebc950bb_img1.jpg,0
..\image_labeling\data\labeled\irrelevant\raw_media_39cbdfd24703_img1.jpg,..\image_labeling\data\labeled\irrelevant\raw_media_cac8f0be2a17_img1.jpg,0
..\image_labeling\data\labeled\irrelevant\raw_media_3a290f28c8a0_img1.jpg,..\image_labeling\data\labeled\irrelevant\raw_media_fc935603d7e0_img1.jpg,0
..\image_labeling\data\labeled\irrelevant\raw_media_3a50df4132f4_img1.jpg,..\image_labeling\data\labeled\irrelevant\raw_media_482e578ad8b5_img1.jpg,0
..\image_labeling\data\labeled\irrelevant\raw_media_3a8f64114dba_img1.jpg,..\image_labeling\data\labeled\irrelevant\raw_media_f60a75ec50fb_img1.jpg,0
..\image_labeling\data\labeled\irrelevant\raw_media_3ad3cb8df664_img1.jpg,..\image_labeling\data\labeled\irrelevant\raw_media_99af632a9c92_img1.jpg,0
..\image_labeling\data\labeled\irrelevant\raw_media_3af29c76dbc5_img2.jpg,..\image_labeling\data\labeled\irrelevant\raw_media_ff5278dc6e33_img2.jpg,0
..\image_labeling\data\labeled\irrelevant\raw_media_3b046fb3d5c7_img2.jpg,..\image_labeling\data\labeled\irrelevant\raw_media_e06b047752a8_img2.jpg,0
..\image_labeling\data\labeled\irrelevant\raw_media_3b57cce419ed_img1.jpg,..\image_labeling\data\labeled\irrelevant\raw_media_4f9d09e97768_img1.jpg,1
..\image_labeling\data\labeled\irrelevant\raw_media_3b57cce419ed_img1.jpg,..\image_labeling\data\labeled\irrelevant\raw_media_523d91148995_img1.jpg,1
..\image_labeling\data\labeled\irrelevant\raw_media_3b57cce419ed_img1.jpg,..\image_labeling\data\labeled\irrelevant\raw_media_68c68902ae27_img1.jpg,0
..\image_labeling\data\labeled\irrelevant\raw_media_3b57cce419ed_img1.jpg,..\image_labeling\data\labeled\irrelevant\raw_media_765a59fd2d30_img1.jpg,0
..\image_labeling\data\labeled\irrelevant\raw_media_3b57cce419ed_img1.jpg,..\image_labeling\data\labeled\irrelevant\raw_media_81bd4787d77c_img1.jpg,0
..\image_labeling\data\labeled\irrelevant\raw_media_3b57cce419ed_img1.jpg,..\image_labeling\data\labeled\irrelevant\raw_media_8e8ce353e705_img1.jpg,0
..\image_labeling\data\labeled\irrelevant\raw_media_3b57cce419ed_img1.jpg,..\image_labeling\data\labeled\irrelevant\raw_media_9deea004dca2_img1.jpg,0
..\image_labeling\data\labeled\irrelevant\raw_media_3b57cce419ed_img1.jpg,..\image_labeling\data\labeled\irrelevant\raw_media_a0653efeb054_img1.jpg,1
..\image_labeling\data\labeled\irrelevant\raw_media_3b57cce419ed_img1.jpg,..\image_labeling\data\labeled\irrelevant\raw_media_c1081bb8a810_img1.jpg,1
..\image_labeling\data\labeled\irrelevant\raw_media_3b57cce419ed_img1.jpg,..\image_labeling\data\labeled\irrelevant\raw_media_ed34b8f73263_img2.jpg,1
..\image_labeling\data\labeled\irrelevant\raw_media_3b57cce419ed_img1.jpg,..\image_labeling\data\labeled\irrelevant\raw_media_efb24e6ebf70_img1.jpg,1
..\image_labeling\data\labeled\irrelevant\raw_media_3b57cce419ed_img1.jpg,..\image_labeling\data\labeled\irrelevant\raw_media_f4121baab593_img1.jpg,1
..\image_labeling\data\labeled\irrelevant\raw_media_3b57cce419ed_img1.jpg,..\image_labeling\data\labeled\irrelevant\raw_media_fd8facbdb5da_img1.jpg,1
..\image_labeling\data\labeled\irrelevant\raw_media_3b86c4d1618d_img1.jpg,..\image_labeling\data\labeled\irrelevant\raw_media_80ddaacb9ad6_img1.jpg,0
..\image_labeling\data\labeled\irrelevant\raw_media_3ca027af2a69_img1.jpg,..\image_labeling\data\labeled\irrelevant\raw_media_c1e4645893e1_img1.jpg,0
..\image_labeling\data\labeled\irrelevant\raw_media_3caf9921ae72_img2.jpg,..\image_labeling\data\labeled\irrelevant\raw_media_d0a4364bfe3d_img2.jpg,0
..\image_labeling\data\labeled\irrelevant\raw_media_3ccb68b4ae95_img1.jpg,..\image_labeling\data\labeled\irrelevant\raw_media_fad85b200f09_img1.jpg,0
..\image_labeling\data\labeled\irrelevant\raw_media_3ccf20dec016_img1.jpg,..\image_labeling\data\labeled\irrelevant\raw_media_51820abd9530_img1.jpg,10
..\image_labeling\data\labeled\irrelevant\raw_media_3ccf20dec016_img1.jpg,..\image_labeling\data\labeled\irrelevant\raw_media_8dcaca09741d_img1.jpg,0
..\image_labeling\data\labeled\irrelevant\raw_media_3cd541f37ab8_img1.jpg,..\image_labeling\data\labeled\irrelevant\raw_media_e6693e0617eb_img1.jpg,0
..\image_labeling\data\labeled\irrelevant\raw_media_3da4a25070c3_img1.jpg,..\image_labeling\data\labeled\irrelevant\raw_media_8f34e49f70ba_img1.jpg,0
..\image_labeling\data\labeled\irrelevant\raw_media_3db5c8fdbde0_img1.jpg,..\image_labeling\data\labeled\irrelevant\raw_media_98984794d8f3_img1.jpg,0
..\image_labeling\data\labeled\irrelevant\raw_media_3df69aef6160_img1.jpg,..\image_labeling\data\labeled\irrelevant\raw_media_b0fbd0087209_img1.jpg,0
..\image_labeling\data\labeled\irrelevant\raw_media_3e25e9774ab4_img1.jpg,..\image_labeling\data\labeled\irrelevant\raw_media_b6c8599356b0_img1.jpg,0
..\image_labeling\data\labeled\irrelevant\raw_media_3eaa1bef2a14_img1.jpg,..\image_labeling\data\labeled\irrelevant\raw_media_7653d7dcbf98_img1.jpg,0
..\image_labeling\data\labeled\irrelevant\raw_media_3eaa1bef2a14_img1.jpg,..\image_labeling\data\labeled\irrelevant\raw_media_f56a81c50c11_img1.jpg,0
..\image_labeling\data\labeled\irrelevant\raw_media_3eaa1bef2a14_img1.jpg,..\image_labeling\data\labeled\irrelevant\raw_media_fc63b22da38e_img1.jpg,10
..\image_labeling\data\labeled\irrelevant\raw_media_3ef856feb777_img1.jpg,..\image_labeling\data\labeled\irrelevant\raw_media_cab4636c4290_img1.jpg,0
..\image_labeling\data\labeled\irrelevant\raw_media_3f693ac8470b_img1.jpg,..\image_labeling\data\labeled\irrelevant\raw_media_bc35fa7ff8b0_img1.jpg,0
..\image_labeling\data\labeled\irrelevant\raw_media_3f808f4a42a1_img1.jpg,..\image_labeling\data\labeled\irrelevant\raw_media_a1ea858c270a_img1.jpg,0
..\image_labeling\data\labeled\irrelevant\raw_media_3f951857b215_img1.jpg,..\image_labeling\data\labeled\irrelevant\raw_media_e891080b79f3_img1.jpg,0
..\image_labeling\data\labeled\irrelevant\raw_media_4075ea00a177_img1.jpg,..\image_labeling\data\labeled\irrelevant\raw_media_9eae5e79c595_img1.jpg,0
..\image_labeling\data\labeled\irrelevant\raw_media_4075ea00a177_img2.jpg,..\image_labeling\data\labeled\irrelevant\raw_media_9eae5e79c595_img2.jpg,0
..\image_labeling\data\labeled\irrelevant\raw_media_4075ea00a177_img3.jpg,..\image_labeling\data\labeled\irrelevant\raw_media_9eae5e79c595_img3.jpg,0
..\image_labeling\data\labeled\irrelevant\raw_media_4075ea00a177_img4.jpg,..\image_labeling\data\labeled\irrelevant\raw_media_9eae5e79c595_img4.jpg,0
..\image_labeling\data\labeled\irrelevant\raw_media_40b9f12b41c8_img1.jpg,..\image_labeling\data\labeled\irrelevant\raw_media_6a9ad84447bb_img1.jpg,0
..\image_labeling\data\labeled\irrelevant\raw_media_412674aa9b52_img1.jpg,..\image_labeling\data\labeled\irrelevant\raw_media_47e38103c5e3_img1.jpg,0
..\image_labeling\data\labeled\irrelevant\raw_media_41415f13604b_img2.jpg,..\image_labeling\data\labeled\irrelevant\raw_media_e74a2fee12f8_img2.jpg,0
..\image_labeling\data\labeled\irrelevant\raw_media_421f37cfcca1_img1.jpg,..\image_labeling\data\labeled\irrelevant\raw_media_cbad9297b74b_img1.jpg,0
..\image_labeling\data\labeled\irrelevant\raw_media_4252d4d6272c_img1.jpg,..\image_labeling\data\labeled\irrelevant\raw_media_9271ce449b54_img1.jpg,0
..\image_labeling\data\labeled\irrelevant\raw_media_42e0183f69f8_img1.jpg,..\image_labeling\data\labeled\irrelevant\raw_media_42e0183f69f8_img2.jpg,0
..\image_labeling\data\labeled\irrelevant\raw_media_433dc6ebf7fa_img1.jpg,..\image_labeling\data\labeled\irrelevant\raw_media_434c044483de_img1.jpg,0
..\image_labeling\data\labeled\irrelevant\raw_media_442e1fb6bf9a_img1.jpg,..\image_labeling\data\labeled\irrelevant\raw_media_551271b19d78_img1.jpg,0
..\image_labeling\data\labeled\irrelevant\raw_media_452ed5547dc2_img1.jpg,..\image_labeling\data\labeled\irrelevant\raw_media_4b16f4f59098_img1.jpg,0
..\image_labeling\data\labeled\irrelevant\raw_media_452ed5547dc2_img1.jpg,..\image_labeling\data\labeled\irrelevant\raw_media_58d00742835d_img1.jpg,0
..\image_labeling\data\labeled\irrelevant\raw_media_45a9fe53af3d_img1.jpg,..\image_labeling\data\labeled\irrelevant\raw_media_c6446660cef9_img1.jpg,0
..\image_labeling\data\labeled\irrelevant\raw_media_466ce8bca400_img1.jpg,..\image_labeling\data\labeled\irrelevant\raw_media_ed3eefce0fb4_img1.jpg,0
..\image_labeling\data\labeled\irrelevant\raw_media_46b27e7c44db_img1.jpg,..\image_labeling\data\labeled\irrelevant\raw_media_6a0df962a957_img1.jpg,0
..\image_labeling\data\labeled\irrelevant\raw_media_46edbcab1701_img1.jpg,..\image_labeling\data\labeled\irrelevant\raw_media_7366f797b45b_img1.jpg,0
..\image_labeling\data\labeled\irrelevant\raw_media_485636fa96af_img1.jpg,..\image_labeling\data\labeled\irrelevant\raw_media_8e9126ade0d1_img1.jpg,0
..\image_labeling\data\labeled\irrelevant\raw_media_488b7c2557dc_img1.jpg,..\image_labeling\data\labeled\irrelevant\raw_media_513c8b4f4c4b_img1.jpg,0
..\image_labeling\data\labeled\irrelevant\raw_media_48917f311613_img1.jpg,..\image_labeling\data\labeled\irrelevant\raw_media_a28e56385b18_img1.jpg,0
..\image_labeling\data\labeled\irrelevant\raw_media_4895cf38b787_img1.jpg,..\image_labeling\data\labeled\irrelevant\raw_media_c45995baf572_img1.jpg,0
..\image_labeling\data\labeled\irrelevant\raw_media_48cebb258be3_img1.jpg,..\image_labeling\data\labeled\wrong_item\raw_media_f8d0cc692204_img1.jpg,0
..\image_labeling\data\labeled\irrelevant\raw_media_48ede9ba5a42_img1.jpg,..\image_labeling\data\labeled\irrelevant\raw_media_d85548cc525b_img1.jpg,0
..\image_labeling\data\labeled\irrelevant\raw_media_490ac17e20dd_img1.jpg,..\image_labeling\data\labeled\irrelevant\raw_media_986eebc950bb_img1.jpg,2
..\image_labeling\data\labeled\irrelevant\raw_media_496235faefdf_img1.jpg,..\image_labeling\data\labeled\irrelevant\raw_media_e474de5e487b_img1.jpg,0
..\image_labeling\data\labeled\irrelevant\raw_media_4a094d1aa292_img1.jpg,..\image_labeling\data\labeled\irrelevant\raw_media_50d42177b7ad_img1.jpg,0
..\image_labeling\data\labeled\irrelevant\raw_media_4a4be0d944a3_img1.jpg,..\image_labeling\data\labeled\irrelevant\raw_media_e473521d8199_img1.jpg,0
..\image_labeling\data\labeled\irrelevant\raw_media_4a5412a458c3_img1.jpg,..\image_labeling\data\labeled\irrelevant\raw_media_cd8746e21360_img1.jpg,0
..\image_labeling\data\labeled\irrelevant\raw_media_4ade423759a9_img1.jpg,..\image_labeling\data\labeled\irrelevant\raw_media_663cd1dc5a56_img1.jpg,0
..\image_labeling\data\labeled\irrelevant\raw_media_4ade423759a9_img2.jpg,..\image_labeling\data\labeled\irrelevant\raw_media_663cd1dc5a56_img2.jpg,0
..\image_labeling\data\labeled\irrelevant\raw_media_4ae240abdcee_img1.jpg,..\image_labeling\data\labeled\irrelevant\raw_media_f7eda9725e42_img1.jpg,0
..\image_labeling\data\labeled\irrelevant\raw_media_4b16f4f59098_img1.jpg,..\image_labeling\data\labeled\irrelevant\raw_media_58d00742835d_img1.jpg,0
..\image_labeling\data\labeled\irrelevant\raw_media_4b48e0219973_img2.jpg,..\image_labeling\data\labeled\irrelevant\raw_media_ae6051f16d3a_img2.jpg,0
..\image_labeling\data\labeled\irrelevant\raw_media_4bf3efd75b5b_img1.jpg,..\image_labeling\data\labeled\irrelevant\raw_media_5e08be8fece6_img1.jpg,0
..\image_labeling\data\labeled\irrelevant\raw_media_4bf6d63489e5_img1.jpg,..\image_labeling\data\labeled\irrelevant\raw_media_7d4ae96aadb3_img1.jpg,0
..\image_labeling\data\labeled\irrelevant\raw_media_4bf77382b990_img1.jpg,..\image_labeling\data\labeled\irrelevant\raw_media_e38761bf7468_img1.jpg,0
..\image_labeling\data\labeled\irrelevant\raw_media_4bfca9f583fc_img1.jpg,..\image_labeling\data\labeled\irrelevant\raw_media_5f86c2f8ef3d_img1.jpg,0
..\image_labeling\data\labeled\irrelevant\raw_media_4c42be943381_img1.jpg,..\image_labeling\data\labeled\irrelevant\raw_media_5365064b8d75_img1.jpg,0
..\image_labeling\data\labeled\irrelevant\raw_media_4c71bc634d93_img2.jpg,..\image_labeling\data\labeled\irrelevant\raw_media_80de6ca97fee_img2.jpg,0
..\image_labeling\data\labeled\irrelevant\raw_media_4c7e29681b6f_img2.jpg,..\image_labeling\data\labeled\irrelevant\raw_media_547838fd4974_img2.jpg,0
..\image_labeling\data\labeled\irrelevant\raw_media_4d9c2526d10f_img1.jpg,..\image_labeling\data\labeled\irrelevant\raw_media_e709010fb1e9_img1.jpg,0
..\image_labeling\data\labeled\irrelevant\raw_media_4e33b14cad7c_img1.jpg,..\image_labeling\data\labeled\irrelevant\raw_media_e9e2714beb97_img1.jpg,0
..\image_labeling\data\labeled\irrelevant\raw_media_4e49370b8162_img1.jpg,..\image_labeling\data\labeled\irrelevant\raw_media_e48df1b7dd8d_img1.jpg,0
..\image_labeling\data\labeled\irrelevant\raw_media_4e49370b8162_img2.jpg,..\image_labeling\data\labeled\irrelevant\raw_media_e48df1b7dd8d_img2.jpg,0
..\image_labeling\data\labeled\irrelevant\raw_media_4eab16098e1c_img2.jpg,..\image_labeling\data\labeled\irrelevant\raw_media_aff44e77911a_img2.jpg,0
..\image_labeling\data\labeled\irrelevant\raw_media_4eb54618fd58_img1.jpg,..\image_labeling\data\labeled\irrelevant\raw_media_e0d552db4213_img1.jpg,0
..\image_labeling\data\labeled\irrelevant\raw_media_4f6da626f4f1_img1.jpg,..\image_labeling\data\labeled\irrelevant\raw_media_a177045a0022_img1.jpg,0
..\image_labeling\data\labeled\irrelevant\raw_media_4f9d09e97768_img1.jpg,..\image_labeling\data\labeled\irrelevant\raw_media_523d91148995_img1.jpg,0
..\image_labeling\data\labeled\irrelevant\raw_media_4f9d09e97768_img1.jpg,..\image_labeling\data\labeled\irrelevant\raw_media_68c68902ae27_img1.jpg,1
..\image_labeling\data\labeled\irrelevant\raw_media_4f9d09e97768_img1.jpg,..\image_labeling\data\labeled\irrelevant\raw_media_765a59fd2d30_img1.jpg,1
..\image_labeling\data\labeled\irrelevant\raw_media_4f9d09e97768_img1.jpg,..\image_labeling\data\labeled\irrelevant\raw_media_81bd4787d77c_img1.jpg,1
..\image_labeling\data\labeled\irrelevant\raw_media_4f9d09e97768_img1.jpg,..\image_labeling\data\labeled\irrelevant\raw_media_8e8ce353e705_img1.jpg,1
..\image_labeling\data\labeled\irrelevant\raw_media_4f9d09e97768_img1.jpg,..\image_labeling\data\labeled\irrelevant\raw_media_9deea004dca2_img1.jpg,1
..\image_labeling\data\labeled\irrelevant\raw_media_4f9d09e97768_img1.jpg,..\image_labeling\data\labeled\irrelevant\raw_media_a0653efeb054_img1.jpg,0
..\image_labeling\data\labeled\irrelevant\raw_media_4f9d09e97768_img1.jpg,..\image_labeling\data\labeled\irrelevant\raw_media_c1081bb8a810_img1.jpg,0
..\image_labeling\data\labeled\irrelevant\raw_media_4f9d09e97768_img1.jpg,..\image_labeling\data\labeled\irrelevant\raw_media_ed34b8f73263_img2.jpg,0
..\image_labeling\data\labeled\irrelevant\raw_media_4f9d09e97768_img1.jpg,..\image_labeling\data\labeled\irrelevant\raw_media_efb24e6ebf70_img1.jpg,0
..\image_labeling\data\labeled\irrelevant\raw_media_4f9d09e97768_img1.jpg,..\image_labeling\data\labeled\irrelevant\raw_media_f4121baab593_img1.jpg,0
..\image_labeling\data\labeled\irrelevant\raw_media_4f9d09e97768_img1.jpg,..\image_labeling\data\labeled\irrelevant\raw_media_fd8facbdb5da_img1.jpg,0
..\image_labeling\data\labeled\irrelevant\raw_media_50065846f978_img1.jpg,..\image_labeling\data\labeled\irrelevant\raw_media_ddcc1551abb0_img1.jpg,0
..\image_labeling\data\labeled\irrelevant\raw_media_50f71848db72_img1.jpg,..\image_labeling\data\labeled\irrelevant\raw_media_537d3228d6f0_img1.jpg,0
..\image_labeling\data\labeled\irrelevant\raw_media_51820abd9530_img1.jpg,..\image_labeling\data\labeled\irrelevant\raw_media_8dcaca09741d_img1.jpg,10
..\image_labeling\data\labeled\irrelevant\raw_media_523d91148995_img1.jpg,..\image_labeling\data\labeled\irrelevant\raw_media_68c68902ae27_img1.jpg,1
..\image_labeling\data\labeled\irrelevant\raw_media_523d91148995_img1.jpg,..\image_labeling\data\labeled\irrelevant\raw_media_765a59fd2d30_img1.jpg,1
..\image_labeling\data\labeled\irrelevant\raw_media_523d91148995_img1.jpg,..\image_labeling\data\labeled\irrelevant\raw_media_81bd4787d77c_img1.jpg,1
..\image_labeling\data\labeled\irrelevant\raw_media_523d91148995_img1.jpg,..\image_labeling\data\labeled\irrelevant\raw_media_8e8ce353e705_img1.jpg,1
..\image_labeling\data\labeled\irrelevant\raw_media_523d91148995_img1.jpg,..\image_labeling\data\labeled\irrelevant\raw_media_9deea004dca2_img1.jpg,1
..\image_labeling\data\labeled\irrelevant\raw_media_523d91148995_img1.jpg,..\image_labeling\data\labeled\irrelevant\raw_media_a0653efeb054_img1.jpg,0
..\image_labeling\data\labeled\irrelevant\raw_media_523d91148995_img1.jpg,..\image_labeling\data\labeled\irrelevant\raw_media_c1081bb8a810_img1.jpg,0
..\image_labeling\data\labeled\irrelevant\raw_media_523d91148995_img1.jpg,..\image_labeling\data\labeled\irrelevant\raw_media_ed34b8f73263_img2.jpg,0
..\image_labeling\data\labeled\irrelevant\raw_media_523d91148995_img1.jpg,..\image_labeling\data\labeled\irrelevant\raw_media_efb24e6ebf70_img1.jpg,0
..\image_labeling\data\labeled\irrelevant\raw_media_523d91148995_img1.jpg,..\image_labeling\data\labeled\irrelevant\raw_media_f4121baab593_img1.jpg,0
..\image_labeling\data\labeled\irrelevant\raw_media_523d91148995_img1.jpg,..\image_labeling\data\labeled\irrelevant\raw_media_fd8facbdb5da_img1.jpg,0
..\image_labeling\data\labeled\irrelevant\raw_media_52751f55ce1b_img1.jpg,..\image_labeling\data\labeled\irrelevant\raw_media_f75dcab901f1_img1.jpg,0
..\image_labeling\data\labeled\irrelevant\raw_media_53afdf0bc1fa_img1.jpg,..\image_labeling\data\labeled\irrelevant\raw_media_a38804874524_img1.jpg,0
..\image_labeling\data\labeled\irrelevant\raw_media_53ccc3278ae8_img1.jpg,..\image_labeling\data\labeled\irrelevant\raw_media_b8a1e6e14bfd_img1.jpg,0
..\image_labeling\data\labeled\irrelevant\raw_media_547637075140_img1.jpg,..\image_labeling\data\labeled\irrelevant\raw_media_620e6902b0d5_img1.jpg,0
..\image_labeling\data\labeled\irrelevant\raw_media_547637075140_img1.jpg,..\image_labeling\data\labeled\irrelevant\raw_media_d346f4a33668_img1.jpg,0
..\image_labeling\data\labeled\irrelevant\raw_media_55127f598e4f_img1.jpg,..\image_labeling\data\labeled\irrelevant\raw_media_e7c06281b2ca_img1.jpg,0
..\image_labeling\data\labeled\irrelevant\raw_media_5538193404e4_img2.jpg,..\image_labeling\data\labeled\irrelevant\raw_media_9afd5926530a_img2.jpg,0
..\image_labeling\data\labeled\irrelevant\raw_media_5564611262f9_img1.jpg,..\image_labeling\data\labeled\irrelevant\raw_media_6c13d2e74e26_img1.jpg,0
..\image_labeling\data\labeled\irrelevant\raw_media_56b6c16bbb54_img1.jpg,..\image_labeling\data\labeled\irrelevant\raw_media_ccf1f7d8b5c0_img1.jpg,0
..\image_labeling\data\labeled\irrelevant\raw_media_581367fac190_img1.jpg,..\image_labeling\data\labeled\irrelevant\raw_media_c0956f4f3e5c_img1.jpg,0
..\image_labeling\data\labeled\irrelevant\raw_media_582aea7d179c_img1.jpg,..\image_labeling\data\labeled\irrelevant\raw_media_fe245dfe8610_img1.jpg,0
..\image_labeling\data\labeled\irrelevant\raw_media_598cabb4f4cc_img1.jpg,..\image_labeling\data\labeled\irrelevant\raw_media_9dc42e9e47b0_img1.jpg,0
..\image_labeling\data\labeled\irrelevant\raw_media_59f98d20b9f8_img1.jpg,..\image_labeling\data\labeled\irrelevant\raw_media_982ed39f5fe0_img1.jpg,0
..\image_labeling\data\labeled\irrelevant\raw_media_5a20107ed9d6_img1.jpg,..\image_labeling\data\labeled\irrelevant\raw_media_b7584809aeec_img1.jpg,0
..\image_labeling\data\labeled\irrelevant\raw_media_5aa20a8f9446_img1.jpg,..\image_labeling\data\labeled\irrelevant\raw_media_8ac3200b0170_img1.jpg,0
..\image_labeling\data\labeled\irrelevant\raw_media_5aa8160b71a8_img1.jpg,..\image_labeling\data\labeled\irrelevant\raw_media_79750d1b5a57_img1.jpg,0
..\image_labeling\data\labeled\irrelevant\raw_media_5af23e09b5ff_img2.jpg,..\image_labeling\data\labeled\irrelevant\raw_media_e3443d2ecd0a_img2.jpg,0
..\image_labeling\data\labeled\irrelevant\raw_media_5af2c307aaa2_img1.jpg,..\image_labeling\data\labeled\irrelevant\raw_media_80cf7b96cb30_img1.jpg,0
..\image_labeling\data\labeled\irrelevant\raw_media_5bbc2cda26c8_img1.jpg,..\image_labeling\data\labeled\irrelevant\raw_media_a3db8abceeb8_img1.jpg,0
..\image_labeling\data\labeled\irrelevant\raw_media_5be1e6a94182_img1.jpg,..\image_labeling\data\labeled\irrelevant\raw_media_aa4031c57c09_img1.jpg,0
..\image_labeling\data\labeled\irrelevant\raw_media_5be1e6a94182_img1.jpg,..\image_labeling\data\labeled\irrelevant\raw_media_e70ed0a3efdd_img1.jpg,0
..\image_labeling\data\labeled\irrelevant\raw_media_5c1814f9f52e_img1.jpg,..\image_labeling\data\labeled\irrelevant\raw_media_5eeedf29a30c_img1.jpg,0
..\image_labeling\data\labeled\irrelevant\raw_media_5c4fccb2169d_img1.jpg,..\image_labeling\data\labeled\irrelevant\raw_media_8393dd6598aa_img1.jpg,0
..\image_labeling\data\labeled\irrelevant\raw_media_5c8618e5bad6_img1.jpg,..\image_labeling\data\labeled\irrelevant\raw_media_f30d0ee93baf_img1.jpg,0
..\image_labeling\data\labeled\irrelevant\raw_media_5cb041b35891_img2.jpg,..\image_labeling\data\labeled\irrelevant\raw_media_aa424a0c03dd_img2.jpg,0
..\image_labeling\data\labeled\irrelevant\raw_media_5d994a42afd8_img1.jpg,..\image_labeling\data\labeled\irrelevant\raw_media_6c964c4ecde0_img1.jpg,0
..\image_labeling\data\labeled\irrelevant\raw_media_5e23eeffec4f_img1.jpg,..\image_labeling\data\labeled\irrelevant\raw_media_64ef4fe94ec5_img1.jpg,0
..\image_labeling\data\labeled\irrelevant\raw_media_5f2ed4da3535_img1.jpg,..\image_labeling\data\labeled\irrelevant\raw_media_5f2ed4da3535_img2.jpg,0
..\image_labeling\data\labeled\irrelevant\raw_media_5f2ed4da3535_img1.jpg,..\image_labeling\data\labeled\irrelevant\raw_media_80e366eb38f1_img1.jpg,0
..\image_labeling\data\labeled\irrelevant\raw_media_5f2ed4da3535_img1.jpg,..\image_labeling\data\labeled\irrelevant\raw_media_80e366eb38f1_img2.jpg,0
..\image_labeling\data\labeled\irrelevant\raw_media_5f2ed4da3535_img1.jpg,..\image_labeling\data\labeled\irrelevant\raw_media_c98ef9439568_img1.jpg,0
..\image_labeling\data\labeled\irrelevant\raw_media_5f2ed4da3535_img1.jpg,..\image_labeling\data\labeled\irrelevant\raw_media_c98ef9439568_img2.jpg,0
..\image_labeling\data\labeled\irrelevant\raw_media_5f2ed4da3535_img2.jpg,..\image_labeling\data\labeled\irrelevant\raw_media_80e366eb38f1_img1.jpg,0
..\image_labeling\data\labeled\irrelevant\raw_media_5f2ed4da3535_img2.jpg,..\image_labeling\data\labeled\irrelevant\raw_media_80e366eb38f1_img2.jpg,0
..\image_labeling\data\labeled\irrelevant\raw_media_5f2ed4da3535_img2.jpg,..\image_labeling\data\labeled\irrelevant\raw_media_c98ef9439568_img1.jpg,0
..\image_labeling\data\labeled\irrelevant\raw_media_5f2ed4da3535_img2.jpg,..\image_labeling\data\labeled\irrelevant\raw_media_c98ef9439568_img2.jpg,0
..\image_labeling\data\labeled\irrelevant\raw_media_5f5923da65cc_img1.jpg,..\image_labeling\data\labeled\irrelevant\raw_media_d97fd8325690_img1.jpg,0
..\image_labeling\data\labeled\irrelevant\raw_media_5f7027afc1c7_img2.jpg,..\image_labeling\data\labeled\irrelevant\raw_media_eacf14a7bc80_img2.jpg,0
..\image_labeling\data\labeled\irrelevant\raw_media_607e4fae5302_img2.jpg,..\image_labeling\data\labeled\irrelevant\raw_media_fec52ba0e4a7_img2.jpg,0
..\image_labeling\data\labeled\irrelevant\raw_media_6118d744c819_img1.jpg,..\image_labeling\data\labeled\irrelevant\raw_media_8f28cd392f99_img1.jpg,0
..\image_labeling\data\labeled\irrelevant\raw_media_61c0ce44f382_img2.jpg,..\image_labeling\data\labeled\irrelevant\raw_media_aac17cf6fb8d_img2.jpg,0
..\image_labeling\data\labeled\irrelevant\raw_media_61e2c3b97b42_img1.jpg,..\image_labeling\data\labeled\irrelevant\raw_media_c0b3574db93c_img1.jpg,0
..\image_labeling\data\labeled\irrelevant\raw_media_620e6902b0d5_img1.jpg,..\image_labeling\data\labeled\irrelevant\raw_media_d346f4a33668_img1.jpg,0
..\image_labeling\data\labeled\irrelevant\raw_media_621969d1c9e1_img1.jpg,..\image_labeling\data\labeled\irrelevant\raw_media_e9fd0d0d21b1_img1.jpg,0
..\image_labeling\data\labeled\irrelevant\raw_media_621dfae14ae8_img1.jpg,..\image_labeling\data\labeled\irrelevant\raw_media_c4b5b37f7178_img1.jpg,0
..\image_labeling\data\labeled\irrelevant\raw_media_621e929cc5d5_img1.jpg,..\image_labeling\data\labeled\irrelevant\raw_media_9cad0159c62a_img1.jpg,0
..\image_labeling\data\labeled\irrelevant\raw_media_624fbf534684_img2.jpg,..\image_labeling\data\labeled\irrelevant\raw_media_96571981a202_img2.jpg,0
..\image_labeling\data\labeled\irrelevant\raw_media_62bbef917439_img1.jpg,..\image_labeling\data\labeled\irrelevant\raw_media_cba3c6611917_img1.jpg,0
..\image_labeling\data\labeled\irrelevant\raw_media_62df773c5171_img1.jpg,..\image_labeling\data\labeled\irrelevant\raw_media_c7ec5e7ea508_img1.jpg,0
..\image_labeling\data\labeled\irrelevant\raw_media_62f5bd538e71_img1.jpg,..\image_labeling\data\labeled\irrelevant\raw_media_b5fc54ff11c1_img1.jpg,0
..\image_labeling\data\labeled\irrelevant\raw_media_6360d8511112_img1.jpg,..\image_labeling\data\labeled\irrelevant\raw_media_ce28de14605d_img1.jpg,0
..\image_labeling\data\labeled\irrelevant\raw_media_6372d032dbaf_img2.jpg,..\image_labeling\data\labeled\irrelevant\raw_media_dc06a0997f95_img2.jpg,0
..\image_labeling\data\labeled\irrelevant\raw_media_63ed08f16725_img1.jpg,..\image_labeling\data\labeled\irrelevant\raw_media_63ed08f16725_img2.jpg,4
..\image_labeling\data\labeled\irrelevant\raw_media_64442758f037_img1.jpg,..\image_labeling\data\labeled\irrelevant\raw_media_c31e659a5d4c_img1.jpg,0
..\image_labeling\data\labeled\irrelevant\raw_media_65961efc0069_img1.jpg,..\image_labeling\data\labeled\irrelevant\raw_media_ce576360df85_img1.jpg,8
..\image_labeling\data\labeled\irrelevant\raw_media_65961efc0069_img1.jpg,..\image_labeling\data\labeled\irrelevant\raw_media_fe7ca318ce0e_img1.jpg,0
..\image_labeling\data\labeled\irrelevant\raw_media_66043d054af2_img1.jpg,..\image_labeling\data\labeled\irrelevant\raw_media_73aba0c91048_img1.jpg,0
..\image_labeling\data\labeled\irrelevant\raw_media_664b9d0aeea1_img1.jpg,..\image_labeling\data\labeled\irrelevant\raw_media_b8039fb1a187_img1.jpg,0
..\image_labeling\data\labeled\irrelevant\raw_media_664b9d0aeea1_img1.jpg,..\image_labeling\data\labeled\irrelevant\raw_media_f85cbf5e017d_img1.jpg,0
..\image_labeling\data\labeled\irrelevant\raw_media_675afe7f0497_img1.jpg,..\image_labeling\data\labeled\irrelevant\raw_media_97aacf080890_img1.jpg,0
..\image_labeling\data\labeled\irrelevant\raw_media_68a049bdba34_img2.jpg,..\image_labeling\data\labeled\irrelevant\raw_media_773041b37f64_img2.jpg,0
..\image_labeling\data\labeled\irrelevant\raw_media_68c68902ae27_img1.jpg,..\image_labeling\data\labeled\irrelevant\raw_media_765a59fd2d30_img1.jpg,0
..\image_labeling\data\labeled\irrelevant\raw_media_68c68902ae27_img1.jpg,..\image_labeling\data\labeled\irrelevant\raw_media_81bd4787d77c_img1.jpg,0
..\image_labeling\data\labeled\irrelevant\raw_media_68c68902ae27_img1.jpg,..\image_labeling\data\labeled\irrelevant\raw_media_8e8ce353e705_img1.jpg,0
..\image_labeling\data\labeled\irrelevant\raw_media_68c68902ae27_img1.jpg,..\image_labeling\data\labeled\irrelevant\raw_media_9deea004dca2_img1.jpg,0
..\image_labeling\data\labeled\irrelevant\raw_media_68c68902ae27_img1.jpg,..\image_labeling\data\labeled\irrelevant\raw_media_a0653efeb054_img1.jpg,1
..\image_labeling\data\labeled\irrelevant\raw_media_68c68902ae27_img1.jpg,..\image_labeling\data\labeled\irrelevant\raw_media_c1081bb8a810_img1.jpg,1
..\image_labeling\data\labeled\irrelevant\raw_media_68c68902ae27_img1.jpg,..\image_labeling\data\labeled\irrelevant\raw_media_ed34b8f73263_img2.jpg,1
..\image_labeling\data\labeled\irrelevant\raw_media_68c68902ae27_img1.jpg,..\image_labeling\data\labeled\irrelevant\raw_media_efb24e6ebf70_img1.jpg,1
..\image_labeling\data\labeled\irrelevant\raw_media_68c68902ae27_img1.jpg,..\image_labeling\data\labeled\irrelevant\raw_media_f4121baab593_img1.jpg,1
..\image_labeling\data\labeled\irrelevant\raw_media_68c68902ae27_img1.jpg,..\image_labeling\data\labeled\irrelevant\raw_media_fd8facbdb5da_img1.jpg,1
..\image_labeling\data\labeled\irrelevant\raw_media_69671457ac96_img2.jpg,..\image_labeling\data\labeled\irrelevant\raw_media_d6c79d8c3e04_img2.jpg,0
..\image_labeling\data\labeled\irrelevant\raw_media_6a22bf54abce_img1.jpg,..\image_labeling\data\labeled\irrelevant\raw_media_6a22bf54abce_img2.jpg,8
..\image_labeling\data\labeled\irrelevant\raw_media_6a22bf54abce_img1.jpg,..\image_labeling\data\labeled\irrelevant\raw_media_6a22bf54abce_img4.jpg,2
..\image_labeling\data\labeled\irrelevant\raw_media_6a22bf54abce_img1.jpg,..\image_labeling\data\labeled\irrelevant\raw_media_c815a4c0adfc_img1.jpg,0
..\image_labeling\data\labeled\irrelevant\raw_media_6a22bf54abce_img1.jpg,..\image_labeling\data\labeled\irrelevant\raw_media_c815a4c0adfc_img2.jpg,8
..\image_labeling\data\labeled\irrelevant\raw_media_6a22bf54abce_img1.jpg,..\image_labeling\data\labeled\irrelevant\raw_media_c815a4c0adfc_img4.jpg,2
..\image_labeling\data\labeled\irrelevant\raw_media_6a22bf54abce_img1.jpg,..\image_labeling\data\labeled\irrelevant\raw_media_c815a4c0adfc_img5.jpg,6
..\image_labeling\data\labeled\irrelevant\raw_media_6a22bf54abce_img1.jpg,..\image_labeling\data\labeled\irrelevant\raw_media_c815a4c0adfc_img6.jpg,8
..\image_labeling\data\labeled\irrelevant\raw_media_6a22bf54abce_img2.jpg,..\image_labeling\data\labeled\irrelevant\raw_media_6a22bf54abce_img4.jpg,6
..\image_labeling\data\labeled\irrelevant\raw_media_6a22bf54abce_img2.jpg,..\image_labeling\data\labeled\irrelevant\raw_media_c815a4c0adfc_img1.jpg,8
..\image_labeling\data\labeled\irrelevant\raw_media_6a22bf54abce_img2.jpg,..\image_labeling\data\labeled\irrelevant\raw_media_c815a4c0adfc_img2.jpg,0
..\image_labeling\data\labeled\irrelevant\raw_media_6a22bf54abce_img2.jpg,..\image_labeling\data\labeled\irrelevant\raw_media_c815a4c0adfc_img4.jpg,6
..\image_labeling\data\labeled\irrelevant\raw_media_6a22bf54abce_img2.jpg,..\image_labeling\data\labeled\irrelevant\raw_media_c815a4c0adfc_img5.jpg,8
..\image_labeling\data\labeled\irrelevant\raw_media_6a22bf54abce_img2.jpg,..\image_labeling\data\labeled\irrelevant\raw_media_c815a4c0adfc_img6.jpg,8
..\image_labeling\data\labeled\irrelevant\raw_media_6a22bf54abce_img3.jpg,..\image_labeling\data\labeled\irrelevant\raw_media_c815a4c0adfc_img3.jpg,0
..\image_labeling\data\labeled\irrelevant\raw_media_6a22bf54abce_img4.jpg,..\image_labeling\data\labeled\irrelevant\raw_media_c815a4c0adfc_img1.jpg,2
..\image_labeling\data\labeled\irrelevant\raw_media_6a22bf54abce_img4.jpg,..\image_labeling\data\labeled\irrelevant\raw_media_c815a4c0adfc_img2.jpg,6
..\image_labeling\data\labeled\irrelevant\raw_media_6a22bf54abce_img4.jpg,..\image_labeling\data\labeled\irrelevant\raw_media_c815a4c0adfc_img4.jpg,0
..\image_labeling\data\labeled\irrelevant\raw_media_6a22bf54abce_img4.jpg,..\image_labeling\data\labeled\irrelevant\raw_media_c815a4c0adfc_img5.jpg,4
..\image_labeling\data\labeled\irrelevant\raw_media_6a22bf54abce_img4.jpg,..\image_labeling\data\labeled\irrelevant\raw_media_c815a4c0adfc_img6.jpg,6
..\image_labeling\data\labeled\irrelevant\raw_media_6b35e934d800_img1.jpg,..\image_labeling\data\labeled\irrelevant\raw_media_ac7fef1c8c10_img1.jpg,0
..\image_labeling\data\labeled\irrelevant\raw_media_6c730a4b25db_img2.jpg,..\image_labeling\data\labeled\irrelevant\raw_media_94d26db237ff_img2.jpg,0
..\image_labeling\data\labeled\irrelevant\raw_media_6caf7f8a4cec_img2.jpg,..\image_labeling\data\labeled\irrelevant\raw_media_6eb86db320eb_img2.jpg,0
..\image_labeling\data\labeled\irrelevant\raw_media_6cbe0b6c06cc_img1.jpg,..\image_labeling\data\labeled\irrelevant\raw_media_92d3c7af1a59_img1.jpg,0
..\image_labeling\data\labeled\irrelevant\raw_media_6cbe0b6c06cc_img1.jpg,..\image_labeling\data\labeled\irrelevant\raw_media_aad5c5010319_img1.jpg,0
..\image_labeling\data\labeled\irrelevant\raw_media_6cbe0b6c06cc_img1.jpg,..\image_labeling\data\labeled\irrelevant\raw_media_b7197b4288fb_img1.jpg,0
..\image_labeling\data\labeled\irrelevant\raw_media_6cbe0b6c06cc_img1.jpg,..\image_labeling\data\labeled\irrelevant\raw_media_e5a7b9a97baf_img1.jpg,0
..\image_labeling\data\labeled\irrelevant\raw_media_6df9b360277c_img1.jpg,..\image_labeling\data\labeled\irrelevant\raw_media_77e0d0ad1ab6_img1.jpg,0
..\image_labeling\data\labeled\irrelevant\raw_media_6fdd828b63bb_img1.jpg,..\image_labeling\data\labeled\irrelevant\raw_media_7f501671fa4b_img1.jpg,0
..\image_labeling\data\labeled\irrelevant\raw_media_6fdd828b63bb_img1.jpg,..\image_labeling\data\labeled\irrelevant\raw_media_905d4f56d0e1_img1.jpg,0
..\image_labeling\data\labeled\irrelevant\raw_media_6fe3aeb7c1ee_img1.jpg,..\image_labeling\data\labeled\irrelevant\raw_media_e676c267b6cf_img1.jpg,0
..\image_labeling\data\labeled\irrelevant\raw_media_7175adc4b933_img2.jpg,..\image_labeling\data\labeled\irrelevant\raw_media_8d0e67cfede5_img2.jpg,0
..\image_labeling\data\labeled\irrelevant\raw_media_724d5ff030fc_img1.jpg,..\image_labeling\data\labeled\irrelevant\raw_media_7a9d0b01164e_img1.jpg,0
..\image_labeling\data\labeled\irrelevant\raw_media_7280b83304cc_img1.jpg,..\image_labeling\data\labeled\irrelevant\raw_media_bc9fb3fbee92_img1.jpg,0
..\image_labeling\data\labeled\irrelevant\raw_media_72b743d1db99_img2.jpg,..\image_labeling\data\labeled\irrelevant\raw_media_ac1ca76686ce_img2.jpg,0
..\image_labeling\data\labeled\irrelevant\raw_media_72d2f94af68e_img2.jpg,..\image_labeling\data\labeled\irrelevant\raw_media_e323a58d3141_img2.jpg,0
..\image_labeling\data\labeled\irrelevant\raw_media_72d59f1f1710_img2.jpg,..\image_labeling\data\labeled\irrelevant\raw_media_f083afff8671_img2.jpg,0
..\image_labeling\data\labeled\irrelevant\raw_media_7395dc265ea6_img1.jpg,..\image_labeling\data\labeled\irrelevant\raw_media_901436578087_img2.jpg,0
..\image_labeling\data\labeled\irrelevant\raw_media_7395dc265ea6_img2.jpg,..\image_labeling\data\labeled\irrelevant\raw_media_901436578087_img1.jpg,0
..\image_labeling\data\labeled\irrelevant\raw_media_73ad3790b5cb_img2.jpg,..\image_labeling\data\labeled\irrelevant\raw_media_fafdd0d766f1_img2.jpg,0
..\image_labeling\data\labeled\irrelevant\raw_media_73ad4fdfb2bc_img1.jpg,..\image_labeling\data\labeled\irrelevant\raw_media_a61d85306f10_img1.jpg,0
..\image_labeling\data\labeled\irrelevant\raw_media_7486c7f1ec45_img2.jpg,..\image_labeling\data\labeled\irrelevant\raw_media_f49ef3ccfd50_img2.jpg,0
..\image_labeling\data\labeled\irrelevant\raw_media_7486c7f1ec45_img3.jpg,..\image_labeling\data\labeled\irrelevant\raw_media_f49ef3ccfd50_img3.jpg,0
..\image_labeling\data\labeled\irrelevant\raw_media_749bcd614d5b_img1.jpg,..\image_labeling\data\labeled\irrelevant\raw_media_dae369452a40_img1.jpg,0
..\image_labeling\data\labeled\irrelevant\raw_media_74d12b17ef2e_img1.jpg,..\image_labeling\data\labeled\irrelevant\raw_media_e4628e1d2fdf_img1.jpg,0
..\image_labeling\data\labeled\irrelevant\raw_media_74e950d34946_img1.jpg,..\image_labeling\data\labeled\irrelevant\raw_media_c3c3a0121589_img1.jpg,0
..\image_labeling\data\labeled\irrelevant\raw_media_75c2110c27fe_img1.jpg,..\image_labeling\data\labeled\irrelevant\raw_media_75c2110c27fe_img2.jpg,0
..\image_labeling\data\labeled\irrelevant\raw_media_764c549d2aeb_img1.jpg,..\image_labeling\data\labeled\irrelevant\raw_media_92360cd75e49_img1.jpg,0
..\image_labeling\data\labeled\irrelevant\raw_media_7653d7dcbf98_img1.jpg,..\image_labeling\data\labeled\irrelevant\raw_media_f56a81c50c11_img1.jpg,0
..\image_labeling\data\labeled\irrelevant\raw_media_7653d7dcbf98_img1.jpg,..\image_labeling\data\labeled\irrelevant\raw_media_fc63b22da38e_img1.jpg,10
..\image_labeling\data\labeled\irrelevant\raw_media_765a59fd2d30_img1.jpg,..\image_labeling\data\labeled\irrelevant\raw_media_81bd4787d77c_img1.jpg,0
..\image_labeling\data\labeled\irrelevant\raw_media_765a59fd2d30_img1.jpg,..\image_labeling\data\labeled\irrelevant\raw_media_8e8ce353e705_img1.jpg,0
..\image_labeling\data\labeled\irrelevant\raw_media_765a59fd2d30_img1.jpg,..\image_labeling\data\labeled\irrelevant\raw_media_9deea004dca2_img1.jpg,0
..\image_labeling\data\labeled\irrelevant\raw_media_765a59fd2d30_img1.jpg,..\image_labeling\data\labeled\irrelevant\raw_media_a0653efeb054_img1.jpg,1
..\image_labeling\data\labeled\irrelevant\raw_media_765a59fd2d30_img1.jpg,..\image_labeling\data\labeled\irrelevant\raw_media_c1081bb8a810_img1.jpg,1
..\image_labeling\data\labeled\irrelevant\raw_media_765a59fd2d30_img1.jpg,..\image_labeling\data\labeled\irrelevant\raw_media_ed34b8f73263_img2.jpg,1
..\image_labeling\data\labeled\irrelevant\raw_media_765a59fd2d30_img1.jpg,..\image_labeling\data\labeled\irrelevant\raw_media_efb24e6ebf70_img1.jpg,1
..\image_labeling\data\labeled\irrelevant\raw_media_765a59fd2d30_img1.jpg,..\image_labeling\data\labeled\irrelevant\raw_media_f4121baab593_img1.jpg,1
..\image_labeling\data\labeled\irrelevant\raw_media_765a59fd2d30_img1.jpg,..\image_labeling\data\labeled\irrelevant\raw_media_fd8facbdb5da_img1.jpg,1
..\image_labeling\data\labeled\irrelevant\raw_media_76fc4abdb3fb_img1.jpg,..\image_labeling\data\labeled\irrelevant\raw_media_ba745ddc1d08_img1.jpg,0
..\image_labeling\data\labeled\irrelevant\raw_media_7714d8f9437e_img1.jpg,..\image_labeling\data\labeled\irrelevant\raw_media_836dbe454f82_img1.jpg,0
..\image_labeling\data\labeled\irrelevant\raw_media_7714d8f9437e_img1.jpg,..\image_labeling\data\labeled\irrelevant\raw_media_88d021286114_img1.jpg,0
..\image_labeling\data\labeled\irrelevant\raw_media_7714d8f9437e_img1.jpg,..\image_labeling\data\labeled\irrelevant\raw_media_97c864839d10_img1.jpg,0
..\image_labeling\data\labeled\irrelevant\raw_media_7739c9d8916d_img1.jpg,..\image_labeling\data\labeled\irrelevant\raw_media_cc07aea88455_img1.jpg,0
..\image_labeling\data\labeled\irrelevant\raw_media_787874ca40d1_img1.jpg,..\image_labeling\data\labeled\irrelevant\raw_media_bc664a97e503_img1.jpg,0
..\image_labeling\data\labeled\irrelevant\raw_media_78b78f993016_img1.jpg,..\image_labeling\data\labeled\irrelevant\raw_media_fa72c7025f23_img1.jpg,0
..\image_labeling\data\labeled\irrelevant\raw_media_78e1cd802f2d_img2.jpg,..\image_labeling\data\labeled\irrelevant\raw_media_e44a09459048_img2.jpg,0
..\image_labeling\data\labeled\irrelevant\raw_media_78f5b72282ac_img2.jpg,..\image_labeling\data\labeled\irrelevant\raw_media_f1275600981e_img2.jpg,0
..\image_labeling\data\labeled\irrelevant\raw_media_7b1038e47ebf_img1.jpg,..\image_labeling\data\labeled\irrelevant\raw_media_8fb665f93d3f_img1.jpg,0
..\image_labeling\data\labeled\irrelevant\raw_media_7bcaf6eefed5_img1.jpg,..\image_labeling\data\labeled\irrelevant\raw_media_dea9dc653ae7_img1.jpg,0
..\image_labeling\data\labeled\irrelevant\raw_media_7c3a300dbbd5_img2.jpg,..\image_labeling\data\labeled\irrelevant\raw_media_81a64746be1f_img2.jpg,0
..\image_labeling\data\labeled\irrelevant\raw_media_7c88b90a651d_img1.jpg,..\image_labeling\data\labeled\irrelevant\raw_media_daf07c543bf5_img1.jpg,0
..\image_labeling\data\labeled\irrelevant\raw_media_7df1f7d379dd_img1.jpg,..\image_labeling\data\labeled\irrelevant\raw_media_f19af89c7d7c_img1.jpg,0
..\image_labeling\data\labeled\irrelevant\raw_media_7e47f3afb731_img1.jpg,..\image_labeling\data\labeled\irrelevant\raw_media_ef87115a0f04_img1.jpg,0
..\image_labeling\data\labeled\irrelevant\raw_media_7eee3f21d2b6_img1.jpg,..\image_labeling\data\labeled\irrelevant\raw_media_9f64955735f0_img1.jpg,0
..\image_labeling\data\labeled\irrelevant\raw_media_7f501671fa4b_img1.jpg,..\image_labeling\data\labeled\irrelevant\raw_media_905d4f56d0e1_img1.jpg,0
..\image_labeling\data\labeled\irrelevant\raw_media_7f707c6817b6_img1.jpg,..\image_labeling\data\labeled\irrelevant\raw_media_85b4742ab109_img1.jpg,0
..\image_labeling\data\labeled\irrelevant\raw_media_7fe2e22b5b08_img1.jpg,..\image_labeling\data\labeled\irrelevant\raw_media_d4bc951efade_img1.jpg,0
..\image_labeling\data\labeled\irrelevant\raw_media_80e366eb38f1_img1.jpg,..\image_labeling\data\labeled\irrelevant\raw_media_80e366eb38f1_img2.jpg,0
..\image_labeling\data\labeled\irrelevant\raw_media_80e366eb38f1_img1.jpg,..\image_labeling\data\labeled\irrelevant\raw_media_c98ef9439568_img1.jpg,0
..\image_labeling\data\labeled\irrelevant\raw_media_80e366eb38f1_img1.jpg,..\image_labeling\data\labeled\irrelevant\raw_media_c98ef9439568_img2.jpg,0
..\image_labeling\data\labeled\irrelevant\raw_media_80e366eb38f1_img2.jpg,..\image_labeling\data\labeled\irrelevant\raw_media_c98ef9439568_img1.jpg,0
..\image_labeling\data\labeled\irrelevant\raw_media_80e366eb38f1_img2.jpg,..\image_labeling\data\labeled\irrelevant\raw_media_c98ef9439568_img2.jpg,0
..\image_labeling\data\labeled\irrelevant\raw_media_81bd4787d77c_img1.jpg,..\image_labeling\data\labeled\irrelevant\raw_media_8e8ce353e705_img1.jpg,0
..\image_labeling\data\labeled\irrelevant\raw_media_81bd4787d77c_img1.jpg,..\image_labeling\data\labeled\irrelevant\raw_media_9deea004dca2_img1.jpg,0
..\image_labeling\data\labeled\irrelevant\raw_media_81bd4787d77c_img1.jpg,..\image_labeling\data\labeled\irrelevant\raw_media_a0653efeb054_img1.jpg,1
..\image_labeling\data\labeled\irrelevant\raw_media_81bd4787d77c_img1.jpg,..\image_labeling\data\labeled\irrelevant\raw_media_c1081bb8a810_img1.jpg,1
..\image_labeling\data\labeled\irrelevant\raw_media_81bd4787d77c_img1.jpg,..\image_labeling\data\labeled\irrelevant\raw_media_ed34b8f73263_img2.jpg,1
..\image_labeling\data\labeled\irrelevant\raw_media_81bd4787d77c_img1.jpg,..\image_labeling\data\labeled\irrelevant\raw_media_efb24e6ebf70_img1.jpg,1
..\image_labeling\data\labeled\irrelevant\raw_media_81bd4787d77c_img1.jpg,..\image_labeling\data\labeled\irrelevant\raw_media_f4121baab593_img1.jpg,1
..\image_labeling\data\labeled\irrelevant\raw_media_81bd4787d77c_img1.jpg,..\image_labeling\data\labeled\irrelevant\raw_media_fd8facbdb5da_img1.jpg,1
..\image_labeling\data\labeled\irrelevant\raw_media_8223e3dd6458_img2.jpg,..\image_labeling\data\labeled\irrelevant\raw_media_e950384f4159_img2.jpg,0
..\image_labeling\data\labeled\irrelevant\raw_media_8356c2b7a9f5_img1.jpg,..\image_labeling\data\labeled\irrelevant\raw_media_8356c2b7a9f5_img2.jpg,0
..\image_labeling\data\labeled\irrelevant\raw_media_836dbe454f82_img1.jpg,..\image_labeling\data\labeled\irrelevant\raw_media_88d021286114_img1.jpg,0
..\image_labeling\data\labeled\irrelevant\raw_media_836dbe454f82_img1.jpg,..\image_labeling\data\labeled\irrelevant\raw_media_97c864839d10_img1.jpg,0
..\image_labeling\data\labeled\irrelevant\raw_media_83e93af385e2_img1.jpg,..\image_labeling\data\labeled\irrelevant\raw_media_f796e5403985_img1.jpg,0
..\image_labeling\data\labeled\irrelevant\raw_media_840f0a4a07da_img1.jpg,..\image_labeling\data\labeled\irrelevant\raw_media_b5bb9fd15676_img1.jpg,0
..\image_labeling\data\labeled\irrelevant\raw_media_8473b56e0acd_img1.jpg,..\image_labeling\data\labeled\irrelevant\raw_media_aba49f7345a1_img1.jpg,0
..\image_labeling\data\labeled\irrelevant\raw_media_8473b56e0acd_img2.jpg,..\image_labeling\data\labeled\irrelevant\raw_media_aba49f7345a1_img2.jpg,0
..\image_labeling\data\labeled\irrelevant\raw_media_84c88ea08dec_img1.jpg,..\image_labeling\data\labeled\irrelevant\raw_media_f718e629ee72_img1.jpg,0
..\image_labeling\data\labeled\irrelevant\raw_media_84ffea4c5c57_img1.jpg,..\image_labeling\data\labeled\irrelevant\raw_media_ba96b81ee5c9_img1.jpg,0
..\image_labeling\data\labeled\irrelevant\raw_media_85418250acc4_img1.jpg,..\image_labeling\data\labeled\irrelevant\raw_media_e0214e30ec39_img1.jpg,0
..\image_labeling\data\labeled\irrelevant\raw_media_8561aef58c5f_img1.jpg,..\image_labeling\data\labeled\irrelevant\raw_media_8b20b30d3446_img1.jpg,0
..\image_labeling\data\labeled\irrelevant\raw_media_86bc1964c8bf_img1.jpg,..\image_labeling\data\labeled\irrelevant\raw_media_abc9231046c6_img1.jpg,0
..\image_labeling\data\labeled\irrelevant\raw_media_8727a77dd171_img1.jpg,..\image_labeling\data\labeled\irrelevant\raw_media_93201418be5e_img1.jpg,0
..\image_labeling\data\labeled\irrelevant\raw_media_87615a7e858b_img1.jpg,..\image_labeling\data\labeled\irrelevant\raw_media_a6046e45ae79_img1.jpg,0
..\image_labeling\data\labeled\irrelevant\raw_media_8791782b2b4a_img1.jpg,..\image_labeling\data\labeled\irrelevant\raw_media_b925fbaa843d_img1.jpg,0
..\image_labeling\data\labeled\irrelevant\raw_media_882dfef838bc_img1.jpg,..\image_labeling\data\labeled\irrelevant\raw_media_dd4561d14900_img1.jpg,0
..\image_labeling\data\labeled\irrelevant\raw_media_8843bcb87c26_img1.jpg,..\image_labeling\data\labeled\irrelevant\raw_media_9599e3aaa95d_img1.jpg,0
..\image_labeling\data\labeled\irrelevant\raw_media_8852aff1de90_img1.jpg,..\image_labeling\data\labeled\irrelevant\raw_media_c7befedc650b_img2.jpg,0
..\image_labeling\data\labeled\irrelevant\raw_media_8852aff1de90_img1.jpg,..\image_labeling\data\labeled\irrelevant\raw_media_cd4df4669378_img2.jpg,0
..\image_labeling\data\labeled\irrelevant\raw_media_8852aff1de90_img2.jpg,..\image_labeling\data\labeled\irrelevant\raw_media_c7befedc650b_img3.jpg,0
..\image_labeling\data\labeled\irrelevant\raw_media_8852aff1de90_img2.jpg,..\image_labeling\data\labeled\irrelevant\raw_media_cd4df4669378_img1.jpg,0
..\image_labeling\data\labeled\irrelevant\raw_media_8852aff1de90_img3.jpg,..\image_labeling\data\labeled\irrelevant\raw_media_c7befedc650b_img5.jpg,0
..\image_labeling\data\labeled\irrelevant\raw_media_8852aff1de90_img3.jpg,..\image_labeling\data\labeled\irrelevant\raw_media_cd4df4669378_img3.jpg,0
..\image_labeling\data\labeled\irrelevant\raw_media_8852aff1de90_img4.jpg,..\image_labeling\data\labeled\irrelevant\raw_media_c7befedc650b_img1.jpg,0
..\image_labeling\data\labeled\irrelevant\raw_media_8852aff1de90_img4.jpg,..\image_labeling\data\labeled\irrelevant\raw_media_cd4df4669378_img4.jpg,0
..\image_labeling\data\labeled\irrelevant\raw_media_886691f689b8_img1.jpg,..\image_labeling\data\labeled\irrelevant\raw_media_8c7ae2d649dc_img1.jpg,0
..\image_labeling\data\labeled\irrelevant\raw_media_8887798ce511_img1.jpg,..\image_labeling\data\labeled\irrelevant\raw_media_9b80c4ff67e1_img1.jpg,0
..\image_labeling\data\labeled\irrelevant\raw_media_88d021286114_img1.jpg,..\image_labeling\data\labeled\irrelevant\raw_media_97c864839d10_img1.jpg,0
..\image_labeling\data\labeled\irrelevant\raw_media_8b4079370e09_img1.jpg,..\image_labeling\data\labeled\irrelevant\raw_media_c0a46a331281_img1.jpg,0
..\image_labeling\data\labeled\irrelevant\raw_media_8b5d7b94336d_img1.jpg,..\image_labeling\data\labeled\irrelevant\raw_media_c884fc3e96a0_img1.jpg,0
..\image_labeling\data\labeled\irrelevant\raw_media_8d0e0b02c625_img1.jpg,..\image_labeling\data\labeled\irrelevant\raw_media_c43fe8a01c82_img1.jpg,0
..\image_labeling\data\labeled\irrelevant\raw_media_8d6816ebe17d_img1.jpg,..\image_labeling\data\labeled\irrelevant\raw_media_8d6816ebe17d_img2.jpg,6
..\image_labeling\data\labeled\irrelevant\raw_media_8e4c74a2e801_img1.jpg,..\image_labeling\data\labeled\irrelevant\raw_media_931c44fb4bdb_img1.jpg,0
..\image_labeling\data\labeled\irrelevant\raw_media_8e4c74a2e801_img2.jpg,..\image_labeling\data\labeled\irrelevant\raw_media_931c44fb4bdb_img2.jpg,0
..\image_labeling\data\labeled\irrelevant\raw_media_8e4c74a2e801_img3.jpg,..\image_labeling\data\labeled\irrelevant\raw_media_931c44fb4bdb_img3.jpg,0
..\image_labeling\data\labeled\irrelevant\raw_media_8e5c91945d73_img1.jpg,..\image_labeling\data\labeled\irrelevant\raw_media_d472a5e5204d_img1.jpg,0
..\image_labeling\data\labeled\irrelevant\raw_media_8e8ce353e705_img1.jpg,..\image_labeling\data\labeled\irrelevant\raw_media_9deea004dca2_img1.jpg,0
..\image_labeling\data\labeled\irrelevant\raw_media_8e8ce353e705_img1.jpg,..\image_labeling\data\labeled\irrelevant\raw_media_a0653efeb054_img1.jpg,1
..\image_labeling\data\labeled\irrelevant\raw_media_8e8ce353e705_img1.jpg,..\image_labeling\data\labeled\irrelevant\raw_media_c1081bb8a810_img1.jpg,1
..\image_labeling\data\labeled\irrelevant\raw_media_8e8ce353e705_img1.jpg,..\image_labeling\data\labeled\irrelevant\raw_media_ed34b8f73263_img2.jpg,1
..\image_labeling\data\labeled\irrelevant\raw_media_8e8ce353e705_img1.jpg,..\image_labeling\data\labeled\irrelevant\raw_media_efb24e6ebf70_img1.jpg,1
..\image_labeling\data\labeled\irrelevant\raw_media_8e8ce353e705_img1.jpg,..\image_labeling\data\labeled\irrelevant\raw_media_f4121baab593_img1.jpg,1
..\image_labeling\data\labeled\irrelevant\raw_media_8e8ce353e705_img1.jpg,..\image_labeling\data\labeled\irrelevant\raw_media_fd8facbdb5da_img1.jpg,1
..\image_labeling\data\labeled\irrelevant\raw_media_8ec535eada4b_img2.jpg,..\image_labeling\data\labeled\irrelevant\raw_media_f0fe7e591f89_img2.jpg,0
..\image_labeling\data\labeled\irrelevant\raw_media_902d483d1289_img1.jpg,..\image_labeling\data\labeled\irrelevant\raw_media_9bbe1dbada78_img1.jpg,6
..\image_labeling\data\labeled\irrelevant\raw_media_902d483d1289_img1.jpg,..\image_labeling\data\labeled\irrelevant\raw_media_c7ba66a320ca_img2.jpg,6
..\image_labeling\data\labeled\irrelevant\raw_media_90e71baf76f9_img1.jpg,..\image_labeling\data\labeled\irrelevant\raw_media_bec312991106_img1.jpg,0
..\image_labeling\data\labeled\irrelevant\raw_media_9110c8e905ba_img1.jpg,..\image_labeling\data\labeled\irrelevant\raw_media_f888e9254088_img1.jpg,0
..\image_labeling\data\labeled\irrelevant\raw_media_92d3c7af1a59_img1.jpg,..\image_labeling\data\labeled\irrelevant\raw_media_aad5c5010319_img1.jpg,0
..\image_labeling\data\labeled\irrelevant\raw_media_92d3c7af1a59_img1.jpg,..\image_labeling\data\labeled\irrelevant\raw_media_b7197b4288fb_img1.jpg,0
..\image_labeling\data\labeled\irrelevant\raw_media_92d3c7af1a59_img1.jpg,..\image_labeling\data\labeled\irrelevant\raw_media_e5a7b9a97baf_img1.jpg,0
..\image_labeling\data\labeled\irrelevant\raw_media_93cfbdf59f6d_img1.jpg,..\image_labeling\data\labeled\irrelevant\raw_media_fb86489f8e09_img1.jpg,0
..\image_labeling\data\labeled\irrelevant\raw_media_941bf1d7c8b7_img1.jpg,..\image_labeling\data\labeled\irrelevant\raw_media_ec4541c35b5d_img1.jpg,0
..\image_labeling\data\labeled\irrelevant\raw_media_948ec0b68eab_img1.jpg,..\image_labeling\data\labeled\irrelevant\raw_media_e07ebfdbdc8f_img1.jpg,0
..\image_labeling\data\labeled\irrelevant\raw_media_94ab7e50f10e_img1.jpg,..\image_labeling\data\labeled\irrelevant\raw_media_d340d58095bd_img1.jpg,0
..\image_labeling\data\labeled\irrelevant\raw_media_955185cbb2cc_img1.jpg,..\image_labeling\data\labeled\irrelevant\raw_media_d66e6e74df0f_img1.jpg,0
..\image_labeling\data\labeled\irrelevant\raw_media_971fcd056504_img2.jpg,..\image_labeling\data\labeled\irrelevant\raw_media_c9245871bac7_img2.jpg,0
..\image_labeling\data\labeled\irrelevant\raw_media_9724b1cc6be1_img1.jpg,..\image_labeling\data\labeled\irrelevant\raw_media_ecf5b38ee21b_img1.jpg,0
..\image_labeling\data\labeled\irrelevant\raw_media_9774b6202d9e_img1.jpg,..\image_labeling\data\labeled\irrelevant\raw_media_bb2790aeab98_img1.jpg,0
..\image_labeling\data\labeled\irrelevant\raw_media_9774b6202d9e_img1.jpg,..\image_labeling\data\labeled\irrelevant\raw_media_bfc146f8d01b_img1.jpg,0
..\image_labeling\data\labeled\irrelevant\raw_media_97cb0e9d1576_img1.jpg,..\image_labeling\data\labeled\irrelevant\raw_media_a6aae4a43af2_img1.jpg,0
..\image_labeling\data\labeled\irrelevant\raw_media_98a43ea926fb_img1.jpg,..\image_labeling\data\labeled\irrelevant\raw_media_bb9f1f916d7d_img1.jpg,0
..\image_labeling\data\labeled\irrelevant\raw_media_98c708a60119_img2.jpg,..\image_labeling\data\labeled\irrelevant\raw_media_c7bf4f6afae7_img2.jpg,0
..\image_labeling\data\labeled\irrelevant\raw_media_98e795842934_img1.jpg,..\image_labeling\data\labeled\irrelevant\raw_media_c7e06827fb34_img1.jpg,0
..\image_labeling\data\labeled\irrelevant\raw_media_9a3887445dee_img2.jpg,..\image_labeling\data\labeled\irrelevant\raw_media_9c4a8b5291c0_img2.jpg,0
..\image_labeling\data\labeled\irrelevant\raw_media_9a56efe9435a_img1.jpg,..\image_labeling\data\labeled\irrelevant\raw_media_bd670519b8e3_img1.jpg,0
..\image_labeling\data\labeled\irrelevant\raw_media_9b55e6791b08_img1.jpg,..\image_labeling\data\labeled\irrelevant\raw_media_f79f344e9f7a_img1.jpg,0
..\image_labeling\data\labeled\irrelevant\raw_media_9bb42abf8661_img1.jpg,..\image_labeling\data\labeled\irrelevant\raw_media_aed132880e98_img1.jpg,0
..\image_labeling\data\labeled\irrelevant\raw_media_9bb51ddc5fe8_img1.jpg,..\image_labeling\data\labeled\irrelevant\raw_media_b2844c8e39c2_img1.jpg,0
..\image_labeling\data\labeled\irrelevant\raw_media_9bc9a138e2d0_img1.jpg,..\image_labeling\data\labeled\irrelevant\raw_media_e55bb5b67c37_img1.jpg,0
..\image_labeling\data\labeled\irrelevant\raw_media_9ca1c2c705b6_img2.jpg,..\image_labeling\data\labeled\irrelevant\raw_media_f133b86ddbb3_img2.jpg,0
..\image_labeling\data\labeled\irrelevant\raw_media_9ca1c2c705b6_img3.jpg,..\image_labeling\data\labeled\irrelevant\raw_media_f133b86ddbb3_img3.jpg,0
..\image_labeling\data\labeled\irrelevant\raw_media_9ce6159a837b_img1.jpg,..\image_labeling\data\labeled\irrelevant\raw_media_e50525201321_img1.jpg,10
..\image_labeling\data\labeled\irrelevant\raw_media_9deea004dca2_img1.jpg,..\image_labeling\data\labeled\irrelevant\raw_media_a0653efeb054_img1.jpg,1
..\image_labeling\data\labeled\irrelevant\raw_media_9deea004dca2_img1.jpg,..\image_labeling\data\labeled\irrelevant\raw_media_c1081bb8a810_img1.jpg,1
..\image_labeling\data\labeled\irrelevant\raw_media_9deea004dca2_img1.jpg,..\image_labeling\data\labeled\irrelevant\raw_media_ed34b8f73263_img2.jpg,1
..\image_labeling\data\labeled\irrelevant\raw_media_9deea004dca2_img1.jpg,..\image_labeling\data\labeled\irrelevant\raw_media_efb24e6ebf70_img1.jpg,1
..\image_labeling\data\labeled\irrelevant\raw_media_9deea004dca2_img1.jpg,..\image_labeling\data\labeled\irrelevant\raw_media_f4121baab593_img1.jpg,1
..\image_labeling\data\labeled\irrelevant\raw_media_9deea004dca2_img1.jpg,..\image_labeling\data\labeled\irrelevant\raw_media_fd8facbdb5da_img1.jpg,1
..\image_labeling\data\labeled\irrelevant\raw_media_9f256c4cb655_img1.jpg,..\image_labeling\data\labeled\irrelevant\raw_media_cfec089b587c_img1.jpg,0
..\image_labeling\data\labeled\irrelevant\raw_media_9fcd7dd9de47_img1.jpg,..\image_labeling\data\labeled\irrelevant\raw_media_d20e3d977485_img1.jpg,0
..\image_labeling\data\labeled\irrelevant\raw_media_a0395483bfb9_img1.jpg,..\image_labeling\data\labeled\irrelevant\raw_media_f025be05c60e_img1.jpg,0
..\image_labeling\data\labeled\irrelevant\raw_media_a0653efeb054_img1.jpg,..\image_labeling\data\labeled\irrelevant\raw_media_c1081bb8a810_img1.jpg,0
..\image_labeling\data\labeled\irrelevant\raw_media_a0653efeb054_img1.jpg,..\image_labeling\data\labeled\irrelevant\raw_media_ed34b8f73263_img2.jpg,0
..\image_labeling\data\labeled\irrelevant\raw_media_a0653efeb054_img1.jpg,..\image_labeling\data\labeled\irrelevant\raw_media_efb24e6ebf70_img1.jpg,0
..\image_labeling\data\labeled\irrelevant\raw_media_a0653efeb054_img1.jpg,..\image_labeling\data\labeled\irrelevant\raw_media_f4121baab593_img1.jpg,0
..\image_labeling\data\labeled\irrelevant\raw_media_a0653efeb054_img1.jpg,..\image_labeling\data\labeled\irrelevant\raw_media_fd8facbdb5da_img1.jpg,0
..\image_labeling\data\labeled\irrelevant\raw_media_a09e4be14123_img1.jpg,..\image_labeling\data\labeled\irrelevant\raw_media_e7a30741fdd1_img2.jpg,10
..\image_labeling\data\labeled\irrelevant\raw_media_a0bf0deaaad2_img1.jpg,..\image_labeling\data\labeled\irrelevant\raw_media_ac139138cf7e_img1.jpg,0
..\image_labeling\data\labeled\irrelevant\raw_media_a10f03be1932_img1.jpg,..\image_labeling\data\labeled\irrelevant\raw_media_c379a3a2319f_img1.jpg,0
..\image_labeling\data\labeled\irrelevant\raw_media_a19df5e5ec97_img5.jpg,..\image_labeling\data\labeled\irrelevant\raw_media_a19df5e5ec97_img6.jpg,8
..\image_labeling\data\labeled\irrelevant\raw_media_a1c3f232d781_img1.jpg,..\image_labeling\data\labeled\irrelevant\raw_media_cbbc5652cf83_img1.jpg,0
..\image_labeling\data\labeled\irrelevant\raw_media_a2adb76091af_img1.jpg,..\image_labeling\data\labeled\irrelevant\raw_media_d551b82ecf67_img1.jpg,0
..\image_labeling\data\labeled\irrelevant\raw_media_a510c7adc1b6_img1.jpg,..\image_labeling\data\labeled\irrelevant\raw_media_c20b547c2f4f_img1.jpg,0
..\image_labeling\data\labeled\irrelevant\raw_media_a68c281972c9_img1.jpg,..\image_labeling\data\labeled\irrelevant\raw_media_e8c5d9a3cbe7_img1.jpg,0
..\image_labeling\data\labeled\irrelevant\raw_media_a68c281972c9_img2.jpg,..\image_labeling\data\labeled\irrelevant\raw_media_e8c5d9a3cbe7_img2.jpg,0
..\image_labeling\data\labeled\irrelevant\raw_media_a68c281972c9_img3.jpg,..\image_labeling\data\labeled\irrelevant\raw_media_e8c5d9a3cbe7_img3.jpg,0
..\image_labeling\data\labeled\irrelevant\raw_media_a68c281972c9_img4.jpg,..\image_labeling\data\labeled\irrelevant\raw_media_e8c5d9a3cbe7_img4.jpg,0
..\image_labeling\data\labeled\irrelevant\raw_media_a78b74210361_img1.jpg,..\image_labeling\data\labeled\irrelevant\raw_media_ab61dda0d501_img1.jpg,0
..\image_labeling\data\labeled\irrelevant\raw_media_a78b74210361_img1.jpg,..\image_labeling\data\labeled\irrelevant\raw_media_e6c8ff73333e_img1.jpg,0
..\image_labeling\data\labeled\irrelevant\raw_media_a78b74210361_img2.jpg,..\image_labeling\data\labeled\irrelevant\raw_media_e6c8ff73333e_img2.jpg,0
..\image_labeling\data\labeled\irrelevant\raw_media_a7dd5992df05_img2.jpg,..\image_labeling\data\labeled\irrelevant\raw_media_fe8d23cd19fe_img2.jpg,0
..\image_labeling\data\labeled\irrelevant\raw_media_a824fe736340_img2.jpg,..\image_labeling\data\labeled\irrelevant\raw_media_f4b330a8133f_img2.jpg,0
..\image_labeling\data\labeled\irrelevant\raw_media_a82f8f7d2a1d_img1.jpg,..\image_labeling\data\labeled\irrelevant\raw_media_b3ca163bc1d7_img1.jpg,0
..\image_labeling\data\labeled\irrelevant\raw_media_a82f8f7d2a1d_img2.jpg,..\image_labeling\data\labeled\irrelevant\raw_media_b3ca163bc1d7_img2.jpg,0
..\image_labeling\data\labeled\irrelevant\raw_media_a82f8f7d2a1d_img3.jpg,..\image_labeling\data\labeled\irrelevant\raw_media_b3ca163bc1d7_img3.jpg,0
..\image_labeling\data\labeled\irrelevant\raw_media_a82f8f7d2a1d_img4.jpg,..\image_labeling\data\labeled\irrelevant\raw_media_b3ca163bc1d7_img4.jpg,0
..\image_labeling\data\labeled\irrelevant\raw_media_aa4031c57c09_img1.jpg,..\image_labeling\data\labeled\irrelevant\raw_media_e70ed0a3efdd_img1.jpg,0
..\image_labeling\data\labeled\irrelevant\raw_media_aad5c5010319_img1.jpg,..\image_labeling\data\labeled\irrelevant\raw_media_b7197b4288fb_img1.jpg,0
..\image_labeling\data\labeled\irrelevant\raw_media_aad5c5010319_img1.jpg,..\image_labeling\data\labeled\irrelevant\raw_media_e5a7b9a97baf_img1.jpg,0
..\image_labeling\data\labeled\irrelevant\raw_media_ab61dda0d501_img1.jpg,..\image_labeling\data\labeled\irrelevant\raw_media_e6c8ff73333e_img1.jpg,0
..\image_labeling\data\labeled\irrelevant\raw_media_aba583b620fe_img1.jpg,..\image_labeling\data\labeled\irrelevant\raw_media_e9f5f079a5b1_img1.jpg,0
..\image_labeling\data\labeled\irrelevant\raw_media_abf000b3127c_img1.jpg,..\image_labeling\data\labeled\irrelevant\raw_media_eb9814777291_img1.jpg,0
..\image_labeling\data\labeled\irrelevant\raw_media_adcfb635b9d7_img1.jpg,..\image_labeling\data\labeled\irrelevant\raw_media_fd431bf0eb83_img1.jpg,0
..\image_labeling\data\labeled\irrelevant\raw_media_b162847064c2_img1.jpg,..\image_labeling\data\labeled\irrelevant\raw_media_d86dd601d8a3_img1.jpg,0
..\image_labeling\data\labeled\irrelevant\raw_media_b236ba8f2d9c_img1.jpg,..\image_labeling\data\labeled\irrelevant\raw_media_f43ed597896c_img1.jpg,0
..\image_labeling\data\labeled\irrelevant\raw_media_b243e4b32146_img2.jpg,..\image_labeling\data\labeled\irrelevant\raw_media_c464306d4c9a_img2.jpg,0
..\image_labeling\data\labeled\irrelevant\raw_media_b2eb132a2ef0_img1.jpg,..\image_labeling\data\labeled\irrelevant\raw_media_fae3db51ea36_img1.jpg,0
..\image_labeling\data\labeled\irrelevant\raw_media_b3b1f2e774a9_img1.jpg,..\image_labeling\data\labeled\irrelevant\raw_media_c07296d143e2_img1.jpg,0
..\image_labeling\data\labeled\irrelevant\raw_media_b496e44a9a8d_img1.jpg,..\image_labeling\data\labeled\irrelevant\raw_media_e5e50ee44191_img1.jpg,0
..\image_labeling\data\labeled\irrelevant\raw_media_b60bbb76e267_img1.jpg,..\image_labeling\data\labeled\irrelevant\raw_media_e25f6bb14914_img1.jpg,0
..\image_labeling\data\labeled\irrelevant\raw_media_b6334c830eb7_img1.jpg,..\image_labeling\data\labeled\irrelevant\raw_media_c35202e016e8_img1.jpg,0
..\image_labeling\data\labeled\irrelevant\raw_media_b7197b4288fb_img1.jpg,..\image_labeling\data\labeled\irrelevant\raw_media_e5a7b9a97baf_img1.jpg,0
..\image_labeling\data\labeled\irrelevant\raw_media_b7bbe26a631d_img1.jpg,..\image_labeling\data\labeled\irrelevant\raw_media_c59a29e93280_img1.jpg,0
..\image_labeling\data\labeled\irrelevant\raw_media_b7ca5a2a13f4_img1.jpg,..\image_labeling\data\labeled\irrelevant\raw_media_d32930c03e54_img1.jpg,0
..\image_labeling\data\labeled\irrelevant\raw_media_b8039fb1a187_img1.jpg,..\image_labeling\data\labeled\irrelevant\raw_media_f85cbf5e017d_img1.jpg,0
..\image_labeling\data\labeled\irrelevant\raw_media_b9185c6e327f_img1.jpg,..\image_labeling\data\labeled\irrelevant\raw_media_c47f01bfa5d8_img1.jpg,0
..\image_labeling\data\labeled\irrelevant\raw_media_bb2790aeab98_img1.jpg,..\image_labeling\data\labeled\irrelevant\raw_media_bfc146f8d01b_img1.jpg,0
..\image_labeling\data\labeled\irrelevant\raw_media_bc3969f7aba2_img1.jpg,..\image_labeling\data\labeled\irrelevant\raw_media_dfcfb41ada36_img1.jpg,0
..\image_labeling\data\labeled\irrelevant\raw_media_bd1b3b484bb6_img2.jpg,..\image_labeling\data\labeled\irrelevant\raw_media_e1487d03e18d_img2.jpg,0
..\image_labeling\data\labeled\irrelevant\raw_media_bf56afd02e3c_img1.jpg,..\image_labeling\data\labeled\irrelevant\raw_media_ff79a7bdcb91_img1.jpg,0
..\image_labeling\data\labeled\irrelevant\raw_media_c05a32c7490a_img2.jpg,..\image_labeling\data\labeled\irrelevant\raw_media_e0e913304a42_img2.jpg,0
..\image_labeling\data\labeled\irrelevant\raw_media_c098bc439774_img2.jpg,..\image_labeling\data\labeled\irrelevant\raw_media_ee5ac0f491c5_img2.jpg,0
..\image_labeling\data\labeled\irrelevant\raw_media_c0ecda41179c_img1.jpg,..\image_labeling\data\labeled\irrelevant\raw_media_e542ba7d8dcb_img1.jpg,0
..\image_labeling\data\labeled\irrelevant\raw_media_c1081bb8a810_img1.jpg,..\image_labeling\data\labeled\irrelevant\raw_media_ed34b8f73263_img2.jpg,0
..\image_labeling\data\labeled\irrelevant\raw_media_c1081bb8a810_img1.jpg,..\image_labeling\data\labeled\irrelevant\raw_media_efb24e6ebf70_img1.jpg,0
..\image_labeling\data\labeled\irrelevant\raw_media_c1081bb8a810_img1.jpg,..\image_labeling\data\labeled\irrelevant\raw_media_f4121baab593_img1.jpg,0
..\image_labeling\data\labeled\irrelevant\raw_media_c1081bb8a810_img1.jpg,..\image_labeling\data\labeled\irrelevant\raw_media_fd8facbdb5da_img1.jpg,0
..\image_labeling\data\labeled\irrelevant\raw_media_c4d5b652335d_img1.jpg,..\image_labeling\data\labeled\irrelevant\raw_media_c851d72833a9_img1.jpg,0
..\image_labeling\data\labeled\irrelevant\raw_media_c59debdee4b6_img1.jpg,..\image_labeling\data\labeled\irrelevant\raw_media_f2420d9a207d_img1.jpg,0
..\image_labeling\data\labeled\irrelevant\raw_media_c5f804ad9454_img1.jpg,..\image_labeling\data\labeled\irrelevant\raw_media_d9680987efa4_img1.jpg,0
..\image_labeling\data\labeled\irrelevant\raw_media_c602f43051a0_img1.jpg,..\image_labeling\data\labeled\irrelevant\raw_media_e3e60b04cc65_img1.jpg,0
..\image_labeling\data\labeled\irrelevant\raw_media_c7befedc650b_img1.jpg,..\image_labeling\data\labeled\irrelevant\raw_media_cd4df4669378_img4.jpg,0
..\image_labeling\data\labeled\irrelevant\raw_media_c7befedc650b_img2.jpg,..\image_labeling\data\labeled\irrelevant\raw_media_cd4df4669378_img2.jpg,0
..\image_labeling\data\labeled\irrelevant\raw_media_c7befedc650b_img3.jpg,..\image_labeling\data\labeled\irrelevant\raw_media_cd4df4669378_img1.jpg,0
..\image_labeling\data\labeled\irrelevant\raw_media_c7befedc650b_img5.jpg,..\image_labeling\data\labeled\irrelevant\raw_media_cd4df4669378_img3.jpg,0
..\image_labeling\data\labeled\irrelevant\raw_media_c815a4c0adfc_img1.jpg,..\image_labeling\data\labeled\irrelevant\raw_media_c815a4c0adfc_img2.jpg,8
..\image_labeling\data\labeled\irrelevant\raw_media_c815a4c0adfc_img1.jpg,..\image_labeling\data\labeled\irrelevant\raw_media_c815a4c0adfc_img4.jpg,2
..\image_labeling\data\labeled\irrelevant\raw_media_c815a4c0adfc_img1.jpg,..\image_labeling\data\labeled\irrelevant\raw_media_c815a4c0adfc_img5.jpg,6
..\image_labeling\data\labeled\irrelevant\raw_media_c815a4c0adfc_img1.jpg,..\image_labeling\data\labeled\irrelevant\raw_media_c815a4c0adfc_img6.jpg,8
..\image_labeling\data\labeled\irrelevant\raw_media_c815a4c0adfc_img2.jpg,..\image_labeling\data\labeled\irrelevant\raw_media_c815a4c0adfc_img4.jpg,6
..\image_labeling\data\labeled\irrelevant\raw_media_c815a4c0adfc_img2.jpg,..\image_labeling\data\labeled\irrelevant\raw_media_c815a4c0adfc_img5.jpg,8
..\image_labeling\data\labeled\irrelevant\raw_media_c815a4c0adfc_img2.jpg,..\image_labeling\data\labeled\irrelevant\raw_media_c815a4c0adfc_img6.jpg,8
..\image_labeling\data\labeled\irrelevant\raw_media_c815a4c0adfc_img4.jpg,..\image_labeling\data\labeled\irrelevant\raw_media_c815a4c0adfc_img5.jpg,4
..\image_labeling\data\labeled\irrelevant\raw_media_c815a4c0adfc_img4.jpg,..\image_labeling\data\labeled\irrelevant\raw_media_c815a4c0adfc_img6.jpg,6
..\image_labeling\data\labeled\irrelevant\raw_media_c815a4c0adfc_img5.jpg,..\image_labeling\data\labeled\irrelevant\raw_media_c815a4c0adfc_img6.jpg,2
..\image_labeling\data\labeled\irrelevant\raw_media_c98ef9439568_img1.jpg,..\image_labeling\data\labeled\irrelevant\raw_media_c98ef9439568_img2.jpg,0
..\image_labeling\data\labeled\irrelevant\raw_media_cc703310d79b_img1.jpg,..\image_labeling\data\labeled\irrelevant\raw_media_fbf03a1d1a0d_img1.jpg,0
..\image_labeling\data\labeled\irrelevant\raw_media_cd80830f88c0_img2.jpg,..\image_labeling\data\labeled\irrelevant\raw_media_feca96b7aafa_img2.jpg,0
..\image_labeling\data\labeled\irrelevant\raw_media_cdf78c2a7bdb_img1.jpg,..\image_labeling\data\labeled\irrelevant\raw_media_f1981571c273_img1.jpg,0
..\image_labeling\data\labeled\irrelevant\raw_media_ce576360df85_img1.jpg,..\image_labeling\data\labeled\irrelevant\raw_media_fe7ca318ce0e_img1.jpg,8
..\image_labeling\data\labeled\irrelevant\raw_media_cf1b6db1cea6_img1.jpg,..\image_labeling\data\labeled\irrelevant\raw_media_f07e1539042a_img1.jpg,0
..\image_labeling\data\labeled\irrelevant\raw_media_cf408d18bd80_img1.jpg,..\image_labeling\data\labeled\irrelevant\raw_media_e3dd43defcf5_img1.jpg,0
..\image_labeling\data\labeled\irrelevant\raw_media_d1070afab9e4_img1.jpg,..\image_labeling\data\labeled\irrelevant\raw_media_d1070afab9e4_img2.jpg,4
..\image_labeling\data\labeled\irrelevant\raw_media_d160d1d836bc_img1.jpg,..\image_labeling\data\labeled\irrelevant\raw_media_d24a220b1618_img1.jpg,0
..\image_labeling\data\labeled\irrelevant\raw_media_d2389c37c028_img1.jpg,..\image_labeling\data\labeled\irrelevant\raw_media_f05369c171de_img1.jpg,0
..\image_labeling\data\labeled\irrelevant\raw_media_d483ef1b5deb_img1.jpg,..\image_labeling\data\labeled\irrelevant\raw_media_fde2f22b54b2_img1.jpg,0
..\image_labeling\data\labeled\irrelevant\raw_media_d4f2fce0cd32_img2.jpg,..\image_labeling\data\labeled\irrelevant\raw_media_f13ea6ef9f2e_img2.jpg,0
..\image_labeling\data\labeled\irrelevant\raw_media_d66db1758949_img1.jpg,..\image_labeling\data\labeled\irrelevant\raw_media_e4185be8d4fa_img1.jpg,0
..\image_labeling\data\labeled\irrelevant\raw_media_d68358bdbcc9_img2.jpg,..\image_labeling\data\labeled\irrelevant\raw_media_fa8e1d1a2277_img2.jpg,0
..\image_labeling\data\labeled\irrelevant\raw_media_d68358bdbcc9_img3.jpg,..\image_labeling\data\labeled\irrelevant\raw_media_fa8e1d1a2277_img3.jpg,0
..\image_labeling\data\labeled\irrelevant\raw_media_d68358bdbcc9_img4.jpg,..\image_labeling\data\labeled\irrelevant\raw_media_fa8e1d1a2277_img4.jpg,0
..\image_labeling\data\labeled\irrelevant\raw_media_d68358bdbcc9_img5.jpg,..\image_labeling\data\labeled\irrelevant\raw_media_fa8e1d1a2277_img5.jpg,0
..\image_labeling\data\labeled\irrelevant\raw_media_d68358bdbcc9_img6.jpg,..\image_labeling\data\labeled\irrelevant\raw_media_fa8e1d1a2277_img6.jpg,0
..\image_labeling\data\labeled\irrelevant\raw_media_d857d8333dfd_img2.jpg,..\image_labeling\data\labeled\irrelevant\raw_media_df0a14b369b6_img1.jpg,0
..\image_labeling\data\labeled\irrelevant\raw_media_d857d8333dfd_img3.jpg,..\image_labeling\data\labeled\irrelevant\raw_media_df0a14b369b6_img2.jpg,0
..\image_labeling\data\labeled\irrelevant\raw_media_d857d8333dfd_img4.jpg,..\image_labeling\data\labeled\irrelevant\raw_media_df0a14b369b6_img3.jpg,0
..\image_labeling\data\labeled\irrelevant\raw_media_d857d8333dfd_img5.jpg,..\image_labeling\data\labeled\irrelevant\raw_media_df0a14b369b6_img4.jpg,0
..\image_labeling\data\labeled\irrelevant\raw_media_d857d8333dfd_img6.jpg,..\image_labeling\data\labeled\irrelevant\raw_media_df0a14b369b6_img6.jpg,0
..\image_labeling\data\labeled\irrelevant\raw_media_db38b26ca633_img1.jpg,..\image_labeling\data\labeled\irrelevant\raw_media_f92d9e51f52d_img1.jpg,0
..\image_labeling\data\labeled\irrelevant\raw_media_dbe5a5007486_img1.jpg,..\image_labeling\data\labeled\irrelevant\raw_media_f9001a26872a_img1.jpg,0
..\image_labeling\data\labeled\irrelevant\raw_media_de031797d8dd_img2.jpg,..\image_labeling\data\labeled\irrelevant\raw_media_e1072b158baa_img2.jpg,0
..\image_labeling\data\labeled\irrelevant\raw_media_de59bff92619_img1.jpg,..\image_labeling\data\labeled\irrelevant\raw_media_ee26582cafd8_img1.jpg,0
..\image_labeling\data\labeled\irrelevant\raw_media_dff767c53a0d_img2.jpg,..\image_labeling\data\labeled\irrelevant\raw_media_e8bc7fc15eab_img2.jpg,0
..\image_labeling\data\labeled\irrelevant\raw_media_e0d7cbacc599_img2.jpg,..\image_labeling\data\labeled\irrelevant\raw_media_eee869eb1595_img2.jpg,0
..\image_labeling\data\labeled\irrelevant\raw_media_e0fea645cedb_img1.jpg,..\image_labeling\data\labeled\irrelevant\raw_media_e0fea645cedb_img2.jpg,0
..\image_labeling\data\labeled\irrelevant\raw_media_e539a66a4fc8_img1.jpg,..\image_labeling\data\labeled\irrelevant\raw_media_e5ed51d80258_img1.jpg,0
..\image_labeling\data\labeled\irrelevant\raw_media_e80794e9ac04_img1.jpg,..\image_labeling\data\labeled\irrelevant\raw_media_e8537e76b03f_img1.jpg,0
..\image_labeling\data\labeled\irrelevant\raw_media_ea56a9587e51_img1.jpg,..\image_labeling\data\labeled\irrelevant\raw_media_f01f350dd60e_img1.jpg,0
..\image_labeling\data\labeled\irrelevant\raw_media_ed34b8f73263_img2.jpg,..\image_labeling\data\labeled\irrelevant\raw_media_efb24e6ebf70_img1.jpg,0
..\image_labeling\data\labeled\irrelevant\raw_media_ed34b8f73263_img2.jpg,..\image_labeling\data\labeled\irrelevant\raw_media_f4121baab593_img1.jpg,0
..\image_labeling\data\labeled\irrelevant\raw_media_ed34b8f73263_img2.jpg,..\image_labeling\data\labeled\irrelevant\raw_media_fd8facbdb5da_img1.jpg,0
..\image_labeling\data\labeled\irrelevant\raw_media_ed846e23e18e_img2.jpg,..\image_labeling\data\labeled\irrelevant\raw_media_f33ce530c835_img2.jpg,0
..\image_labeling\data\labeled\irrelevant\raw_media_efb24e6ebf70_img1.jpg,..\image_labeling\data\labeled\irrelevant\raw_media_f4121baab593_img1.jpg,0
..\image_labeling\data\labeled\irrelevant\raw_media_efb24e6ebf70_img1.jpg,..\image_labeling\data\labeled\irrelevant\raw_media_fd8facbdb5da_img1.jpg,0
..\image_labeling\data\labeled\irrelevant\raw_media_f32e1f16c37b_img1.jpg,..\image_labeling\data\labeled\irrelevant\raw_media_f515f979a208_img1.jpg,0
..\image_labeling\data\labeled\irrelevant\raw_media_f4121baab593_img1.jpg,..\image_labeling\data\labeled\irrelevant\raw_media_fd8facbdb5da_img1.jpg,0
..\image_labeling\data\labeled\irrelevant\raw_media_f458253cd5b0_img1.jpg,..\image_labeling\data\labeled\irrelevant\raw_media_fa222491e5a5_img1.jpg,0
..\image_labeling\data\labeled\irrelevant\raw_media_f56a81c50c11_img1.jpg,..\image_labeling\data\labeled\irrelevant\raw_media_fc63b22da38e_img1.jpg,10
..\image_labeling\data\labeled\wrong_item\raw_media_208688e9b2fd_img2.jpg,..\image_labeling\data\labeled\wrong_item\raw_media_245855ca6f94_img2.jpg,0
..\image_labeling\data\labeled\wrong_item\raw_media_208688e9b2fd_img3.jpg,..\image_labeling\data\labeled\wrong_item\raw_media_245855ca6f94_img3.jpg,0
..\image_labeling\data\labeled\wrong_item\raw_media_208688e9b2fd_img4.jpg,..\image_labeling\data\labeled\wrong_item\raw_media_245855ca6f94_img4.jpg,0
..\image_labeling\data\labeled\wrong_item\raw_media_33d123d037ea_img1.jpg,..\image_labeling\data\labeled\wrong_item\raw_media_33d123d037ea_img2.jpg,0
